strain,sequenced,genome_length_bp,n_small_circular_contigs,n_prophages_depht,n_prophages_html,prophage_names,prophage_lengths,prophage_coords,n_defense_df,n_rm_df,rm_subtypes,df_system_types,df_subtypes,n_defense_padloc,n_rm_padloc,n_rm_dedup,total_defense_systems,assembly_type,species,subspecies,institution,country,eop_phages_tested,eop1_full_count,eop1_fraction,dcc,prophage_clusters,n_prophage_clusters,eop1_phages,eop1_count,eop_partial_phages,eop_partial_count,morphology,morphology_flag,...36,killing_phages,killing_count,killing_flag,phage_susceptible,phage_partial_infection,n_defense_islands,n_defense_island_systems,defense_island_types,defense_island_spots
GD01,TRUE,4901034,0,0,0,NA,NA,NA,5,1,RM_I,AbiAlpha|CBASS|Other_Type_IV|RM_Type_I|Wadjet,AbiAlpha|CBASS_II_Phospholipase|N6_RM_Type_I|Other_Type_IV|Wadjet_I,11,0,1,16,NA,M. abscessus,massiliense,"Great Ormond Street Hospital, London",United Kingdom,22,7,0.3182,DCC7,NA,0,BPsdel33HTH_HRM10|BPsdel33HTH_HRM-GD03|Muddy|ZoeJdel43-45|Itos|Isca_cpm1|Keshu del rep,7,NA,0,R,FALSE,TRUE,BPs|Muddy|ZoeJ,3,TRUE,TRUE,FALSE,2,2,AbiAlpha|Other_Type_IV,spot_14
GD02,TRUE,4966733,2,2,2,prophiGD02_1-1|prophiGD02_1-2,60552|41376,220319-280510|2083285-2123959,7,1,RM_I,AbiAlpha|Butters_gp57r|Hma|RM_Type_I|RosmerTA|Shedu|Wadjet,AbiAlpha|Butters_gp57r|Hma|N6_RM_Type_I|RosmerTA|Shedu|Wadjet_I,14,0,1,21,NA,M. abscessus,massiliense,"Great Ormond Street Hospital, London",United Kingdom,27,1,0.037,DCC3,IA|HN,2,Elmo_HRMmc(2)155,1,NA,0,R,FALSE,FALSE,NA,0,FALSE,FALSE,FALSE,3,5,Butters_gp57r|Hma|RM_Type_I|RosmerTA|Shedu,spot_13|spot_29|spot_34
GD03,TRUE,5007430,1,1,1,prophiGD03_1-1,54821,1176933-1230293,0,0,NA,NA,NA,10,0,0,10,NA,M. abscessus,massiliense,University of Washington,NA,32,0,0,Non-DCC,HG,1,NA,0,NA,0,S,FALSE,FALSE,NA,0,FALSE,FALSE,FALSE,0,0,NA,NA
GD04,TRUE,5118585,1,1,1,prophiGD04_4-1,60432,67864-127770,5,1,RM_I,AbiAlpha|Butters_gp57r|RM_Type_I|Wadjet,AbiAlpha|Butters_gp57r|N6_RM_Type_I|Wadjet_I,8,0,1,13,NA,M. abscessus,massiliense,Childrens Hospital Los Angeles California,USA,33,1,0.0303,DCC3,HE,1,Muddy_HRM-GD04,1,NA,0,S,FALSE,FALSE,NA,0,FALSE,TRUE,FALSE,3,3,Butters_gp57r|RM_Type_I,spot_18|spot_30|spot_46
GD05,TRUE,5352395,0,4,4,prophiGD05-1|prophiGD05-2|prophiGD05-3|prophiGD05-4,43903|60897|55492|43618,3164539-4871171|3677154-3737506|3759601-3813365|4832575-4875620,7,1,RM_IIG,AbiAlpha|Avs|CBASS|RM_Type_IIG|RosmerTA|Wadjet,AbiAlpha|Avs5|CBASS_II_Phospholipase|N6_RM_Type_IIG|RosmerTA|Wadjet_I,11,1,1,18,NA,M. abscessus,abscessus,Naval Medical Research Center /Wake Forest Baptist Health,USA,19,0,0,DCC5,HH|HD|HC|HH,3,NA,0,NA,0,R,FALSE,FALSE,NA,0,FALSE,FALSE,FALSE,4,4,Avs|CBASS|RosmerTA,spot_20|spot_3|spot_8
GD07,TRUE,4285133,0,0,0,NA,NA,NA,8,1,RM_IIG|RM_IV,AbiE|Cas|Charlie_gp32|DarTG|Esos|Phrann_gp29_gp30|RM_Type_IIG,AbiE|CAS_Class1-Subtype-III-A|Charlie_gp32|DarTG|Esos|N6_RM_Type_IIG|Phrann_gp29_gp30,18,2,2,26,NA,M. bovis,NA,"Great Ormond Street Hospital, London",United Kingdom,11,7,0.6364,NA,NA,0,Muddy|Muddy_HRM-GD04|Fionnbharthdel45del47|Fred313_cpm1|Isca_cpm1|D29|Wintermute,7,NA,0,No Morphology,FALSE,TRUE,Muddy|D29|Fionnbharth|Fred313,4,TRUE,TRUE,FALSE,0,0,NA,NA
GD08,TRUE,5188815,1,3,3,prophiGD08_1-1|prophiGD08_3-1|prophiGD08_3-2,40079|58479|52601,1473491-1512963|2700-59837|711939-764123,7,0,NA,AbiAlpha|Aristaios|CBASS|Dag|Dnd|Hna|Wadjet,AbiAlpha|Aristaios|CBASS_II_Phospholipase|Dag|Dnd_ABCDE|Hna|Wadjet_I,13,0,0,20,NA,M. abscessus,abscessus,Indiana University,USA,29,4,0.1379,DCC1,HB|HA|HF,3,BPsdel33HTH_HRM10|BPsdel33HTH_HRM-GD03|Itos|phiGD89A-1,4,GD59SF/phiGD57-1,1,R,FALSE,FALSE,NA,0,FALSE,TRUE,TRUE,3,3,CBASS|Hna|Wadjet,spot_3|spot_32
GD09,TRUE,5036009,0,0,0,NA,NA,NA,9,2,RM_I|RM_III,AbiAlpha|Armada|DRT|Dag|RM_Type_I|RM_Type_III|RloC|Thoeris|Wadjet,AbiAlpha|Armada_Type_II|DRT9|Dag|N6_N4_RM_Type_III|N6_RM_Type_I|RloC|Thoeris_VII|Wadjet_I,10,0,2,19,NA,M. abscessus,abscessus,Haga Hospital,Netherlands,32,0,0,DCC2,NA,0,NA,0,NA,0,S,FALSE,FALSE,NA,0,FALSE,FALSE,FALSE,3,5,DRT|Dag|RM_Type_III|RloC|Wadjet,NA
GD10,TRUE,5069621,1,1,1,prophiGD10_11-1,45735,145-45712,9,3,RM_I|RM_IIG,AbiAlpha|CBASS|Lamassu-Fam|Other_Type_IV|RM_Type_I|RM_Type_IIG|Wadjet,AbiAlpha|CBASS_II_Phospholipase|CBASS_I_TM|Lamassu_Cap4|N6_RM_Type_I|N6_RM_Type_IIG|Other_Type_IV|Wadjet_I,15,1,3,24,NA,M. abscessus,massiliense,UPMC Pittsburgh,NA,11,2,0.1818,DCC7,HA,1,Muddy|Muddy_HRM-GD04,2,NA,0,R,FALSE,TRUE,Muddy,1,TRUE,TRUE,FALSE,2,4,CBASS|RM_Type_I|RM_Type_IIG,spot_44
GD100A,TRUE,5132669,1,2,2,prophiGD100A-1|prophiGD100A-2,69032|50828,1753818-2638595|3884833-3935044,6,0,NA,AbiAlpha|Aristaios|CBASS|Dnd|Hna|Wadjet,AbiAlpha|Aristaios|CBASS_II_Phospholipase|Dnd_ABCDE|Hna|Wadjet_I,11,0,0,17,NA,M. abscessus,abscessus,Penn Medicine,USA,23,0,0,DCC1,HA|HC,2,NA,0,NA,0,S,FALSE,FALSE,NA,0,FALSE,FALSE,FALSE,3,3,AbiAlpha|Aristaios|CBASS,spot_3|spot_32|spot_49
GD100B,TRUE,5132669,1,2,2,prophiGD100B-1|prophiGD100B-2,69032|50828,1753818-2638595|3884833-3935044,6,0,NA,AbiAlpha|Aristaios|CBASS|Dnd|Hna|Wadjet,AbiAlpha|Aristaios|CBASS_II_Phospholipase|Dnd_ABCDE|Hna|Wadjet_I,11,0,0,17,NA,M. abscessus,abscessus,Penn Medicine,USA,23,3,0.1304,DCC1,HA|HC,2,BPsdel33HTH_HRM10|BPsdel33HTH_HRM-GD03|Itos,3,NA,0,R,FALSE,FALSE,NA,0,FALSE,TRUE,FALSE,3,3,AbiAlpha|Aristaios|CBASS,spot_3|spot_32|spot_49
GD101,NA,NA,NA,NA,NA,NA,NA,NA,NA,NA,NA,NA,NA,NA,NA,0,NA,NA,NA,NA,Mayo Clinic-Florida,NA,23,0,0,NA,NA,0,NA,0,NA,0,S,FALSE,FALSE,NA,0,FALSE,FALSE,FALSE,0,0,NA,NA
GD102,TRUE,5204934,2,2,2,prophiGD102_1-1|prophiGD102_1-2,60696|63235,160571-220147|235498-298284,8,4,RM_I|RM_IIG,AbiAlpha|Armada|RM_Type_I|RM_Type_IIG|Thoeris|Wadjet,AbiAlpha|Armada_Type_II|N6_RM_Type_I|N6_RM_Type_IIG|Thoeris_VII|Wadjet_I,10,1,3,18,NA,M. abscessus,abscessus,"University of Helsinki, Finland",Finland,23,2,0.087,DCC2,HE|HA,2,Muddy|Muddy_HRM-GD04,2,NA,0,R,FALSE,TRUE,Muddy,1,TRUE,TRUE,FALSE,4,6,Armada|RM_Type_I|RM_Type_IIG|Thoeris,spot_22|spot_49|spot_9
GD103,TRUE,5129349,1,0,0,NA,NA,NA,9,4,RM_I|RM_IIG,AbiAlpha|Armada|RM_Type_I|RM_Type_IIG|RloC|Thoeris|Wadjet,AbiAlpha|Armada_Type_II|N6_RM_Type_I|N6_RM_Type_IIG|RloC|Thoeris_VII|Wadjet_I,11,1,3,20,NA,M. abscessus,abscessus,"Alberta Health Services, Canada",NA,25,0,0,DCC2,NA,0,NA,0,NA,0,R,FALSE,FALSE,NA,0,FALSE,FALSE,FALSE,3,5,Armada|RM_Type_IIG|Thoeris,spot_22|spot_54
GD104,TRUE,5097912,0,2,2,prophiGD104_1-1|prophiGD104_14-1,49566|59370,1019654-1068700|180-59314,8,2,RM_I|RM_IIG,AbiAlpha|CBASS|Dag|Lamassu-Fam|Other_Type_IV|RM_Type_I|RM_Type_IIG|Wadjet,AbiAlpha|CBASS_II_Phospholipase|Dag|Lamassu_Cap4|N6_RM_Type_I|N6_RM_Type_IIG|Other_Type_IV|Wadjet_I,13,0,2,21,NA,M. abscessus,massiliense,"Knoxville, TN",USA,25,0,0,DCC7,HC|HA,2,NA,0,BPsdel33HTH_HRM10|BPsdel33HTH_HRM-GD03,2,R,FALSE,FALSE,NA,0,FALSE,FALSE,TRUE,2,2,Lamassu-Fam|RM_Type_I,spot_7
GD105,TRUE,5193504,1,1,1,prophiGD105_4-1,53957,244116-297666,9,0,NA,AbiAlpha|Aristaios|CBASS|DarTG|Dnd|Hna|VP1853|Wadjet,AbiAlpha|Aristaios|CBASS_II_Phospholipase|DarTG|Dnd_ABCDE|Hna|VP1853|Wadjet_I,12,0,0,21,NA,M. abscessus,abscessus,"Tampa, FL",USA,25,0,0,DCC1,HA,1,NA,0,NA,0,R,FALSE,FALSE,NA,0,FALSE,FALSE,FALSE,4,4,AbiAlpha|CBASS|DarTG|VP1853,spot_3
GD106,TRUE,5298299,1,1,1,prophiGD106_1-1,42651,49252-91760,13,4,RM_IIG,AbiAlpha|Armada|BREX|Cas|DRT|PD-T7-2|RM_Type_IIG|RloC|VP1853|Wadjet,AbiAlpha|Armada_Type_II|BREX_I|CAS_Class1-Subtype-IV-B|DRT9|N6_RM_Type_IIG|PD-T7-2|RloC|VP1853|Wadjet_I,22,3,3,35,NA,M. abscessus,abscessus,"Johns Hopkins, MD",USA,25,0,0,Non-DCC,HN,1,NA,0,NA,0,S,FALSE,FALSE,NA,0,FALSE,FALSE,FALSE,2,3,Cas|RM_Type_IIG,spot_56
GD107,NA,NA,NA,NA,NA,NA,NA,NA,NA,NA,NA,NA,NA,NA,NA,0,NA,NA,NA,NA,University of Kansas Hospital,USA,NA,NA,NA,NA,NA,0,NA,0,NA,0,No Morphology,FALSE,FALSE,NA,0,FALSE,TRUE,FALSE,0,0,NA,NA
GD108A,TRUE,5051872,1,1,1,prophiGD108A_1-1,42651,498476-540984,10,2,RM_IIG,AbiAlpha|Armada|BREX|DRT|PD-T7-2|RM_Type_IIG|RloC|VP1853|Wadjet,AbiAlpha|Armada_Type_II|BREX_I|DRT9|N6_RM_Type_IIG|PD-T7-2|RloC|VP1853|Wadjet_I,15,1,1,25,NA,M. abscessus,abscessus,"UT Southwest Medical, Dallas, Texas",NA,25,0,0,Non-DCC,HN,1,NA,0,NA,0,S,FALSE,NA,NA,NA,NA,NA,FALSE,4,6,AbiAlpha|Armada|PD-T7-2|RM_Type_IIG,spot_22|spot_26|spot_32
GD108B,TRUE,5052200,1,1,1,prophiGD108B_2-1,42651,71335-113843,10,2,RM_IIG,AbiAlpha|Armada|BREX|DRT|PD-T7-2|RM_Type_IIG|RloC|VP1853|Wadjet,AbiAlpha|Armada_Type_II|BREX_I|DRT9|N6_RM_Type_IIG|PD-T7-2|RloC|VP1853|Wadjet_I,9,0,1,19,NA,M. abscessus,abscessus,"UT Southwest Medical, Dallas, Texas",NA,25,0,0,Non-DCC,HN,1,NA,0,Faith1|Faith1GD69|Gabriela,3,S,FALSE,NA,NA,NA,NA,NA,TRUE,0,0,NA,NA
GD109,NA,NA,NA,NA,NA,NA,NA,NA,NA,NA,NA,NA,NA,NA,NA,0,NA,NA,NA,NA,Saint Joseph Hospital,USA,25,0,0,NA,NA,0,NA,0,NA,0,No Morphology,FALSE,FALSE,NA,0,NA,NA,FALSE,0,0,NA,NA
GD11,TRUE,5032372,1,3,3,prophiGD11_1-1|prophiGD11_1-2|prophiGD11_3-1,62235|54740|39959,526713-588499|1269095-1323418|489621-528973,6,0,NA,AbiAlpha|Aristaios|CBASS|Dnd|Hna|Wadjet,AbiAlpha|Aristaios|CBASS_II_Phospholipase|Dnd_ABCDE|Hna|Wadjet_I,11,0,0,17,NA,M. abscessus,abscessus,UPMC Pittsburgh,NA,11,0,0,DCC1,HA|HF|HB,3,NA,0,BPsdel33HTH_HRM10|BPsdel33HTH_HRM-GD03,2,R,FALSE,FALSE,NA,0,FALSE,TRUE,TRUE,3,3,Aristaios|CBASS|Wadjet,spot_3|spot_49
GD110,TRUE,4292141,0,0,0,NA,NA,NA,8,1,RM_IIG|RM_IV,AbiE|Cas|Charlie_gp32|DarTG|Esos|Phrann_gp29_gp30|RM_Type_IIG,AbiE|CAS_Class1-Subtype-III-A|Charlie_gp32|DarTG|Esos|N6_RM_Type_IIG|Phrann_gp29_gp30,18,2,2,26,NA,M. bovis,NA,Great Ormond Street Hospital,NA,NA,NA,NA,NA,NA,0,NA,0,NA,0,No Morphology,FALSE,TRUE,Muddy|D29|Fionnbharth|Fred313,4,TRUE,TRUE,FALSE,0,0,NA,NA
GD111,TRUE,5119720,0,1,1,prophiGD111-1,60432,1673636-1733680,5,1,RM_I,AbiAlpha|Butters_gp57r|RM_Type_I|Wadjet,AbiAlpha|Butters_gp57r|N6_RM_Type_I|Wadjet_I,7,0,1,12,NA,M. abscessus,massiliense,Advocate Aurora Health,USA,25,1,0.04,DCC3,HE,1,Muddy_HRM-GD04,1,Muddy,1,R,FALSE,TRUE,Muddy,1,TRUE,TRUE,TRUE,1,1,Butters_gp57r,spot_46
GD112,NA,NA,NA,NA,NA,NA,NA,NA,NA,NA,NA,NA,NA,NA,NA,0,NA,NA,NA,NA,"UT Southwest Medical, Dallas, Texas",NA,25,0,0,NA,NA,0,NA,0,NA,0,R,FALSE,FALSE,NA,0,FALSE,FALSE,FALSE,0,0,NA,NA
GD113A,TRUE,5121854,1,2,2,prophiGD113A-1|prophiGD113A-2,60012|47277,2963068-3022631|4007535-4054280,6,0,NA,AbiAlpha|Aristaios|CBASS|Dnd|Hna|Wadjet,AbiAlpha|Aristaios|CBASS_II_Phospholipase|Dnd_ABCDE|Hna|Wadjet_I,11,0,0,17,NA,M. abscessus,abscessus,"Barcelona, Spain",NA,25,3,0.12,DCC1,HA|HC,2,BPsdel33HTH_HRM10|BPsdel33HTH_HRM-GD03|phiGD89A-1,3,phiGD21-2,1,R,FALSE,NA,NA,NA,NA,NA,TRUE,1,1,AbiAlpha,spot_32
GD113B,TRUE,5122852,0,2,2,prophiGD113B_1-1|prophiGD113B_3-1,60012|30856,1212556-1272119|770643-800346,6,0,NA,AbiAlpha|Aristaios|CBASS|Dnd|Hna|Wadjet,AbiAlpha|Aristaios|CBASS_II_Phospholipase|Dnd_ABCDE|Hna|Wadjet_I,7,0,0,13,NA,M. abscessus,abscessus,"Barcelona, Spain",NA,25,5,0.2,DCC1,HA|HC,2,BPsdel33HTH_HRM10|BPsdel33HTH_HRM-GD03|D29_HRM_GD40|phiGD89A-1|D29,5,Itos|phiGD21-1|phiGD21-2,3,R,FALSE,NA,NA,NA,NA,NA,TRUE,3,3,Aristaios|CBASS|Hna,spot_3|spot_32|spot_49
GD114,TRUE,5397233,0,4,4,prophiGD114-1|prophiGD114-2|prophiGD114-3|prophiGD114-4,108027|61599|42374|49566,1494623-2123721|2062441-2123721|3358831-4372215|4366285-4415703,6,1,RM_IIG,AbiAlpha|CBASS|Dag|RM_Type_IIG|RosmerTA|Wadjet,AbiAlpha|CBASS_II_Phospholipase|Dag|N6_RM_Type_IIG|RosmerTA|Wadjet_I,11,1,1,17,NA,M. abscessus,abscessus,"British Columbia CDC, Canada",NA,25,2,0.08,DCC4,HA|HA|HH|HC,3,BPsdel33HTH_HRM10|BPsdel33HTH_HRM-GD03,2,Fionnbharthdel45del47,1,R,FALSE,FALSE,NA,0,FALSE,TRUE,TRUE,5,5,AbiAlpha|CBASS|Dag|RM_Type_IIG|RosmerTA,spot_19|spot_3|spot_66|spot_69
GD115,TRUE,4789532,0,0,0,NA,NA,NA,4,2,RM_I|RM_IIG,AbiAlpha|RM_Type_I|RM_Type_IIG|Wadjet,AbiAlpha|N6_RM_Type_I|N6_RM_Type_IIG|Wadjet_I,9,1,2,13,NA,M. abscessus,massiliense,Oregon Health and Science University healthcare,USA,25,3,0.12,DCC3,NA,0,Itos|Faith1|Faith1GD69,3,NA,0,R,FALSE,FALSE,NA,0,FALSE,TRUE,FALSE,1,1,RM_Type_I,NA
GD116,TRUE,5103832,0,2,2,prophiGD116_1-1|prophiGD116_2-1,63152|54460,767110-829809|467651-521606,6,0,NA,AbiAlpha|Aristaios|CBASS|Dnd|Hna|Wadjet,AbiAlpha|Aristaios|CBASS_II_Phospholipase|Dnd_ABCDE|Hna|Wadjet_I,12,0,0,18,NA,M. abscessus,abscessus,National Jewish Health,NA,25,8,0.32,DCC1,HA|HD,2,Itos|D29_HRM_GD40|phiGD89A-1|phiGD21-1|Faith1|Faith1GD69|Gabriela|phiGD21-2,8,BPsdel33HTH_HRM10|BPsdel33HTH_HRM-GD03,2,R,FALSE,TRUE,BPs|D29,2,TRUE,TRUE,TRUE,5,5,AbiAlpha|Aristaios|CBASS|Dnd|Hna,spot_3|spot_34|spot_35|spot_49
GD117,TRUE,5100361,0,2,2,prophiGD117_1-1|prophiGD117_7-1,54460|34445,366599-420554|334456-368021,6,0,NA,AbiAlpha|Aristaios|CBASS|Dnd|Hna|Wadjet,AbiAlpha|Aristaios|CBASS_II_Phospholipase|Dnd_ABCDE|Hna|Wadjet_I,12,0,0,18,NA,M. abscessus,abscessus,National Jewish Health,NA,26,3,0.1154,DCC1,HD|HA,2,phiGD89A-1|D29_HRM_GD150|phiGD21-2,3,BPsdel33HTH_HRM10|BPsdel33HTH_HRM-GD03|Itos|phiGD57-1|GD59SF/phiGD57-1|Faith1|Faith1GD69|Gabriela,8,No Morphology,FALSE,FALSE,NA,0,FALSE,FALSE,TRUE,2,2,Dnd|Hna,spot_32|spot_34
GD118,TRUE,5044328,0,1,1,prophiGD118_1-1,60432,264559-324603,5,1,RM_I,AbiAlpha|Butters_gp57r|RM_Type_I|Wadjet,AbiAlpha|Butters_gp57r|N6_RM_Type_I|Wadjet_I,8,0,1,13,NA,M. abscessus,massiliense,National Jewish Health,NA,25,2,0.08,DCC3,HE,1,Muddy|Muddy_HRM-GD04,2,NA,0,R,FALSE,TRUE,Muddy,1,TRUE,TRUE,FALSE,3,3,AbiAlpha|Butters_gp57r|Wadjet,spot_36|spot_46
GD119,NA,NA,NA,NA,NA,NA,NA,NA,NA,NA,NA,NA,NA,NA,NA,0,NA,NA,NA,NA,"Mt. Sinai hospital, NY",USA,25,1,0.04,NA,NA,0,Fred313_cpm1,1,NA,0,No Morphology,FALSE,FALSE,NA,0,FALSE,TRUE,FALSE,0,0,NA,NA
GD12,TRUE,5098019,0,2,2,prophiGD12_27-1|prophiGD12_4-1,34445|54460,14925-48861|239627-293582,6,0,NA,AbiAlpha|Aristaios|CBASS|Dnd|Hna|Wadjet,AbiAlpha|Aristaios|CBASS_I_Phospholipase|Dnd_ABCDE|Hna|Wadjet_I,12,0,0,18,NA,M. abscessus,abscessus,UPMC Pittsburgh,NA,19,6,0.3158,DCC1,HA|HD,2,BPsdel33HTH_HRM10|Muddy_HRM-GD04|phiGD57-1|phiGD89A-1|phiGD21-1|GD59SF/phiGD57-1,6,Muddy,1,R,FALSE,FALSE,NA,0,FALSE,TRUE,TRUE,3,3,Aristaios|CBASS|Hna,spot_32
GD120,TRUE,5136631,1,1,1,prophiGD120_1-1,51351,771510-822713,6,0,NA,AbiAlpha|Aristaios|CBASS|Dnd|Hna|Wadjet,AbiAlpha|Aristaios|CBASS_II_Phospholipase|Dnd_ABCDE|Hna|Wadjet_I,11,0,0,17,NA,M. abscessus,abscessus,Children’s Hospital of Philadelphia,USA,25,0,0,DCC1,HC,1,NA,0,NA,0,S,FALSE,FALSE,NA,0,FALSE,FALSE,FALSE,4,4,Aristaios|CBASS|Hna|Wadjet,spot_3|spot_32
GD121,NA,NA,NA,NA,NA,NA,NA,NA,NA,NA,NA,NA,NA,NA,NA,0,NA,NA,NA,NA,The Children’s Hospital at Westmead,Australia,25,0,0,NA,NA,0,NA,0,NA,0,R,FALSE,FALSE,NA,0,FALSE,FALSE,FALSE,0,0,NA,NA
GD121A,TRUE,5216536,0,3,3,prophiGD121A_2-1|prophiGD121A_3-1|prophiGD121A_9-1,25294|56881|36555,771721-795932|261249-316485|2095-38495,8,2,RM_II|RM_III,AbiAlpha|AbiD|Aristaios|Dnd|Hna|RM_Type_II|RM_Type_III|Wadjet,AbiAlpha|AbiD|Aristaios|Dnd_ABCDE|Hna|N6_N4_RM_Type_III|N6_RM_Type_II_PDDEXK|Wadjet_I,12,1,2,20,NA,M. abscessus,abscessus,The Children’s Hospital at Westmead,Australia,25,0,0,DCC1,HH|HG|HC,3,NA,0,NA,0,R,FALSE,NA,NA,NA,NA,NA,FALSE,4,4,AbiAlpha|Aristaios|Hna|Wadjet,spot_32|spot_38|spot_49
GD121B,NA,NA,NA,NA,NA,NA,NA,NA,NA,NA,NA,NA,NA,NA,NA,0,NA,NA,NA,NA,The Children’s Hospital at Westmead,Australia,25,0,0,NA,NA,0,NA,0,NA,0,R,FALSE,NA,NA,NA,NA,NA,FALSE,0,0,NA,NA
GD122,NA,NA,NA,NA,NA,NA,NA,NA,NA,NA,NA,NA,NA,NA,NA,0,NA,NA,NA,NA,Saskatchewan Health Authority,Canada,25,0,0,NA,NA,0,NA,0,NA,0,No Morphology,FALSE,FALSE,NA,0,FALSE,FALSE,FALSE,0,0,NA,NA
GD123,TRUE,5113255,0,1,1,prophiGD123-1,40551,447988-487932,4,0,NA,AbiAlpha|Butters_gp57r|Menshen|Wadjet,AbiAlpha|Butters_gp57r|Menshen|Wadjet_I,7,0,0,11,NA,M. abscessus,abscessus,The Children’s Hospital at Westmead,Australia,25,15,0.6,DCC4,HB,1,BPsdel33HTH_HRM10|BPsdel33HTH_HRM-GD03|Muddy|Muddy_HRM-GD04|ZoeJdel43-45|Fionnbharthdel45del47|CrimD del del|Adephagiadel43del45|D29_HRM_GD40|Fred313_cpm1|Isca_cpm1|phiGD89A-1|Elmo_HRMmc(2)155|MissWhite|Mufasa,15,phiGD57-1|GD59SF/phiGD57-1|D29,3,R,FALSE,TRUE,BPs|Muddy,2,TRUE,TRUE,TRUE,0,0,NA,NA
GD124,NA,NA,NA,NA,NA,NA,NA,NA,NA,NA,NA,NA,NA,NA,NA,0,NA,NA,NA,NA,Virginia Commonwealth University Health Health,USA,25,0,0,NA,NA,0,NA,0,ZoeJdel43-45,1,No Morphology,FALSE,FALSE,NA,0,FALSE,TRUE,TRUE,0,0,NA,NA
GD125,NA,NA,NA,NA,NA,NA,NA,NA,NA,NA,NA,NA,NA,NA,NA,0,NA,NA,NA,NA,The Children’s Hospital at Westmead,Australia,25,2,0.08,NA,NA,0,Muddy|Muddy_HRM-GD04,2,Fred313_cpm1|Isca_cpm1|phiGD21-1|Elmo_HRMmc(2)155,4,S,FALSE,FALSE,NA,0,FALSE,TRUE,TRUE,0,0,NA,NA
GD126,NA,NA,NA,NA,NA,NA,NA,NA,NA,NA,NA,NA,NA,NA,NA,0,NA,NA,NA,NA,The Children’s Hospital at Westmead,Australia,25,2,0.08,NA,NA,0,Muddy|Muddy_HRM-GD04,2,Fred313_cpm1|Isca_cpm1|phiGD21-1|Elmo_HRMmc(2)155,4,S,FALSE,FALSE,NA,0,FALSE,TRUE,TRUE,0,0,NA,NA
GD127,TRUE,4916894,0,1,1,prophiGD127_3-1,54941,759174-813983,6,1,RM_III,AbiAlpha|CBASS|RM_Type_III|RloC|RosmerTA|Wadjet,AbiAlpha|CBASS_II_Phospholipase|N6_N4_RM_Type_III|RloC|RosmerTA|Wadjet_I,12,1,1,18,NA,M. abscessus,abscessus,The Children’s Hospital at Westmead,Australia,25,2,0.08,DCC4,A1,1,Muddy|Muddy_HRM-GD04,2,Fred313_cpm1|Isca_cpm1|phiGD21-1|Elmo_HRMmc(2)155,4,S,FALSE,FALSE,NA,0,FALSE,TRUE,TRUE,3,3,CBASS|RosmerTA|Wadjet,spot_3|spot_66
GD128,NA,NA,NA,NA,NA,NA,NA,NA,NA,NA,NA,NA,NA,NA,NA,0,NA,NA,NA,NA,The Children’s Hospital at Westmead,Australia,25,2,0.08,NA,NA,0,Muddy|Muddy_HRM-GD04,2,Fred313_cpm1|Isca_cpm1|phiGD21-1|Elmo_HRMmc(2)155,4,S,FALSE,FALSE,NA,0,FALSE,TRUE,TRUE,0,0,NA,NA
GD129,NA,NA,NA,NA,NA,NA,NA,NA,NA,NA,NA,NA,NA,NA,NA,0,NA,NA,NA,NA,The Children’s Hospital at Westmead,Australia,25,2,0.08,NA,NA,0,Muddy|Muddy_HRM-GD04,2,Fred313_cpm1|Isca_cpm1|phiGD21-1|Elmo_HRMmc(2)155,4,S,FALSE,FALSE,NA,0,FALSE,TRUE,TRUE,0,0,NA,NA
GD13,TRUE,5141538,2,2,2,prophiGD13_1-1|prophiGD13_5-1,51351|58479,357893-409096|292385-349522,7,0,NA,AbiAlpha|Aristaios|CBASS|Dag|Dnd|Hna|Wadjet,AbiAlpha|Aristaios|CBASS_II_Phospholipase|Dag|Dnd_ABCDE|Hna|Wadjet_I,14,0,0,21,NA,M. abscessus,abscessus,UPMC Pittsburgh,NA,11,0,0,DCC1,HC|HA,2,NA,0,NA,0,R,FALSE,FALSE,NA,0,FALSE,FALSE,FALSE,3,3,AbiAlpha|CBASS|Dag,spot_0|spot_3
GD130,NA,NA,NA,NA,NA,NA,NA,NA,NA,NA,NA,NA,NA,NA,NA,0,NA,NA,NA,NA,The Children’s Hospital at Westmead,Australia,25,2,0.08,NA,NA,0,Muddy|Muddy_HRM-GD04,2,Fred313_cpm1|Isca_cpm1|phiGD21-1|Elmo_HRMmc(2)155,4,S,FALSE,FALSE,NA,0,FALSE,TRUE,TRUE,0,0,NA,NA
GD131,NA,NA,NA,NA,NA,NA,NA,NA,NA,NA,NA,NA,NA,NA,NA,0,NA,NA,NA,NA,The Children’s Hospital at Westmead,Australia,25,2,0.08,NA,NA,0,Muddy|Muddy_HRM-GD04,2,Fred313_cpm1|Isca_cpm1|phiGD21-1|Elmo_HRMmc(2)155,4,S,FALSE,FALSE,NA,0,FALSE,TRUE,TRUE,0,0,NA,NA
GD132,TRUE,5092707,0,1,1,prophiGD132_9-1,55534,51727-106890,7,3,RM_I|RM_IIG,AbiAlpha|Armada|RM_Type_I|RM_Type_IIG|Thoeris|Wadjet,AbiAlpha|Armada_Type_II|N6_RM_Type_I|N6_RM_Type_IIG|Thoeris_VII|Wadjet_I,9,1,2,16,NA,M. abscessus,abscessus,The Children’s Hospital at Westmead,Australia,25,2,0.08,DCC2,IC,1,Muddy|Muddy_HRM-GD04,2,BPsdel33HTH_HRM10|BPsdel33HTH_HRM-GD03,2,S,FALSE,FALSE,NA,0,FALSE,TRUE,TRUE,2,2,Armada|RM_Type_I,spot_53|spot_9
GD133,TRUE,5104649,0,1,1,prophiGD133-1,55534,3587991-3643154,7,3,RM_I|RM_IIG,AbiAlpha|Armada|RM_Type_I|RM_Type_IIG|Thoeris|Wadjet,AbiAlpha|Armada_Type_II|N6_RM_Type_I|N6_RM_Type_IIG|Thoeris_VII|Wadjet_I,10,1,2,17,NA,M. abscessus,abscessus,The Children’s Hospital at Westmead,Australia,25,2,0.08,DCC2,IC,1,Muddy|Muddy_HRM-GD04,2,BPsdel33HTH_HRM10|BPsdel33HTH_HRM-GD03,2,No Morphology,FALSE,FALSE,NA,0,FALSE,TRUE,TRUE,1,1,Thoeris,NA
GD134,TRUE,4911912,0,1,1,prophiGD134_9-1,54941,109717-164508,6,1,RM_III,AbiAlpha|CBASS|RM_Type_III|RloC|RosmerTA|Wadjet,AbiAlpha|CBASS_II_Phospholipase|N6_N4_RM_Type_III|RloC|RosmerTA|Wadjet_I,12,1,1,18,NA,M. abscessus,abscessus,The Children’s Hospital at Westmead,Australia,25,2,0.08,DCC4,A1,1,Muddy|Muddy_HRM-GD04,2,Fred313_cpm1|Isca_cpm1|phiGD21-1|Elmo_HRMmc(2)155,4,No Morphology,FALSE,FALSE,NA,0,FALSE,TRUE,TRUE,1,1,RM_Type_III,spot_55
GD135,NA,NA,NA,NA,NA,NA,NA,NA,NA,NA,NA,NA,NA,NA,NA,0,NA,NA,NA,NA,Public Health Ontario,NA,32,0,0,NA,NA,0,NA,0,Muddy,1,No Morphology,TRUE,FALSE,NA,0,FALSE,TRUE,TRUE,0,0,NA,NA
GD136,NA,NA,NA,NA,NA,NA,NA,NA,NA,NA,NA,NA,NA,NA,NA,0,NA,NA,NA,NA,"Royal Brompton Hospital, UK",NA,32,0,0,NA,NA,0,NA,0,NA,0,No Morphology,FALSE,FALSE,NA,0,FALSE,FALSE,FALSE,0,0,NA,NA
GD137,TRUE,5323525,1,3,3,prophiGD137_5-1|prophiGD137_9-1|prophiGD137_9-2,54922|47085|60912,78625-133214|7780-54577|68587-129050,9,4,RM_I|RM_IIG,AbiAlpha|Armada|RM_Type_I|RM_Type_IIG|RloC|Thoeris|Wadjet,AbiAlpha|Armada_Type_II|N6_RM_Type_I|N6_RM_Type_IIG|RloC|Thoeris_VII|Wadjet_I,11,1,3,20,NA,M. abscessus,abscessus,"Royal Brompton Hospital, UK",NA,25,2,0.08,DCC2,HG|HE|HA,3,Muddy|Muddy_HRM-GD04,2,NA,0,R,FALSE,TRUE,Muddy,1,TRUE,TRUE,FALSE,2,2,RM_Type_I|Thoeris,spot_49|spot_9
GD138,TRUE,4933770,0,1,1,prophiGD138_3-1,77153,657287-731469,6,0,NA,AbiAlpha|AbiE|Dag|PhiR47_GevAT|VP1853|Wadjet,AbiAlpha|AbiE|Dag|PhiR47_GevAT|VP1853|Wadjet_I,9,0,0,15,NA,M. abscessus,abscessus,"Royal Brompton Hospital, UK",NA,25,4,0.16,DCC4,M,1,Itos|D29_HRM_GD40|Faith1|Faith1GD69,4,CrimD del del|D29,2,S,FALSE,FALSE,NA,0,FALSE,TRUE,TRUE,2,2,AbiE|Wadjet,NA
GD139,TRUE,5277343,2,3,3,prophiGD139_10-1|prophiGD139_15-1|prophiGD139_15-2,54412|63199|47085,69469-123405|14719-77469|91479-138276,9,4,RM_I|RM_IIG,AbiAlpha|Armada|RM_Type_I|RM_Type_IIG|RloC|Thoeris|Wadjet,AbiAlpha|Armada_Type_II|N6_RM_Type_I|N6_RM_Type_IIG|RloC|Thoeris_VII|Wadjet_I,11,1,3,20,NA,M. abscessus,abscessus,"Royal Brompton Hospital, UK",NA,25,2,0.08,DCC2,HG|HA|HE,3,Muddy|Muddy_HRM-GD04,2,NA,0,R,FALSE,TRUE,Muddy,1,TRUE,TRUE,FALSE,4,4,RM_Type_I|RM_Type_IIG|RloC|Wadjet,spot_22|spot_23|spot_9
GD14,TRUE,5024103,0,2,2,prophiGD14_1-1|prophiGD14_11-1,54460|65029,714967-768922|128510-193226,6,0,NA,AbiAlpha|Aristaios|CBASS|Dnd|Hna|Wadjet,AbiAlpha|Aristaios|CBASS_II_Phospholipase|Dnd_ABCDE|Hna|Wadjet_I,12,0,0,18,NA,M. abscessus,abscessus,UPMC Pittsburgh,NA,19,2,0.1053,DCC1,HD|HA,2,phiGD89A-1|phiGD21-1,2,GD59SF/phiGD57-1,1,R,FALSE,FALSE,NA,0,FALSE,FALSE,TRUE,4,4,AbiAlpha|Aristaios|CBASS|Wadjet,spot_3|spot_32
GD140,NA,NA,NA,NA,NA,NA,NA,NA,NA,NA,NA,NA,NA,NA,NA,0,NA,NA,NA,NA,St. George's University of London,NA,NA,NA,NA,NA,NA,0,NA,0,NA,0,R,FALSE,FALSE,NA,0,FALSE,FALSE,FALSE,0,0,NA,NA
GD141,NA,NA,NA,NA,NA,NA,NA,NA,NA,NA,NA,NA,NA,NA,NA,0,NA,NA,NA,NA,St. George's University of London,NA,NA,NA,NA,NA,NA,0,NA,0,NA,0,R,FALSE,FALSE,NA,0,FALSE,FALSE,FALSE,0,0,NA,NA
GD142,NA,NA,NA,NA,NA,NA,NA,NA,NA,NA,NA,NA,NA,NA,NA,0,NA,NA,NA,NA,St. George's University of London,NA,NA,NA,NA,NA,NA,0,NA,0,NA,0,R,FALSE,FALSE,NA,0,FALSE,TRUE,FALSE,0,0,NA,NA
GD143,NA,NA,NA,NA,NA,NA,NA,NA,NA,NA,NA,NA,NA,NA,NA,0,NA,NA,NA,NA,St. George's University of London,NA,NA,NA,NA,NA,NA,0,NA,0,NA,0,R,FALSE,FALSE,NA,0,FALSE,TRUE,FALSE,0,0,NA,NA
GD144,NA,NA,NA,NA,NA,NA,NA,NA,NA,NA,NA,NA,NA,NA,NA,0,NA,NA,NA,NA,St. George's University of London,NA,NA,NA,NA,NA,NA,0,NA,0,NA,0,R,FALSE,FALSE,NA,0,FALSE,FALSE,FALSE,0,0,NA,NA
GD145,NA,NA,NA,NA,NA,NA,NA,NA,NA,NA,NA,NA,NA,NA,NA,0,NA,NA,NA,NA,University College London Hospitals,NA,32,0,0,NA,NA,0,NA,0,NA,0,R,FALSE,FALSE,NA,0,FALSE,FALSE,FALSE,0,0,NA,NA
GD146,NA,NA,NA,NA,NA,NA,NA,NA,NA,NA,NA,NA,NA,NA,NA,0,NA,NA,NA,NA,University College London Hospitals,NA,32,2,0.0625,NA,NA,0,Muddy|Muddy_HRM-GD04,2,NA,0,No Morphology,FALSE,FALSE,NA,0,FALSE,TRUE,FALSE,0,0,NA,NA
GD147A,TRUE,5132714,0,0,0,NA,NA,NA,7,1,RM_IIG,AbiAlpha|Aristaios|Dag|Dnd|Hna|RM_Type_IIG|Wadjet,AbiAlpha|Aristaios|Dag|Dnd_ABCDE|Hna|N6_RM_Type_IIG|Wadjet_I,12,0,1,19,NA,M. abscessus,abscessus,University College London Hospitals,NA,31,0,0,DCC1,NA,0,NA,0,Itos|Faith1|Faith1GD69,3,S,FALSE,NA,NA,NA,NA,NA,TRUE,3,4,AbiAlpha|Dag|Dnd|RM_Type_IIG,spot_15|spot_34
GD147B,TRUE,5132831,0,0,0,NA,NA,NA,7,1,RM_IIG,AbiAlpha|Aristaios|Dag|Dnd|Hna|RM_Type_IIG|Wadjet,AbiAlpha|Aristaios|Dag|Dnd_ABCDE|Hna|N6_RM_Type_IIG|Wadjet_I,12,0,1,19,NA,M. abscessus,abscessus,University College London Hospitals,NA,32,0,0,DCC1,NA,0,NA,0,Itos|Faith1|Faith1GD69,3,S,FALSE,NA,NA,NA,NA,NA,TRUE,3,4,AbiAlpha|Aristaios|Dnd|Hna,NA
GD148,TRUE,5134890,0,0,0,NA,NA,NA,7,1,RM_IIG,AbiAlpha|Aristaios|Dag|Dnd|Hna|RM_Type_IIG|Wadjet,AbiAlpha|Aristaios|Dag|Dnd_ABCDE|Hna|N6_RM_Type_IIG|Wadjet_I,12,0,1,19,NA,M. abscessus,abscessus,"Boston, MA",NA,32,0,0,DCC1,NA,0,NA,0,Muddy|Muddy_HRM-GD04,2,R,FALSE,FALSE,NA,0,FALSE,TRUE,TRUE,2,3,AbiAlpha|Dag|RM_Type_IIG,spot_15
GD149,TRUE,4905791,0,1,1,prophiGD149_4-1,44221,67736-111817,7,1,RM_II,AbiAlpha|CBASS|DpnI|McrBC|Other_Type_IV|RM_Type_II|Wadjet,AbiAlpha|CBASS_II_Phospholipase|DpnI|McrBC|N6_N4_RM_Type_II_HATPase|Other_Type_IV|Wadjet_I,7,0,1,14,NA,M. abscessus,massiliense,"Cincinnati Children's Hospital, OH",USA,32,2,0.0625,Non-DCC,HH,1,Muddy|Muddy_HRM-GD04,2,phiGD57-1,1,R,FALSE,FALSE,NA,0,FALSE,TRUE,TRUE,2,4,CBASS|DpnI|McrBC|RM_Type_II,spot_39
GD15,TRUE,5068576,0,1,1,prophiGD15_4-1,70587,292354-362488,7,0,NA,AbiAlpha|Aristaios|CBASS|Dnd|Hna|SEFIR|Wadjet,AbiAlpha|Aristaios|CBASS_II_Phospholipase|Dnd_ABCDE|Hna|SEFIR|Wadjet_I,12,0,0,19,NA,M. abscessus,abscessus,UPMC Pittsburgh,NA,19,3,0.1579,DCC1,HA,1,BPsdel33HTH_HRM10|BPsdel33HTH_HRM-GD03|phiGD89A-1,3,phiGD22-1|GD59SF/phiGD57-1,2,R,FALSE,FALSE,NA,0,FALSE,TRUE,TRUE,3,3,AbiAlpha|Aristaios|Wadjet,spot_32|spot_49
GD150A,TRUE,5322799,0,2,2,prophiGD150A_13-1|prophiGD150A_7-1,50634|64749,17831-66680|193447-257087,6,0,NA,AbiAlpha|Aristaios|CBASS|Dnd|Hna|Wadjet,AbiAlpha|Aristaios|CBASS_II_Phospholipase|Dnd_ABCDE|Hna|Wadjet_I,11,0,0,17,NA,M. abscessus,abscessus,Brody School of Medicine at East Carolina University,NA,32,3,0.0938,DCC1,A1|HA,2,BPsdel33HTH_HRM10|BPsdel33HTH_HRM-GD03|D29_HRM_GD40,3,Itos|phiGD57-1|phiGD17-1|phiGD89A-1|phiGD34-2|phiGD21-1|GD59SF/phiGD57-1|Faith1|Faith1GD69,9,R,FALSE,NA,NA,NA,NA,NA,TRUE,2,2,Hna|Wadjet,spot_32|spot_59
GD150B,TRUE,5336534,0,2,2,prophiGD150B_2-1|prophiGD150B_2-2,50634|68360,1532290-1581139|1799870-1867781,6,0,NA,AbiAlpha|Aristaios|CBASS|Dnd|Hna|Wadjet,AbiAlpha|Aristaios|CBASS_II_Phospholipase|Dnd_ABCDE|Hna|Wadjet_I,10,0,0,16,NA,M. abscessus,abscessus,Brody School of Medicine at East Carolina University,NA,32,3,0.0938,DCC1,A1|HA,2,BPsdel33HTH_HRM10|BPsdel33HTH_HRM-GD03|D29_HRM_GD40,3,Itos|phiGD57-1|phiGD17-1|phiGD89A-1|phiGD20-1|phiGD22-1|phiGD34-2|phiGD21-1|phiGD23-1|GD59SF/phiGD57-1|Faith1|Faith1GD69,12,R,FALSE,NA,NA,NA,NA,NA,TRUE,2,2,AbiAlpha|Aristaios,spot_32|spot_49
GD151,TRUE,4905028,0,0,0,NA,NA,NA,9,2,RM_III|RM_IIG,AbiAlpha|CBASS|Dag|RM_Type_IIG|RM_Type_III|RloC|RosmerTA|VP1853|Wadjet,AbiAlpha|CBASS_II_Phospholipase|Dag|N6_N4_RM_Type_III|N6_RM_Type_IIG|RloC|RosmerTA|VP1853|Wadjet_I,14,2,2,23,NA,M. abscessus,abscessus,"Winnipeg, MB, Canada",NA,32,0,0,DCC4,NA,0,NA,0,NA,0,S,FALSE,FALSE,NA,0,FALSE,FALSE,FALSE,4,7,CBASS|Dag|RM_Type_IIG|RM_Type_III|RloC|RosmerTA|VP1853,spot_0|spot_3|spot_34
GD152,TRUE,5174688,1,3,3,prophiGD152_15-1|prophiGD152_2-1|prophiGD152_4-1,58099|52874|54885,74-57921|438995-490363|94875-149634,6,0,NA,AbiAlpha|Aristaios|CBASS|Dnd|Hna|Wadjet,AbiAlpha|Aristaios|CBASS_II_Phospholipase|Dnd_ABCDE|Hna|Wadjet_I,11,0,0,17,NA,M. abscessus,abscessus,Royal London Children's Hospital,NA,32,7,0.2188,DCC1,HA|HG|A1,3,BPsdel33HTH_HRM10|BPsdel33HTH_HRM-GD03|Itos|phiGD89A-1|phiGD21-1|Faith1|Faith1GD69,7,phiGD34-2,1,R,FALSE,TRUE,BPs,1,TRUE,TRUE,TRUE,1,1,CBASS,spot_3
GD153,TRUE,5121937,1,4,4,prophiGD153_2-1|prophiGD153_5-1|prophiGD153_6-1|prophiGD153_8-1,52827|44610|46220|52686,345359-397416|21661-65445|25471-71166|20109-72289,3,0,NA,AbiAlpha|Charlie_gp32|Wadjet,AbiAlpha|Charlie_gp32|Wadjet_I,8,0,0,11,NA,M. chelonae,NA,Brigham & Womens Hospital,USA,32,2,0.0625,NA,HC|HN|unclustered|HD,3,Muddy|Muddy_HRM-GD04,2,NA,0,R,FALSE,TRUE,Muddy,1,TRUE,TRUE,FALSE,0,0,NA,NA
GD154,NA,NA,NA,NA,NA,NA,NA,NA,NA,NA,NA,NA,NA,NA,NA,0,NA,NA,NA,NA,"Sansum Clinic and Cottage Health, CA",USA,32,0,0,NA,NA,0,NA,0,NA,0,No Morphology,FALSE,FALSE,NA,0,FALSE,FALSE,FALSE,0,0,NA,NA
GD155,TRUE,5059124,0,1,1,prophiGD155_2-1,76192,321726-397147,6,1,RM_I,AbiAlpha|CBASS|Lamassu-Fam|Other_Type_IV|RM_Type_I|Wadjet,AbiAlpha|CBASS_II_Phospholipase|Lamassu_Cap4|N6_RM_Type_I|Other_Type_IV|Wadjet_I,12,0,1,18,NA,M. abscessus,massiliense,"Columbia, SC",USA,32,0,0,DCC7,HK,1,NA,0,Muddy,1,S,FALSE,FALSE,NA,0,FALSE,FALSE,TRUE,4,4,Lamassu-Fam|Other_Type_IV|RM_Type_I|Wadjet,spot_13|spot_7
GD156,TRUE,5418698,0,0,0,NA,NA,NA,5,0,RM_II,Ceres|DRT-like_UG|Esos|Shedu|dCTPdeaminase,Ceres|Esos|Shedu|UG22|dCTPdeaminase,10,1,1,15,NA,M. intracellulare,NA,"Columbia, SC",USA,32,2,0.0625,NA,NA,0,Muddy|Muddy_HRM-GD04,2,NA,0,No Morphology,FALSE,TRUE,Muddy|ZoeJ,2,TRUE,TRUE,FALSE,0,0,NA,NA
GD157A,TRUE,5062015,1,1,1,prophiGD157A_13-1,61802,18050-79399,6,0,NA,AbiAlpha|Aristaios|CBASS|Dnd|Hna|Wadjet,AbiAlpha|Aristaios|CBASS_II_Phospholipase|Dnd_ABCDE|Hna|Wadjet_I,10,0,0,16,NA,M. abscessus,abscessus,Montpellier France,NA,33,0,0,DCC1,HA,1,NA,0,Itos|phiGD24-3,2,S,FALSE,FALSE,NA,0,FALSE,TRUE,TRUE,2,2,AbiAlpha|Aristaios,spot_32|spot_49
GD157B,TRUE,5069264,0,1,1,prophiGD157B_3-1,61802,360963-422312,6,0,NA,AbiAlpha|Aristaios|CBASS|Dnd|Hna|Wadjet,AbiAlpha|Aristaios|CBASS_II_Phospholipase|Dnd_ABCDE|Hna|Wadjet_I,11,0,0,17,NA,M. abscessus,abscessus,Montpellier France,NA,33,1,0.0303,DCC1,HA,1,D29_HRM_GD150,1,Itos|phiGD24-3|Faith1|Faith1GD69,4,R,FALSE,FALSE,NA,0,FALSE,TRUE,TRUE,4,4,AbiAlpha|Aristaios|CBASS|Hna,spot_3|spot_32|spot_49
GD158,TRUE,0,1,1,1,prophiGD158_1-1,53110,622029-674992,5,1,RM_IIG,AbiAlpha|DpnI|Other_Type_IV|RM_Type_IIG|Wadjet,AbiAlpha|DpnI|N6_RM_Type_IIG|Other_Type_IV|Wadjet_I,9,1,1,14,NA,M. abscessus,massiliense,Dayton Children's Hospital,USA,32,2,0.0625,Non-DCC,HC,1,Muddy|Muddy_HRM-GD04,2,NA,0,R,FALSE,TRUE,Muddy,1,TRUE,TRUE,FALSE,2,2,DpnI|Other_Type_IV,spot_54
GD159,TRUE,5136943,0,2,2,prophiGD159_1-1|prophiGD159_4-1,66431|87987,1569193-1635367|302983-388320,4,2,RM_I|RM_III,AbiAlpha|RM_Type_I|RM_Type_III|Wadjet,AbiAlpha|N6_N4_RM_Type_III|N6_RM_Type_I|Wadjet_I,10,0,2,14,NA,M. abscessus,massiliense,Public Health Ontario,NA,32,0,0,DCC3,AD|HC,2,NA,0,NA,0,S,FALSE,FALSE,NA,0,FALSE,FALSE,FALSE,4,4,AbiAlpha|RM_Type_I|RM_Type_III|Wadjet,spot_13|spot_36|spot_44
GD16,TRUE,5008370,0,1,1,prophiGD16_3-1,40064,46520-85959,4,1,RM_I,AbiAlpha|Butters_gp57r|RM_Type_I|Wadjet,AbiAlpha|Butters_gp57r|N6_RM_Type_I|Wadjet_I,7,0,1,11,NA,M. abscessus,massiliense,"Washington University, St Louis",NA,11,2,0.1818,DCC3,HB,1,BPsdel33HTH_HRM10|BPsdel33HTH_HRM-GD03,2,NA,0,R,FALSE,FALSE,NA,0,FALSE,TRUE,FALSE,2,2,Butters_gp57r|RM_Type_I,spot_13|spot_30
GD160,TRUE,5200231,0,3,3,prophiGD160_1-1|prophiGD160_1-2|prophiGD160_1-3,41599|64565|42361,288887-609304|586147-2014268|2011179-2053394,6,1,RM_III,AbiAlpha|Aristaios|Dnd|Hna|RM_Type_III|Wadjet,AbiAlpha|Aristaios|Dnd_ABCDE|Hna|N6_N4_RM_Type_III|Wadjet_I,9,0,1,15,NA,M. abscessus,abscessus,Massachussetts General Hospital,USA,32,0,0,DCC1,HB|HN|HH,3,NA,0,ZoeJdel43-45,1,R,FALSE,TRUE,ZoeJ,1,TRUE,FALSE,TRUE,4,4,Aristaios|Dnd|Hna|RM_Type_III,spot_28|spot_34|spot_49|spot_90
GD161,NA,NA,NA,NA,NA,NA,NA,NA,NA,NA,NA,NA,NA,NA,NA,0,NA,NA,NA,NA,Massachussetts General Hospital,USA,32,0,0,NA,NA,0,NA,0,NA,0,No Morphology,FALSE,FALSE,NA,0,FALSE,FALSE,FALSE,0,0,NA,NA
GD162,TRUE,4889421,0,2,2,prophiGD162_2-1|prophiGD162_25-1,54460|34445,62863-116818|14924-48860,6,0,NA,AbiAlpha|Aristaios|CBASS|Dnd|Hna|Wadjet,AbiAlpha|Aristaios|CBASS_I_Phospholipase|Dnd_ABCDE|Hna|Wadjet_I,12,0,0,18,NA,M. abscessus,abscessus,UPMC NewYork,USA,32,6,0.1875,DCC1,HD|HA,2,Muddy|Muddy_HRM-GD04|phiGD57-1|phiGD89A-1|phiGD34-2|phiGD21-1,6,Itos|D29_HRM_GD40|Faith1|Faith1GD69,4,R,FALSE,TRUE,Muddy|D29,2,TRUE,TRUE,TRUE,1,1,Hna,spot_32
GD163,NA,NA,NA,NA,NA,NA,NA,NA,NA,NA,NA,NA,NA,NA,NA,0,NA,NA,NA,NA,Hospital Center University De Rouen,France,32,0,0,NA,NA,0,NA,0,phiGD57-1,1,R,FALSE,FALSE,NA,0,FALSE,FALSE,TRUE,0,0,NA,NA
GD164,TRUE,4965605,0,0,0,NA,NA,NA,8,1,RM_I,AbiAlpha|AbiD|BREX|Dag|RM_Type_I|RosmerTA|Thoeris|Wadjet,AbiAlpha|AbiD|BREX_I|Dag|N6_RM_Type_I|RosmerTA|Thoeris_XI|Wadjet_I,12,0,1,20,NA,M. abscessus,abscessus,Royal National Orthopaedic Hospital,United Kingdom,32,0,0,DCC5,NA,0,NA,0,NA,0,R,FALSE,FALSE,NA,0,FALSE,FALSE,FALSE,1,1,BREX,NA
GD165A,TRUE,4944431,0,3,3,prophiGD165A_11-1|prophiGD165A_2-1|prophiGD165A_9-1,48078|64402|60552,416-47961|487167-550013|85457-145648,5,2,RM_I|RM_IIG,AbiAlpha|RM_Type_I|RM_Type_IIG|Shedu|Wadjet,AbiAlpha|N6_RM_Type_I|N6_RM_Type_IIG|Shedu|Wadjet_I,12,1,2,17,NA,M. abscessus,massiliense,Great Ormond Street Hospital,NA,32,0,0,DCC3,HO|A1|IA,3,NA,0,NA,0,S,FALSE,NA,NA,NA,NA,NA,FALSE,4,5,AbiAlpha|RM_Type_I|RM_Type_IIG|Shedu|Wadjet,spot_13|spot_14|spot_39
GD165B,TRUE,4798938,0,3,3,prophiGD165B_2-1|prophiGD165B_3-1|prophiGD165B_6-1,48101|64402|60552,872163-920124|113386-176232|73147-133338,4,1,RM_I,AbiAlpha|AbiE|RM_Type_I|Wadjet,AbiAlpha|AbiE|N6_RM_Type_I|Wadjet_I,10,0,1,14,NA,M. abscessus,massiliense,Great Ormond Street Hospital,NA,32,0,0,DCC3,HO|A1|IA,3,NA,0,NA,0,S,FALSE,NA,NA,NA,NA,NA,FALSE,3,3,AbiE|RM_Type_I|Wadjet,spot_13
GD166,NA,NA,NA,NA,NA,NA,NA,NA,NA,NA,NA,NA,NA,NA,NA,0,NA,NA,NA,NA,Great Ormond Street Hospital,NA,NA,NA,NA,NA,NA,0,NA,0,NA,0,No Morphology,FALSE,FALSE,NA,0,FALSE,FALSE,FALSE,0,0,NA,NA
GD167,TRUE,6093657,2,0,0,NA,NA,NA,7,1,RM_IIG|RM_IV,CBASS|Ceres|DS-29|Esos|PD-T7-2|RM_Type_IIG|Thoeris,CBASS_II_Phospholipase|Ceres|DS-29|Esos|N6_RM_Type_IIG|PD-T7-2|Thoeris_XI,15,1,2,22,NA,M. chimaera,NA,Great Ormond Street Hospital,NA,32,0,0,NA,NA,0,NA,0,NA,0,No Morphology,FALSE,FALSE,NA,0,FALSE,FALSE,FALSE,0,0,NA,NA
GD168,NA,NA,NA,NA,NA,NA,NA,NA,NA,NA,NA,NA,NA,NA,NA,0,NA,NA,NA,NA,Penn Medicine,USA,NA,NA,NA,NA,NA,0,NA,0,NA,0,No Morphology,FALSE,FALSE,NA,0,NA,NA,FALSE,0,0,NA,NA
GD169,TRUE,5181374,0,2,2,prophiGD169_1-1|prophiGD169_1-2,49619|56881,913912-962914|1320864-1376100,8,2,RM_II|RM_III,AbiAlpha|AbiD|Aristaios|Dnd|Hna|RM_Type_II|RM_Type_III|Wadjet,AbiAlpha|AbiD|Aristaios|Dnd_ABCDE|Hna|N6_N4_RM_Type_III|N6_RM_Type_II_PDDEXK|Wadjet_I,12,1,2,20,NA,M. abscessus,abscessus,Instituto Biofísika Spain,NA,33,0,0,DCC1,HC|HG,2,NA,0,NA,0,R,FALSE,FALSE,NA,0,FALSE,FALSE,FALSE,4,5,AbiAlpha|AbiD|Aristaios|RM_Type_III|Wadjet,spot_0|spot_32|spot_49
GD17,TRUE,5107403,0,2,2,prophiGD17-1|prophiGD17-2,51224|61802,1083215-1133922|1785944-1847293,6,0,NA,AbiAlpha|Aristaios|CBASS|Dnd|Hna|Wadjet,AbiAlpha|Aristaios|CBASS_II_Phospholipase|Dnd_ABCDE|Hna|Wadjet_I,11,0,0,17,NA,M. abscessus,abscessus,The University of North Carolina at Chapel Hill,NA,31,3,0.0968,DCC1,HD|HA,2,BPsdel33HTH_HRM10|BPsdel33HTH_HRM-GD03|phiGD89A-1,3,GD59SF/phiGD57-1,1,R,FALSE,FALSE,NA,0,FALSE,TRUE,TRUE,3,3,AbiAlpha|Aristaios|CBASS,spot_3|spot_32|spot_49
GD170,TRUE,4960294,0,1,1,prophiGD170_2-1,60552,694721-754912,10,3,RM_I|RM_IIG,AbiAlpha|Butters_gp57r|CBASS|Dag|RM_Type_I|RM_Type_IIG|RloC|Uzume|Wadjet,AbiAlpha|Butters_gp57r|CBASS_I_TM|Dag|N6_RM_Type_I|N6_RM_Type_IIG|RloC|Uzume|Wadjet_I,16,1,3,26,NA,M. abscessus,massiliense,Christiana Care Health System,USA,32,0,0,DCC3,IA,1,NA,0,NA,0,R,FALSE,FALSE,NA,0,FALSE,FALSE,FALSE,4,7,Butters_gp57r|CBASS|RM_Type_I|RloC|Uzume|Wadjet,spot_13|spot_30|spot_63
GD171,TRUE,5089320,1,2,2,prophiGD171_15-1|prophiGD171_4-1,43937|40443,15113-58924|277611-317489,9,3,RM_I|RM_IIG,AbiAlpha|Armada|DRT|RM_Type_I|RM_Type_IIG|RloC|Thoeris|Wadjet,AbiAlpha|Armada_Type_II|DRT9|N6_RM_Type_I|N6_RM_Type_IIG|RloC|Thoeris_VII|Wadjet_I,13,1,2,22,NA,M. abscessus,abscessus,UC San Diego Health,USA,33,0,0,DCC2,HN|HB,2,NA,0,NA,0,S,FALSE,FALSE,NA,0,FALSE,FALSE,FALSE,1,1,RM_Type_I,NA
GD172,TRUE,4803165,0,0,0,NA,NA,NA,5,1,RM_II,AbiAlpha|Gabija|RM_Type_II|Wadjet,AbiAlpha|DNA_met_RM_Type_II_PDDEXK|Gabija|Wadjet_I,12,1,1,17,NA,M. abscessus,abscessus,Maine Health,USA,33,3,0.0909,DCC4,NA,0,Muddy|Muddy_HRM-GD04|D29_HRM_GD40,3,D29,1,S,FALSE,FALSE,NA,0,FALSE,TRUE,TRUE,1,1,Gabija,spot_49
GD173,TRUE,5218475,0,2,2,prophiGD173_1-1|prophiGD173_2-1,56881|25294,489260-544496|6999-31210,8,2,RM_II|RM_III,AbiAlpha|AbiD|Aristaios|Dnd|Hna|RM_Type_II|RM_Type_III|Wadjet,AbiAlpha|AbiD|Aristaios|Dnd_ABCDE|Hna|N6_N4_RM_Type_III|N6_RM_Type_II_PDDEXK|Wadjet_I,12,1,2,20,NA,M. abscessus,abscessus,Toronto Western Hospital,NA,33,0,0,DCC1,HG|HH,2,NA,0,NA,0,S,FALSE,FALSE,NA,0,FALSE,FALSE,FALSE,3,5,AbiAlpha|AbiD|RM_Type_II|RM_Type_III|Wadjet,spot_104|spot_32
GD174,TRUE,5041770,0,1,1,prophiGD174_2-1,39911,162154-201460,7,2,RM_IIG,AbiAlpha|Armada|Hna|RM_Type_IIG|Thoeris|Wadjet,AbiAlpha|Armada_Type_II|Hna|N6_RM_Type_IIG|Thoeris_II|Wadjet_I,10,1,1,17,NA,M. abscessus,abscessus,University of Virginia Health System,USA,33,0,0,Non-DCC,HB,1,NA,0,NA,0,S,FALSE,FALSE,NA,0,FALSE,FALSE,FALSE,1,1,AbiAlpha,NA
GD175,TRUE,5258260,1,1,1,prophiGD175_1-1,38875,305302-343185,8,3,RM_I|RM_IIG,AbiAlpha|Armada|DRT|RM_Type_I|RM_Type_IIG|RloC|Wadjet,AbiAlpha|Armada_Type_II|DRT9|N6_RM_Type_I|N6_RM_Type_IIG|RloC|Wadjet_I,13,2,2,21,NA,M. abscessus,abscessus,University of Virginia Health System,USA,33,0,0,Non-DCC,HB,1,NA,0,NA,0,S,FALSE,FALSE,NA,0,FALSE,FALSE,FALSE,3,3,AbiAlpha|Armada|RM_Type_I,spot_26
GD176,TRUE,5066475,1,1,1,prophiGD176_2-1,44466,120-44456,6,0,NA,AbiAlpha|Aristaios|CBASS|Dnd|Hna|Wadjet,AbiAlpha|Aristaios|CBASS_II_Phospholipase|Dnd_ABCDE|Hna|Wadjet_I,11,0,0,17,NA,M. abscessus,abscessus,University of Virginia Health System,USA,33,6,0.1818,DCC1,HA,1,BPsdel33HTH_HRM10|BPsdel33HTH_HRM-GD03|Itos|phiGD89A-1|Faith1|Faith1GD69,6,phiGD57-1|phiGD20-1|phiGD34-2|phiGD21-1,4,R,FALSE,FALSE,NA,0,FALSE,TRUE,TRUE,3,3,Dnd|Hna|Wadjet,spot_32|spot_34
GD177,TRUE,4934323,2,0,0,NA,NA,NA,17,5,RM_I|RM_IIG,AbiAlpha|Armada|BREX|DRT|Dag|Other_Type_IV|PD-T7-2|RM_Type_I|RM_Type_IIG|RloC|Thoeris|VP1853|Wadjet,AbiAlpha|Armada_Type_II|BREX_I|DRT9|Dag|N6_RM_Type_I|N6_RM_Type_IIG|Other_Type_IV|PD-T7-2|RloC|Thoeris_V|VP1853|Wadjet_I,15,2,4,32,NA,M. abscessus,abscessus,University of Virginia Health System,USA,33,0,0,DCC5,NA,0,NA,0,NA,0,S,FALSE,FALSE,NA,0,FALSE,FALSE,FALSE,1,7,BREX|Dag|PD-T7-2|RM_Type_I|RM_Type_IIG|Thoeris|VP1853,spot_0
GD178,TRUE,5261684,1,2,2,prophiGD178_2-1|prophiGD178_7-1,38875|42651,305093-343185|71335-113843,8,3,RM_I|RM_IIG,AbiAlpha|Armada|DRT|RM_Type_I|RM_Type_IIG|RloC|Wadjet,AbiAlpha|Armada_Type_II|DRT9|N6_RM_Type_I|N6_RM_Type_IIG|RloC|Wadjet_I,13,2,2,21,NA,M. abscessus,abscessus,University of Virginia Health System,USA,33,0,0,Non-DCC,HB|HN,2,NA,0,NA,0,R,FALSE,FALSE,NA,0,FALSE,FALSE,FALSE,2,5,Armada|DRT|RM_Type_IIG|RloC,spot_26
GD179,TRUE,5154938,0,1,1,prophiGD179_1-1,55040,766776-820310,4,2,RM_I|RM_II,AbiAlpha|RM_Type_I|RM_Type_II|Wadjet,AbiAlpha|DNA_met_RM_Type_II|N6_RM_Type_I|Wadjet_I,8,0,2,12,NA,M. abscessus,abscessus,"Radboud University Medical Center, Netherlands",NA,33,2,0.0606,DCC5,HG,1,Muddy|Muddy_HRM-GD04,2,NA,0,S,FALSE,FALSE,NA,0,FALSE,TRUE,FALSE,2,2,RM_Type_II|Wadjet,NA
GD18,TRUE,4979745,1,0,0,NA,NA,NA,11,3,RM_I|RM_IIG,AbiAlpha|Armada|Dag|PhiR47_GevAT|RM_Type_I|RM_Type_IIG|RosmerTA|VP1853|Wadjet,AbiAlpha|Armada_Type_II|Dag|N6_RM_Type_I|N6_RM_Type_IIG|PhiR47_GevAT|RosmerTA|VP1853|Wadjet_I,13,1,2,24,NA,M. abscessus,abscessus,UC San Diego Health,USA,31,0,0,DCC5,NA,0,NA,0,NA,0,S,FALSE,FALSE,NA,0,FALSE,FALSE,FALSE,0,0,NA,NA
GD180,TRUE,5194222,0,3,3,prophiGD180_1-1|prophiGD180_1-2|prophiGD180_2-1,41140|50750|48803,554150-4978098|2161044-2211177|239-48413,6,2,RM_IIG,AbiAlpha|Armada|Butters_gp57r|RM_Type_IIG|Wadjet,AbiAlpha|Armada_Type_II|Butters_gp57r|N6_RM_Type_IIG|Wadjet_I,8,0,1,14,NA,M. abscessus,massiliense,"Radboud University Medical Center, Netherlands",NA,33,6,0.1818,Non-DCC,HB|HC|HF,3,BPsdel33HTH_HRM10|BPsdel33HTH_HRM-GD03|Muddy|Muddy_HRM-GD04|CrimD del del|Fred313_cpm1,6,ZoeJdel43-45|Fionnbharthdel45del47|TM4 del rep,3,R,FALSE,TRUE,BPs|Muddy|ZoeJ|Fred313,4,TRUE,TRUE,TRUE,1,1,Armada,spot_47
GD181,TRUE,5137203,0,2,2,prophiGD181_6-1|prophiGD181_8-1,65472|34142,205393-270617|180613-214271,8,1,RM_IIG,AbiAlpha|Hna|Other_Type_IV|Prometheus|RM_Type_IIG|Shedu|Wadjet,AbiAlpha|Hna|N6_RM_Type_IIG|Other_Type_IV|Prometheus|Shedu|Wadjet_I,12,1,1,20,NA,M. abscessus,bolletii,"Radboud University Medical Center, Netherlands",NA,33,2,0.0606,Non-DCC,AD|ID,2,Muddy|Muddy_HRM-GD04,2,CrimD del del|Itos|Faith1|Faith1GD69,4,S,FALSE,FALSE,NA,0,FALSE,TRUE,TRUE,3,5,Hna|Prometheus|RM_Type_IIG|Shedu|Wadjet,NA
GD182,TRUE,5069017,1,1,1,prophiGD182_4-1,56309,2792-57759,6,0,NA,AbiAlpha|Aristaios|CBASS|Dnd|Hna|Wadjet,AbiAlpha|Aristaios|CBASS_II_Phospholipase|Dnd_ABCDE|Hna|Wadjet_I,11,0,0,17,NA,M. abscessus,abscessus,Mayo Clinic-Florida,NA,33,5,0.1515,DCC1,HA,1,BPsdel33HTH_HRM10|BPsdel33HTH_HRM-GD03|phiGD89A-1|phiGD20-1|phiGD34-2,5,CrimD del del|Itos|D29_HRM_GD40|phiGD24-3|Faith1|Faith1GD69,6,R,FALSE,TRUE,BPs,1,TRUE,TRUE,TRUE,3,3,Aristaios|CBASS|Hna,spot_3|spot_32
GD183,NA,NA,NA,NA,NA,NA,NA,NA,NA,NA,NA,NA,NA,NA,NA,0,NA,NA,NA,NA,"Universtiy of Helsinki, Finland",Finland,34,0,0,NA,NA,0,NA,0,NA,0,No Morphology,FALSE,FALSE,NA,0,FALSE,FALSE,FALSE,0,0,NA,NA
GD184,TRUE,6244631,2,0,0,NA,NA,NA,7,0,RM_IV,CBASS|Ceres|DRT-like_UG|DS-29|Esos|Thoeris,CBASS_II_Phospholipase|Ceres|DS-29|Esos|Thoeris_IV|UG33,15,1,1,22,NA,M. chimaera,NA,University of Alberta in Edmonton,NA,34,0,0,NA,NA,0,NA,0,NA,0,No Morphology,FALSE,FALSE,NA,0,FALSE,FALSE,FALSE,0,0,NA,NA
GD185,TRUE,5277535,0,2,2,prophiGD185_18-1|prophiGD185_7-1,54462|40119,90-54439|179239-218594,6,1,RM_I,AbiAlpha|Aristaios|Dnd|Hna|RM_Type_I|Wadjet,AbiAlpha|Aristaios|Dnd_ABCDE|Hna|N6_RM_Type_I|Wadjet_I,12,1,1,18,NA,M. abscessus,abscessus,The Hebrew University,Israel,33,0,0,DCC1,A1|HB,2,NA,0,Itos|Faith1|Faith1GD69,3,No Morphology,FALSE,FALSE,NA,0,FALSE,FALSE,TRUE,1,1,Hna,NA
GD186,TRUE,5726131,1,0,0,NA,NA,NA,4,1,RM_II,Ceres|Esos|Prometheus|RM_Type_II,Ceres|Esos|N6_N4_RM_Type_II_PDDEXK|Prometheus,10,0,1,14,NA,M. intracellulare,NA,The Hebrew University,Israel,34,0,0,NA,NA,0,NA,0,NA,0,No Morphology,FALSE,FALSE,NA,0,FALSE,FALSE,FALSE,0,0,NA,NA
GD187,TRUE,5016112,1,1,1,prophiGD187_3-1,60552,73169-133360,7,2,RM_I,AbiAlpha|Butters_gp57r|CBASS|RM_Type_I|VP1853|Wadjet,AbiAlpha|Butters_gp57r|CBASS_I_TM|N6_RM_Type_I|VP1853|Wadjet_I,12,1,2,19,NA,M. abscessus,massiliense,The Hebrew University,Israel,33,0,0,DCC3,IA,1,NA,0,NA,0,No Morphology,FALSE,FALSE,NA,0,FALSE,FALSE,FALSE,3,3,Butters_gp57r|RM_Type_I|VP1853,spot_13|spot_17
GD188,TRUE,4854382,0,1,1,prophiGD188_3-1,60552,673517-733708,5,2,RM_I|RM_IIG,AbiAlpha|RM_Type_I|RM_Type_IIG|Shedu|Wadjet,AbiAlpha|N6_RM_Type_I|N6_RM_Type_IIG|Shedu|Wadjet_I,12,1,2,17,NA,M. abscessus,massiliense,The Hebrew University,Israel,33,0,0,DCC3,IA,1,NA,0,Muddy_HRM-GD04|phiGD24-3,2,No Morphology,FALSE,FALSE,NA,0,FALSE,TRUE,TRUE,0,0,NA,NA
GD189,NA,NA,NA,NA,NA,NA,NA,NA,NA,NA,NA,NA,NA,NA,NA,0,NA,NA,NA,NA,The Hebrew University,Israel,33,2,0.0606,NA,NA,0,BPsdel33HTH_HRM10|BPsdel33HTH_HRM-GD03,2,Muddy|Muddy_HRM-GD04|CrimD del del|Itos|phiGD57-1|Faith1|Faith1GD69,7,No Morphology,FALSE,FALSE,NA,0,FALSE,TRUE,TRUE,0,0,NA,NA
GD19,TRUE,4933928,0,0,0,NA,NA,NA,10,1,RM_IIG,AbiAlpha|AbiE|CBASS|Dag|Gabija|McrBC|RM_Type_IIG|Rhea|VP1853|Wadjet,AbiAlpha|AbiE|CBASS_II_Phospholipase|Dag|Gabija|McrBC|N6_RM_Type_IIG|Rhea|VP1853|Wadjet_I,13,1,1,23,NA,M. abscessus,abscessus,UC San Diego Health,USA,23,1,0.0435,DCC5,NA,0,Muddy_HRM-GD04,1,Muddy,1,R,FALSE,FALSE,NA,0,FALSE,TRUE,TRUE,6,7,AbiAlpha|CBASS|Gabija|McrBC|RM_Type_IIG|Rhea|VP1853,spot_0|spot_28|spot_3|spot_32|spot_34|spot_55
GD190,TRUE,6076154,0,0,0,NA,NA,NA,6,0,NA,Esos|Gabija|Lamassu-Fam|SNIPE|Wadjet,Esos|Gabija|Lamassu_Mrr|SNIPE|Wadjet_III,19,0,0,25,NA,M. simiae,NA,The Hebrew University,Israel,34,0,0,NA,NA,0,NA,0,NA,0,No Morphology,FALSE,FALSE,NA,0,FALSE,FALSE,FALSE,0,0,NA,NA
GD191,TRUE,6077321,2,0,0,NA,NA,NA,5,0,RM_IV,CBASS|Ceres|DS-29|Esos,CBASS_II_Phospholipase|Ceres|DS-29|Esos,13,1,1,18,NA,M. chimaera,NA,The Hebrew University,Israel,36,0,0,NA,NA,0,NA,0,NA,0,No Morphology,FALSE,FALSE,NA,0,FALSE,FALSE,FALSE,0,0,NA,NA
GD192A,TRUE,5136329,1,2,2,prophiGD192A_4-1|prophiGD192A_9-1,58479|40079,449190-506327|36101-75573,7,0,NA,AbiAlpha|Aristaios|CBASS|Dag|Dnd|Hna|Wadjet,AbiAlpha|Aristaios|CBASS_II_Phospholipase|Dag|Dnd_ABCDE|Hna|Wadjet_I,13,0,0,20,NA,M. abscessus,abscessus,Duke University  Hospital,NA,34,0,0,DCC1,HA|HB,2,NA,0,NA,0,No Morphology,FALSE,NA,NA,NA,NA,NA,FALSE,3,3,Aristaios|CBASS|Dag,spot_0|spot_3
GD192B,TRUE,5141939,1,2,2,prophiGD192B_4-1|prophiGD192B_9-1,58479|40079,2700-59837|179217-218689,7,0,NA,AbiAlpha|Aristaios|CBASS|Dag|Dnd|Hna|Wadjet,AbiAlpha|Aristaios|CBASS_II_Phospholipase|Dag|Dnd_ABCDE|Hna|Wadjet_I,13,0,0,20,NA,M. abscessus,abscessus,Duke University  Hospital,NA,34,0,0,DCC1,HA|HB,2,NA,0,NA,0,No Morphology,FALSE,NA,NA,NA,NA,NA,FALSE,3,3,AbiAlpha|Dag|Hna,spot_0
GD192C,NA,NA,NA,NA,NA,NA,NA,NA,NA,NA,NA,NA,NA,NA,NA,0,NA,NA,NA,NA,Duke University  Hospital,NA,34,0,0,NA,NA,0,NA,0,NA,0,No Morphology,FALSE,NA,NA,NA,NA,NA,FALSE,0,0,NA,NA
GD193A,TRUE,5186257,1,2,2,prophiGD193A_2-1|prophiGD193A_4-1,53897|66331,489310-542824|461552-527157,7,1,RM_IIG,AbiAlpha|Aristaios|CBASS|Dnd|Hna|RM_Type_IIG|Wadjet,AbiAlpha|Aristaios|CBASS_II_Phospholipase|Dnd_ABCDE|Hna|N6_RM_Type_IIG|Wadjet_I,12,1,1,19,NA,M. abscessus,abscessus,University of Paris,NA,34,0,0,DCC1,HG|HA,2,NA,0,NA,0,S,FALSE,FALSE,NA,0,FALSE,FALSE,FALSE,3,3,AbiAlpha|CBASS|RM_Type_IIG,spot_22
GD193B,TRUE,5171105,1,2,2,prophiGD193B_2-1|prophiGD193B_4-1,53897|66331,261280-314794|1577-67182,7,1,RM_IIG,AbiAlpha|Aristaios|CBASS|Dnd|Hna|RM_Type_IIG|Wadjet,AbiAlpha|Aristaios|CBASS_II_Phospholipase|Dnd_ABCDE|Hna|N6_RM_Type_IIG|Wadjet_I,12,1,1,19,NA,M. abscessus,abscessus,University of Paris,NA,34,2,0.0588,DCC1,HG|HA,2,BPsdel33HTH_HRM10|BPsdel33HTH_HRM-GD03,2,NA,0,R,FALSE,FALSE,NA,0,FALSE,TRUE,FALSE,4,4,CBASS|Hna|RM_Type_IIG|Wadjet,spot_22
GD193C,TRUE,5179036,1,2,2,prophiGD193C_4-1|prophiGD193C_5-1,53897|66331,294089-347603|461529-527134,7,1,RM_IIG,AbiAlpha|Aristaios|CBASS|Dnd|Hna|RM_Type_IIG|Wadjet,AbiAlpha|Aristaios|CBASS_II_Phospholipase|Dnd_ABCDE|Hna|N6_RM_Type_IIG|Wadjet_I,12,1,1,19,NA,M. abscessus,abscessus,University of Paris,NA,34,0,0,DCC1,HG|HA,2,NA,0,NA,0,S,FALSE,NA,NA,NA,NA,NA,FALSE,3,3,Aristaios|CBASS|RM_Type_IIG,spot_22|spot_3
GD193D,NA,NA,NA,NA,NA,NA,NA,NA,NA,NA,NA,NA,NA,NA,NA,0,NA,NA,NA,NA,University of Paris,NA,34,2,0.0588,NA,NA,0,BPsdel33HTH_HRM10|BPsdel33HTH_HRM-GD03,2,NA,0,R,FALSE,NA,NA,NA,NA,NA,FALSE,0,0,NA,NA
GD193E,TRUE,5186939,1,2,2,prophiGD193E_2-1|prophiGD193E_5-1,53897|66331,180475-233989|1577-67182,7,1,RM_IIG,AbiAlpha|Aristaios|CBASS|Dnd|Hna|RM_Type_IIG|Wadjet,AbiAlpha|Aristaios|CBASS_II_Phospholipase|Dnd_ABCDE|Hna|N6_RM_Type_IIG|Wadjet_I,12,1,1,19,NA,M. abscessus,abscessus,University of Paris,NA,34,2,0.0588,DCC1,HG|HA,2,BPsdel33HTH_HRM10|BPsdel33HTH_HRM-GD03,2,NA,0,R,FALSE,NA,NA,NA,NA,NA,FALSE,3,3,AbiAlpha|CBASS|RM_Type_IIG,spot_22|spot_32
GD193F,TRUE,5199456,0,2,2,prophiGD193F_1-1|prophiGD193F_6-1,53897|66331,489310-542824|1577-67182,7,1,RM_IIG,AbiAlpha|Aristaios|CBASS|Dnd|Hna|RM_Type_IIG|Wadjet,AbiAlpha|Aristaios|CBASS_II_Phospholipase|Dnd_ABCDE|Hna|N6_RM_Type_IIG|Wadjet_I,12,1,1,19,NA,M. abscessus,abscessus,University of Paris,NA,34,2,0.0588,DCC1,HG|HA,2,BPsdel33HTH_HRM10|BPsdel33HTH_HRM-GD03,2,NA,0,R,FALSE,NA,NA,NA,NA,NA,FALSE,2,2,Aristaios|CBASS,spot_3
GD193G,TRUE,5172215,1,2,2,prophiGD193G_2-1|prophiGD193G_5-1,53897|66331,182341-234724|304732-370337,7,1,RM_IIG,AbiAlpha|Aristaios|CBASS|Dnd|Hna|RM_Type_IIG|Wadjet,AbiAlpha|Aristaios|CBASS_II_Phospholipase|Dnd_ABCDE|Hna|N6_RM_Type_IIG|Wadjet_I,12,1,1,19,NA,M. abscessus,abscessus,University of Paris,NA,34,2,0.0588,DCC1,HG|HA,2,BPsdel33HTH_HRM10|BPsdel33HTH_HRM-GD03,2,NA,0,R,FALSE,NA,NA,NA,NA,NA,FALSE,2,2,CBASS|Dnd,spot_3|spot_34
GD193H,TRUE,5188280,1,2,2,prophiGD193H_3-1|prophiGD193H_8-1,53897|66331,294086-347600|1577-67182,7,1,RM_IIG,AbiAlpha|Aristaios|CBASS|Dnd|Hna|RM_Type_IIG|Wadjet,AbiAlpha|Aristaios|CBASS_II_Phospholipase|Dnd_ABCDE|Hna|N6_RM_Type_IIG|Wadjet_I,12,1,1,19,NA,M. abscessus,abscessus,University of Paris,NA,34,2,0.0588,DCC1,HG|HA,2,BPsdel33HTH_HRM10|BPsdel33HTH_HRM-GD03,2,NA,0,R,FALSE,NA,NA,NA,NA,NA,FALSE,6,6,AbiAlpha|CBASS|Dnd|Hna|RM_Type_IIG|Wadjet,spot_22|spot_3|spot_34|spot_51
GD193I,TRUE,5186794,1,2,2,prophiGD193I_1-1|prophiGD193I_2-1,60992|53897,3585-63697|489310-542824,7,1,RM_IIG,AbiAlpha|Aristaios|CBASS|Dnd|Hna|RM_Type_IIG|Wadjet,AbiAlpha|Aristaios|CBASS_II_Phospholipase|Dnd_ABCDE|Hna|N6_RM_Type_IIG|Wadjet_I,12,1,1,19,NA,M. abscessus,abscessus,University of Paris,NA,34,0,0,DCC1,HA|HG,2,NA,0,NA,0,S,FALSE,NA,NA,NA,NA,NA,FALSE,5,5,AbiAlpha|CBASS|Dnd|RM_Type_IIG|Wadjet,spot_22|spot_3|spot_34
GD194,TRUE,5039039,1,0,0,NA,NA,NA,5,0,NA,AbiAlpha|Aristaios|CBASS|Dnd|Wadjet,AbiAlpha|Aristaios|CBASS_II_Phospholipase|Dnd_ABCDE|Wadjet_I,10,0,0,15,NA,M. abscessus,abscessus,Cystic Fibrosis Center at Inova- Virginia,USA,34,12,0.3529,DCC1,NA,0,BPsdel33HTH_HRM10|BPsdel33HTH_HRM-GD03|D29_HRM_GD40|phiGD17-1|phiGD24-3|phiGD89A-1|phiGD20-1|phiGD22-1|phiGD34-2|phiGD21-1|phiGD23-1|GD59SF/phiGD57-1,12,Itos|Faith1|Faith1GD69|D29_HRM_GD150,4,No Morphology,FALSE,TRUE,BPs|Itos|D29|phAK2,4,TRUE,TRUE,TRUE,2,2,Aristaios|CBASS,spot_3
GD195,TRUE,4917101,0,1,1,prophiGD195_1-1,53071,1973185-2026108,5,2,RM_I|RM_IIG,AbiAlpha|Butters_gp57r|RM_Type_I|RM_Type_IIG|Wadjet,AbiAlpha|Butters_gp57r|N6_RM_Type_I|N6_RM_Type_IIG|Wadjet_I,9,1,2,14,NA,M. abscessus,massiliense,"University of California, Los Angeles",NA,34,0,0,DCC3,HC,1,NA,0,NA,0,S,FALSE,FALSE,NA,0,FALSE,FALSE,FALSE,3,3,Butters_gp57r|RM_Type_I|RM_Type_IIG,spot_13|spot_28|spot_30
GD196,NA,NA,NA,NA,NA,NA,NA,NA,NA,NA,NA,NA,NA,NA,NA,0,NA,NA,NA,NA,"Mayo Clinic of Rochester, Minnesota",USA,34,0,0,NA,NA,0,NA,0,NA,0,R,FALSE,FALSE,NA,0,FALSE,FALSE,FALSE,0,0,NA,NA
GD197,TRUE,5331841,0,1,1,prophiGD197_3-1,61802,449182-510531,6,0,NA,AbiAlpha|Aristaios|CBASS|Dnd|Hna|Wadjet,AbiAlpha|Aristaios|CBASS_II_Phospholipase|Dnd_ABCDE|Hna|Wadjet_I,11,0,0,17,NA,M. abscessus,abscessus,"Mayo Clinic of Rochester, Minnesota",USA,34,6,0.1765,DCC1,HA,1,Itos|phi-T46|phiGD57-1|GD59SF/phiGD57-1|Faith1|Faith1GD69,6,NA,0,S,FALSE,FALSE,NA,0,FALSE,TRUE,FALSE,2,2,Aristaios|Hna,spot_49
GD198,NA,NA,NA,NA,NA,NA,NA,NA,NA,NA,NA,NA,NA,NA,NA,0,NA,NA,NA,NA,"Mayo Clinic of Rochester, Minnesota",USA,34,0,0,NA,NA,0,NA,0,NA,0,No Morphology,FALSE,FALSE,NA,0,FALSE,FALSE,FALSE,0,0,NA,NA
GD199,TRUE,5184254,0,0,0,NA,NA,NA,6,1,RM_I,AbiAlpha|Aristaios|Dnd|Hna|RM_Type_I|Wadjet,AbiAlpha|Aristaios|Dnd_ABCDE|Hna|N6_RM_Type_I|Wadjet_I,12,1,1,18,NA,M. abscessus,abscessus,"Barcelona, Spain",NA,34,0,0,DCC1,NA,0,NA,0,Itos|Faith1|Faith1GD69,3,S,FALSE,FALSE,NA,0,FALSE,TRUE,TRUE,2,3,AbiAlpha|Dnd|RM_Type_I,spot_34
GD20,TRUE,5026147,0,1,1,prophiGD20-1,69032,1738017-2622804,6,0,NA,AbiAlpha|Aristaios|CBASS|Dnd|Hna|Wadjet,AbiAlpha|Aristaios|CBASS_II_Phospholipase|Dnd_ABCDE|Hna|Wadjet_I,11,0,0,17,NA,M. abscessus,abscessus,The University of North Carolina at Chapel Hill,NA,23,3,0.1304,DCC1,HA,1,BPsdel33HTH_HRM10|BPsdel33HTH_HRM-GD03|Itos,3,NA,0,R,FALSE,TRUE,BPs,1,TRUE,TRUE,FALSE,3,3,AbiAlpha|Aristaios|CBASS,spot_3|spot_32|spot_49
GD200,NA,NA,NA,NA,NA,NA,NA,NA,NA,NA,NA,NA,NA,NA,NA,0,NA,NA,NA,NA,"City of Hope National Medical Center, CA",USA,36,0,0,NA,NA,0,NA,0,NA,0,R,FALSE,FALSE,NA,0,FALSE,FALSE,FALSE,0,0,NA,NA
GD201,TRUE,5123295,1,2,2,prophiGD201_1-1|prophiGD201_3-1,52591|56309,971290-1023733|2698-57665,6,0,NA,AbiAlpha|Aristaios|CBASS|Dnd|Hna|Wadjet,AbiAlpha|Aristaios|CBASS_II_Phospholipase|Dnd_ABCDE|Hna|Wadjet_I,11,0,0,17,NA,M. abscessus,abscessus,MedStar Georgetown University Hospital,USA,36,0,0,DCC1,HC|HA,2,NA,0,NA,0,S,FALSE,FALSE,NA,0,FALSE,FALSE,FALSE,2,2,Hna|Wadjet,spot_32
GD202,TRUE,5154251,0,2,2,prophiGD202_1-1|prophiGD202_5-1,57532|43498,1083930-1140121|248360-291721,7,0,NA,AbiAlpha|Aristaios|CBASS|Dag|Dnd|Hna|Wadjet,AbiAlpha|Aristaios|CBASS_II_Phospholipase|Dag|Dnd_ABCDE|Hna|Wadjet_I,12,0,0,19,NA,M. abscessus,abscessus,NYU Langone Medical Center,USA,38,0,0,DCC1,HA|HH,2,NA,0,NA,0,S,FALSE,FALSE,NA,0,FALSE,FALSE,FALSE,4,4,AbiAlpha|Aristaios|Dnd|Hna,spot_32|spot_34
GD203,NA,NA,NA,NA,NA,NA,NA,NA,NA,NA,NA,NA,NA,NA,NA,0,NA,NA,NA,NA,Texas Children's Hostpial,NA,36,0,0,NA,NA,0,NA,0,NA,0,S,FALSE,FALSE,NA,0,FALSE,FALSE,FALSE,0,0,NA,NA
GD204,TRUE,5182495,0,3,3,prophiGD204_1-1|prophiGD204_4-1|prophiGD204_5-1,57531|43498|54642,1462289-1518479|162150-205511|248188-302703,7,0,NA,AbiAlpha|Aristaios|CBASS|Dag|Dnd|Hna|Wadjet,AbiAlpha|Aristaios|CBASS_II_Phospholipase|Dag|Dnd_ABCDE|Hna|Wadjet_I,12,0,0,19,NA,M. abscessus,abscessus,Duke University Hospital,NA,36,0,0,DCC1,HA|HH|A1,3,NA,0,BPsdel33HTH_HRM10|BPsdel33HTH_HRM-GD03,2,R,FALSE,TRUE,BPs,1,TRUE,FALSE,TRUE,2,2,CBASS|Dnd,spot_3|spot_34
GD205,TRUE,5376728,1,1,1,prophiGD205_22-1,43355,73835-116622,14,6,RM_I|RM_II|RM_IIG,AbiAlpha|Armada|Dag|PhiR47_GevAT|RM_Type_I|RM_Type_II|RM_Type_IIG|RosmerTA|VP1853|Wadjet,AbiAlpha|Armada_Type_II|Dag|N6_RM_Type_I|N6_RM_Type_IIG|N6_RM_Type_II_PDDEXK|PhiR47_GevAT|RosmerTA|VP1853|Wadjet_I,17,3,5,31,NA,M. abscessus,abscessus,"Moses Cone Memorial hospital in Greensboro, NC",USA,36,0,0,DCC5,HH,1,NA,0,NA,0,S,FALSE,FALSE,NA,0,FALSE,FALSE,FALSE,7,7,Dag|PhiR47_GevAT|RM_Type_I|RM_Type_II|VP1853|Wadjet,spot_1
GD206,TRUE,4871920,0,1,1,prophiGD206_15-1,42809,10781-52843,5,1,RM_IIG,AbiAlpha|Lamassu-Fam|RM_Type_IIG|Wadjet,AbiAlpha|Lamassu_Cap4|N6_RM_Type_IIG|Wadjet_I,9,1,1,14,NA,M. abscessus,abscessus,University of Melbourne,NA,37,13,0.3514,DCC4,HN,1,BPsdel33HTH_HRM10|BPsdel33HTH_HRM-GD03|BPsREM1del33|Muddy|Muddy_HRM-GD04|ZoeJdel43-45|Fionnbharthdel45del47|CrimD del del|8UZL|Maco6|TM4 del rep|MissWhite_D29_HRM|Mufasa,13,Adephagiadel43del45|Itos|Faith1|Faith1GD69|MissWhite,5,R,FALSE,TRUE,BPs|Muddy|Fionnbharth,3,TRUE,TRUE,TRUE,2,2,RM_Type_IIG|Wadjet,spot_24
GD207,TRUE,6223249,3,0,0,NA,NA,NA,7,0,RM_IV,CBASS|Ceres|DRT-like_UG|DS-29|Esos|Thoeris,CBASS_II_Phospholipase|Ceres|DS-29|Esos|Thoeris_IV|UG33,15,1,1,22,NA,M. chimaera,NA,University of Melbourne,NA,36,0,0,NA,NA,0,NA,0,CrimD del del,1,No Morphology,FALSE,FALSE,NA,0,FALSE,TRUE,TRUE,0,0,NA,NA
GD208,NA,NA,NA,NA,NA,NA,NA,NA,NA,NA,NA,NA,NA,NA,NA,0,NA,NA,NA,NA,The University of North Carolina at Chapel Hill,NA,36,0,0,NA,NA,0,NA,0,NA,0,S,FALSE,FALSE,NA,0,FALSE,FALSE,FALSE,0,0,NA,NA
GD209,NA,NA,NA,NA,NA,NA,NA,NA,NA,NA,NA,NA,NA,NA,NA,0,NA,NA,NA,NA,NYU Langone Medical Center,USA,24,0,0,NA,NA,0,NA,0,NA,0,No Morphology,FALSE,FALSE,NA,0,FALSE,FALSE,FALSE,0,0,NA,NA
GD21,TRUE,5218527,2,4,4,prophiGD21-1|prophiGD21-2|prophiGD21-3|prophiGD21-4,40783|61985|55612|52874,496048-536024|1799941-1861477|2547648-2603125|3612155-3663523,7,0,NA,AbiAlpha|Aristaios|CBASS|Cas|Dnd|Hna|Wadjet,AbiAlpha|Aristaios|CAS_Class1-Subtype-IV-B|CBASS_II_Phospholipase|Dnd_ABCDE|Hna|Wadjet_I,13,0,0,20,NA,M. abscessus,abscessus,"Our Lady of the Lake Children's Hospital, Baton Rouge, LA",USA,22,2,0.0909,DCC1,HB|HA|A1|HG,4,BPsdel33HTH_HRM10|BPsdel33HTH_HRM-GD03,2,NA,0,S,FALSE,FALSE,NA,0,FALSE,TRUE,FALSE,4,4,AbiAlpha|Aristaios|CBASS|Cas,spot_3|spot_32|spot_49
GD210,TRUE,5071055,1,1,1,prophiGD210_1-1,57531,1192703-1248893,8,0,NA,AbiAlpha|Aristaios|CBASS|Dnd|Hna|SEFIR|VP1853|Wadjet,AbiAlpha|Aristaios|CBASS_II_Phospholipase|Dnd_ABCDE|Hna|SEFIR|VP1853|Wadjet_I,12,0,0,20,NA,M. abscessus,abscessus,Emory University,USA,36,0,0,DCC1,HA,1,NA,0,D29_HRM_GD150,1,R,FALSE,FALSE,NA,0,FALSE,FALSE,TRUE,2,2,CBASS|Dnd,spot_3|spot_34
GD211,TRUE,4979135,0,0,0,NA,NA,NA,7,1,RM_III,AbiAlpha|CBASS|Dag|RM_Type_III|RloC|RosmerTA|Wadjet,AbiAlpha|CBASS_II_Phospholipase|Dag|N6_N4_RM_Type_III|RloC|RosmerTA|Wadjet_I,13,1,1,20,NA,M. abscessus,abscessus,Borstel national,Germany,36,2,0.0556,DCC4,NA,0,ZoeJdel43-45|CrimD del del,2,BPsREM1del33|TM4 del rep,2,S,FALSE,FALSE,NA,0,FALSE,TRUE,TRUE,2,2,CBASS|Dag,spot_3|spot_88
GD212,TRUE,5450176,1,3,3,prophiGD212_2-1|prophiGD212_3-1|prophiGD212_3-2,25665|56166|27484,1131804-1156386|275555-331185|607954-634313,10,1,RM_IIG,AbiAlpha|CBASS|Cas|DpnI|Other_Type_IV|RM_Type_IIG|RosmerTA|Thoeris|VP1853|Wadjet,AbiAlpha|CAS_Class1-Subtype-IV-B|CBASS_II_Phospholipase|DpnI|N6_RM_Type_IIG|Other_Type_IV|RosmerTA|Thoeris_V_2|VP1853|Wadjet_I,10,0,1,20,NA,M. abscessus,massiliense,Borstel national,Germany,36,3,0.0833,Non-DCC,HH|HG|HC,3,Muddy|Muddy_HRM-GD04|8UZL,3,NA,0,S,FALSE,FALSE,NA,0,FALSE,TRUE,FALSE,1,2,RM_Type_IIG|Thoeris,NA
GD213A,TRUE,4954674,0,0,0,NA,NA,NA,10,1,RM_IIG,AbiAlpha|CBASS|Dag|PhiR47_GevAT|RM_Type_IIG|RosmerTA|VP1853|Wadjet,AbiAlpha|CBASS_II_Phospholipase|Dag|N6_RM_Type_IIG|PhiR47_GevAT|RosmerTA|VP1853|Wadjet_I,13,1,1,23,NA,M. abscessus,abscessus,University of Michigan,USA,36,0,0,DCC4,NA,0,NA,0,phi-T46,1,S,FALSE,FALSE,NA,0,FALSE,FALSE,TRUE,4,8,CBASS|Dag|PhiR47_GevAT|RM_Type_IIG|VP1853|Wadjet,spot_0|spot_3|spot_88
GD213B,TRUE,4955698,0,0,0,NA,NA,NA,10,1,RM_IIG,AbiAlpha|CBASS|Dag|PhiR47_GevAT|RM_Type_IIG|RosmerTA|VP1853|Wadjet,AbiAlpha|CBASS_II_Phospholipase|Dag|N6_RM_Type_IIG|PhiR47_GevAT|RosmerTA|VP1853|Wadjet_I,13,1,1,23,NA,M. abscessus,abscessus,University of Michigan,USA,36,4,0.1111,DCC4,NA,0,BPsdel33HTH_HRM10|BPsdel33HTH_HRM-GD03|BPsREM1del33|Fionnbharthdel45del47,4,NA,0,R,FALSE,FALSE,NA,0,FALSE,TRUE,FALSE,5,9,CBASS|Dag|PhiR47_GevAT|RM_Type_IIG|RosmerTA|VP1853|Wadjet,spot_0|spot_3|spot_88
GD213C,TRUE,4952785,0,0,0,NA,NA,NA,10,1,RM_IIG,AbiAlpha|CBASS|Dag|PhiR47_GevAT|RM_Type_IIG|RosmerTA|VP1853|Wadjet,AbiAlpha|CBASS_II_Phospholipase|Dag|N6_RM_Type_IIG|PhiR47_GevAT|RosmerTA|VP1853|Wadjet_I,13,1,1,23,NA,M. abscessus,abscessus,University of Michigan,USA,36,0,0,DCC4,NA,0,NA,0,NA,0,S,FALSE,NA,NA,NA,NA,NA,FALSE,3,6,CBASS|Dag|PhiR47_GevAT|RM_Type_IIG|VP1853,spot_0|spot_3|spot_88
GD214,TRUE,5117333,0,2,2,prophiGD214_1-1|prophiGD214_4-1,54460|34445,1279927-1333882|582663-616228,6,0,NA,AbiAlpha|Aristaios|CBASS|Dnd|Hna|Wadjet,AbiAlpha|Aristaios|CBASS_II_Phospholipase|Dnd_ABCDE|Hna|Wadjet_I,12,0,0,18,NA,M. abscessus,abscessus,UC San Diego Health,USA,36,0,0,DCC1,HD|HA,2,NA,0,Itos,1,R,FALSE,TRUE,Itos|D29,2,TRUE,TRUE,TRUE,1,1,Hna,spot_32
GD215,NA,NA,NA,NA,NA,NA,NA,NA,NA,NA,NA,NA,NA,NA,NA,0,NA,NA,NA,NA,University of Rochester Medical Center,USA,36,0,0,NA,NA,0,NA,0,CrimD del del,1,No Morphology,FALSE,FALSE,NA,0,FALSE,TRUE,TRUE,0,0,NA,NA
GD216,TRUE,5070571,1,1,1,prophiGD216_1-1,58897,1213799-1272246,6,0,NA,AbiAlpha|Aristaios|CBASS|Dnd|Hna|Wadjet,AbiAlpha|Aristaios|CBASS_II_Phospholipase|Dnd_ABCDE|Hna|Wadjet_I,11,0,0,17,NA,M. abscessus,abscessus,Penn Medicine,USA,36,0,0,DCC1,HA,1,NA,0,GD59SF/phiGD57-1|Faith1,2,S,FALSE,FALSE,NA,0,FALSE,FALSE,TRUE,2,2,Aristaios|CBASS,spot_3|spot_49
GD217,NA,NA,NA,NA,NA,NA,NA,NA,NA,NA,NA,NA,NA,NA,NA,0,NA,NA,NA,NA,"Renown Health, Nevada",USA,36,0,0,NA,NA,0,NA,0,NA,0,No Morphology,FALSE,FALSE,NA,0,FALSE,FALSE,FALSE,0,0,NA,NA
GD218,TRUE,5090205,0,2,2,prophiGD218_1-1|prophiGD218_7-1,26665|51838,6041-31181|89380-140794,7,2,RM_IIG,AbiAlpha|Armada|Hna|RM_Type_IIG|Thoeris|Wadjet,AbiAlpha|Armada_Type_II|Hna|N6_RM_Type_IIG|Thoeris_II|Wadjet_I,10,1,1,17,NA,M. abscessus,abscessus,Alberta Children's Hospital,NA,36,4,0.1111,Non-DCC,HC|HP,2,Muddy|Muddy_HRM-GD04|8UZL|MissWhite_D29_HRM,4,NA,0,R,FALSE,TRUE,Muddy,1,TRUE,TRUE,FALSE,1,1,AbiAlpha,spot_103
GD219,TRUE,5006662,1,2,2,prophiGD219_3-1|prophiGD219_4-1,57531|40049,449197-505387|199939-239471,5,0,NA,AbiAlpha|Aristaios|CBASS|Dnd|Wadjet,AbiAlpha|Aristaios|CBASS_II_Phospholipase|Dnd_ABCDE|Wadjet_I,10,0,0,15,NA,M. abscessus,abscessus,Cleveland Clinic,USA,36,11,0.3056,DCC1,HA|HB,2,BPsdel33HTH_HRM10|BPsdel33HTH_HRM-GD03|BPsREM1del33|Itos|phiGD17-1|phiGD24-3|phiGD22-1|phiGD21-1|GD59SF/phiGD57-1|Faith1GD69|D29_HRM_GD150,11,ZoeJdel43-45|phi-T45|phiGD57-1|phiGD89A-1|phiGD20-1|phiGD23-1|Faith1,7,R,FALSE,TRUE,BPs|D29,2,TRUE,TRUE,TRUE,0,0,NA,NA
GD22,TRUE,5111734,0,1,1,prophiGD22-1,60575,1753982-1814108,6,0,NA,AbiAlpha|Aristaios|CBASS|Dnd|Hna|Wadjet,AbiAlpha|Aristaios|CBASS_II_Phospholipase|Dnd_ABCDE|Hna|Wadjet_I,11,0,0,17,NA,M. abscessus,abscessus,UPMC Pittsburgh,NA,34,2,0.0588,DCC1,HA,1,BPsdel33HTH_HRM10|BPsdel33HTH_HRM-GD03,2,Itos,1,R,FALSE,TRUE,BPs,1,TRUE,TRUE,TRUE,3,3,AbiAlpha|Aristaios|CBASS,spot_3|spot_32|spot_49
GD220,NA,NA,NA,NA,NA,NA,NA,NA,NA,NA,NA,NA,NA,NA,NA,0,NA,NA,NA,NA,National Jewish Health,NA,36,0,0,NA,NA,0,NA,0,NA,0,No Morphology,FALSE,FALSE,NA,0,FALSE,FALSE,FALSE,0,0,NA,NA
GD221,TRUE,5236546,0,1,1,prophiGD221_6-1,40119,309166-348521,6,1,RM_I,AbiAlpha|Aristaios|Dnd|Hna|RM_Type_I|Wadjet,AbiAlpha|Aristaios|Dnd_ABCDE|Hna|N6_RM_Type_I|Wadjet_I,12,1,1,18,NA,M. abscessus,abscessus,"Mayo Clinic of Rochester, Minnesota",USA,36,3,0.0833,DCC1,HB,1,Itos|Faith1|Faith1GD69,3,phi-T45,1,R,FALSE,FALSE,NA,0,FALSE,TRUE,TRUE,2,2,Aristaios|RM_Type_I,spot_34|spot_49
GD222,NA,NA,NA,NA,NA,NA,NA,NA,NA,NA,NA,NA,NA,NA,NA,0,NA,NA,NA,NA,"Mayo Clinic of Rochester, Minnesota",USA,36,0,0,NA,NA,0,NA,0,NA,0,No Morphology,FALSE,FALSE,NA,0,FALSE,FALSE,FALSE,0,0,NA,NA
GD223A,TRUE,4904634,0,2,2,prophiGD223A_5-1|prophiGD223A_6-1,44671|40101,183054-227122|155370-194336,3,1,RM_II,AbiAlpha|RM_Type_II|Wadjet,AbiAlpha|DNA_met_RM_Type_II_PDDEXK|Wadjet_I,7,1,1,10,NA,M. chelonae,NA,"Mayo Clinic of Rochester, Minnesota",USA,36,4,0.1111,NA,HD|HB,2,Muddy|Isca_cpm1|8UZL|phiGD34-2,4,Muddy_HRM-GD04|Adephagiadel43del45|D29_HRM_GD40|phi-T45|Maco6|phiGD20-1|phiGD21-1|MissWhite|MissWhite_D29_HRM|D29,10,S,FALSE,FALSE,NA,0,FALSE,FALSE,TRUE,0,0,NA,NA
GD223B,TRUE,4904594,0,1,1,prophiGD223B_7-1,40101,103792-143125,3,1,RM_II,AbiAlpha|RM_Type_II|Wadjet,AbiAlpha|DNA_met_RM_Type_II_PDDEXK|Wadjet_I,7,1,1,10,NA,M. chelonae,NA,"Mayo Clinic of Rochester, Minnesota",USA,36,11,0.3056,NA,HB,1,Muddy|Muddy_HRM-GD04|Adephagiadel43del45|Fred313_cpm1|Isca_cpm1|phi-T45|8UZL|Maco6|phiGD89A-1|phiGD34-2|phiGD21-1,11,D29_HRM_GD40|phiGD20-1|MissWhite|MissWhite_D29_HRM|D29,5,R,FALSE,FALSE,NA,0,FALSE,TRUE,TRUE,0,0,NA,NA
GD224,TRUE,5035136,1,2,2,prophiGD224-1|prophiGD224-2,41568|52067,2985882-3026932|3984521-4036440,4,2,RM_I|RM_IIG,AbiAlpha|RM_Type_I|RM_Type_IIG|Wadjet,AbiAlpha|N6_RM_Type_I|N6_RM_Type_IIG|Wadjet_I,10,1,2,14,NA,M. abscessus,abscessus,"Mayo Clinic of Rochester, Minnesota",USA,36,0,0,DCC5,HN|HC,2,NA,0,NA,0,R,FALSE,TRUE,Muddy,1,TRUE,TRUE,FALSE,1,1,AbiAlpha,spot_32
GD224post,NA,NA,NA,NA,NA,NA,NA,NA,NA,NA,NA,NA,NA,NA,NA,0,NA,NA,NA,NA,"Mayo Clinic of Rochester, Minnesota",USA,NA,NA,NA,NA,NA,0,NA,NA,NA,NA,NA,NA,NA,NA,NA,NA,NA,NA,0,0,NA,NA
GD225,TRUE,5116794,2,2,2,prophiGD225_1-1|prophiGD225_6-1,91586|47085,207427-298770|222354-269151,10,4,RM_I|RM_II|RM_IIG,AbiAlpha|Armada|DRT|RM_Type_I|RM_Type_II|RM_Type_IIG|RloC|Thoeris|Wadjet,AbiAlpha|Armada_Type_II|DRT9|N6_RM_Type_I|N6_RM_Type_IIG|N6_RM_Type_II_PDDEXK|RloC|Thoeris_VII|Wadjet_I,15,2,3,25,NA,M. abscessus,abscessus,"Mayo Clinic of Rochester, Minnesota",USA,36,0,0,DCC2,HC|HE,2,NA,0,NA,0,R,FALSE,FALSE,NA,0,FALSE,FALSE,FALSE,0,0,NA,NA
GD226,NA,NA,NA,NA,NA,NA,NA,NA,NA,NA,NA,NA,NA,NA,NA,0,NA,NA,NA,NA,"Mayo Clinic of Rochester, Minnesota",USA,36,0,0,NA,NA,0,NA,0,NA,0,S,FALSE,FALSE,NA,0,FALSE,FALSE,FALSE,0,0,NA,NA
GD227,TRUE,4735109,0,0,0,NA,NA,NA,5,0,NA,AbiAlpha|DS-29|Gabija|Menshen|Wadjet,AbiAlpha|DS-29|Gabija|Menshen|Wadjet_I,8,0,0,13,NA,M. abscessus,abscessus,Texas Children's Hospital,NA,36,16,0.4444,DCC4,NA,0,Muddy|Muddy_HRM-GD04|Fionnbharthdel45del47|CrimD del del|Adephagiadel43del45|Itos|D29_HRM_GD40|Fred313_cpm1|Isca_cpm1|8UZL|Maco6|Elmo_HRMmc(2)155|MissWhite|MissWhite_D29_HRM|D29|D29_HRM_GD150,16,phiGD17-1|Faith1|Faith1GD69,3,R,FALSE,TRUE,Muddy|Itos|D29|CrimD|Fionnbharth|Adephagia|Fred313,7,TRUE,TRUE,TRUE,0,0,NA,NA
GD228,TRUE,5136229,1,2,2,prophiGD228_2-1|prophiGD228_8-1,58479|38337,1495392-1552529|711-38050,7,0,NA,AbiAlpha|Aristaios|CBASS|Dag|Dnd|Hna|Wadjet,AbiAlpha|Aristaios|CBASS_II_Phospholipase|Dag|Dnd_ABCDE|Hna|Wadjet_I,13,0,0,20,NA,M. abscessus,abscessus,PSU health,USA,36,0,0,DCC1,HA|HB,2,NA,0,phi-T45,1,R,FALSE,FALSE,NA,0,FALSE,FALSE,TRUE,0,0,NA,NA
GD229A,TRUE,5184000,0,0,0,NA,NA,NA,3,0,RM_III|RM_IV,AbiE|Ceres|Esos,AbiE|Ceres|Esos,11,2,2,14,NA,M. intracellulare,NA,PSU health,USA,36,0,0,NA,NA,0,NA,0,NA,0,S,FALSE,NA,NA,NA,NA,NA,FALSE,0,0,NA,NA
GD229B,TRUE,4945819,0,0,0,NA,NA,NA,3,0,RM_III|RM_IV,AbiE|Ceres|Esos,AbiE|Ceres|Esos,10,2,2,13,NA,M. intracellulare,NA,PSU health,USA,35,0,0,NA,NA,0,NA,0,NA,0,S,FALSE,NA,NA,NA,NA,NA,FALSE,0,0,NA,NA
GD23,TRUE,5071860,1,1,1,prophiGD23_1-1,57531,2930-59120,8,0,NA,AbiAlpha|Aristaios|CBASS|Dnd|Hna|SEFIR|VP1853|Wadjet,AbiAlpha|Aristaios|CBASS_II_Phospholipase|Dnd_ABCDE|Hna|SEFIR|VP1853|Wadjet_I,12,0,0,20,NA,M. abscessus,abscessus,"St. Lukes Hospital, MO",NA,33,0,0,DCC1,HA,1,NA,0,NA,0,R,FALSE,FALSE,NA,0,FALSE,FALSE,FALSE,4,4,Dnd|Hna|VP1853|Wadjet,spot_32|spot_34
GD230,TRUE,4954151,0,0,0,NA,NA,NA,10,3,RM_III|RM_IIG,AbiAlpha|CBASS|Dag|RM_Type_IIG|RM_Type_III|RloC|RosmerTA|VP1853|Wadjet,AbiAlpha|CBASS_II_Phospholipase|Dag|N6_N4_RM_Type_III|N6_RM_Type_IIG|RloC|RosmerTA|VP1853|Wadjet_I,17,2,3,27,NA,M. abscessus,abscessus,Maine Health,USA,36,0,0,DCC4,NA,0,NA,0,NA,0,S,FALSE,FALSE,NA,0,FALSE,FALSE,FALSE,4,7,CBASS|Dag|RM_Type_IIG|RM_Type_III|RloC|VP1853,spot_0|spot_22|spot_34
GD231,TRUE,5179769,2,2,2,prophiGD231_1-1|prophiGD231_7-1,58479|40079,2700-59837|179038-218510,8,0,NA,AbiAlpha|Aristaios|CBASS|Dag|Dnd|Hna|VP1853|Wadjet,AbiAlpha|Aristaios|CBASS_II_Phospholipase|Dag|Dnd_ABCDE|Hna|VP1853|Wadjet_I,13,0,0,21,NA,M. abscessus,abscessus,UC Davis Health,USA,36,0,0,DCC1,HA|HB,2,NA,0,NA,0,S,FALSE,FALSE,NA,0,FALSE,FALSE,FALSE,5,5,AbiAlpha|CBASS|Dag|Dnd|Wadjet,spot_0|spot_3|spot_34
GD232,NA,NA,NA,NA,NA,NA,NA,NA,NA,NA,NA,NA,NA,NA,NA,0,NA,NA,NA,NA,Sydney Children's Hospital- Randwick,NA,36,0,0,NA,NA,0,NA,0,Itos|Fred313_cpm1,2,R,FALSE,TRUE,Itos|Fred313,2,TRUE,TRUE,TRUE,0,0,NA,NA
GD233A,TRUE,5053648,1,1,1,prophiGD233A_9-1,51621,201333-252434,5,2,RM_I|RM_II|RM_IIG,AbiAlpha|RM_Type_I|RM_Type_IIG|VP1853|Wadjet,AbiAlpha|N6_RM_Type_I|N6_RM_Type_IIG|VP1853|Wadjet_I,15,3,4,20,NA,M. abscessus,abscessus,"Canterbury Health Laboratories-Christchurch, NZ",New Zealand,36,0,0,DCC5,HC,1,NA,0,NA,0,S,FALSE,NA,NA,NA,NA,NA,FALSE,2,2,RM_Type_I|VP1853,spot_9
GD233B,TRUE,5054758,1,1,1,prophiGD233B_4-1,51621,22016-73489,5,2,RM_I|RM_II|RM_IIG,AbiAlpha|RM_Type_I|RM_Type_IIG|VP1853|Wadjet,AbiAlpha|N6_RM_Type_I|N6_RM_Type_IIG|VP1853|Wadjet_I,15,3,4,20,NA,M. abscessus,abscessus,"Canterbury Health Laboratories-Christchurch, NZ",New Zealand,36,0,0,DCC5,HC,1,NA,0,NA,0,S,FALSE,NA,NA,NA,NA,NA,FALSE,2,2,RM_Type_I|Wadjet,spot_9
GD233C,TRUE,5164285,2,1,1,prophiGD233C_3-1,60696,123559-183135,8,4,RM_I|RM_IIG,AbiAlpha|Armada|RM_Type_I|RM_Type_IIG|Thoeris|Wadjet,AbiAlpha|Armada_Type_II|N6_RM_Type_I|N6_RM_Type_IIG|Thoeris_VII|Wadjet_I,10,1,3,18,NA,M. abscessus,abscessus,"Canterbury Health Laboratories-Christchurch, NZ",New Zealand,36,4,0.1111,Unassigned,HE,1,Muddy|Muddy_HRM-GD04|8UZL|Maco6,4,NA,0,S,FALSE,NA,NA,NA,NA,NA,FALSE,0,0,NA,NA
GD233D,TRUE,5178954,2,2,2,prophiGD233D_2-1|prophiGD233D_9-1,60696|40064,381578-441154|69403-108290,8,4,RM_I|RM_IIG,AbiAlpha|Armada|RM_Type_I|RM_Type_IIG|Thoeris|Wadjet,AbiAlpha|Armada_Type_II|N6_RM_Type_I|N6_RM_Type_IIG|Thoeris_VII|Wadjet_I,10,1,3,18,NA,M. abscessus,abscessus,"Canterbury Health Laboratories-Christchurch, NZ",New Zealand,36,6,0.1667,DCC2,HE|HB,2,BPsdel33HTH_HRM10|Muddy|Muddy_HRM-GD04|Fionnbharthdel45del47|8UZL|Maco6,6,BPsdel33HTH_HRM-GD03|BPsREM1del33,2,No Morphology,FALSE,TRUE,Muddy,1,TRUE,TRUE,TRUE,2,4,Armada|RM_Type_IIG,spot_22
GD233E,TRUE,5163636,2,2,2,prophiGD233E_10-1|prophiGD233E_4-1,40064|60696,81546-120433|123611-183187,8,4,RM_I|RM_IIG,AbiAlpha|Armada|RM_Type_I|RM_Type_IIG|Thoeris|Wadjet,AbiAlpha|Armada_Type_II|N6_RM_Type_I|N6_RM_Type_IIG|Thoeris_VII|Wadjet_I,10,1,3,18,NA,M. abscessus,abscessus,"Canterbury Health Laboratories-Christchurch, NZ",New Zealand,36,4,0.1111,DCC2,HB|HE,2,Muddy|Muddy_HRM-GD04|8UZL|Maco6,4,BPsdel33HTH_HRM10|BPsdel33HTH_HRM-GD03|BPsREM1del33,3,No Morphology,FALSE,NA,NA,NA,FALSE,FALSE,TRUE,1,1,Wadjet,NA
GD233F,TRUE,5163953,2,2,2,prophiGD233F_1-1|prophiGD233F_10-1,60696|40064,278084-337660|69403-108290,8,4,RM_I|RM_IIG,AbiAlpha|Armada|RM_Type_I|RM_Type_IIG|Thoeris|Wadjet,AbiAlpha|Armada_Type_II|N6_RM_Type_I|N6_RM_Type_IIG|Thoeris_VII|Wadjet_I,10,1,3,18,NA,M. abscessus,abscessus,"Canterbury Health Laboratories-Christchurch, NZ",New Zealand,36,4,0.1111,DCC2,HE|HB,2,Muddy|Muddy_HRM-GD04|8UZL|Maco6,4,NA,0,R,FALSE,NA,NA,NA,NA,NA,FALSE,5,7,AbiAlpha|Armada|RM_Type_I|RM_Type_IIG|Thoeris,spot_22|spot_54|spot_9
GD233G,TRUE,5163607,2,1,1,prophiGD233G_1-1,60696,843317-902893,8,4,RM_I|RM_IIG,AbiAlpha|Armada|RM_Type_I|RM_Type_IIG|Thoeris|Wadjet,AbiAlpha|Armada_Type_II|N6_RM_Type_I|N6_RM_Type_IIG|Thoeris_VII|Wadjet_I,10,1,3,18,NA,M. abscessus,abscessus,"Canterbury Health Laboratories-Christchurch, NZ",New Zealand,36,4,0.1111,DCC2,HE,1,Muddy|Muddy_HRM-GD04|8UZL|Maco6,4,NA,0,R,FALSE,NA,NA,NA,NA,NA,FALSE,3,3,RM_Type_I|RM_Type_IIG|Wadjet,spot_22|spot_9
GD233H,TRUE,5162093,2,2,2,prophiGD233H_1-1|prophiGD233H_12-1,60696|40064,843317-902893|81546-120433,8,4,RM_I|RM_IIG,AbiAlpha|Armada|RM_Type_I|RM_Type_IIG|Thoeris|Wadjet,AbiAlpha|Armada_Type_II|N6_RM_Type_I|N6_RM_Type_IIG|Thoeris_VII|Wadjet_I,10,1,3,18,NA,M. abscessus,abscessus,"Canterbury Health Laboratories-Christchurch, NZ",New Zealand,36,4,0.1111,DCC2,HE|HB,2,Muddy|Muddy_HRM-GD04|8UZL|Maco6,4,NA,0,R,FALSE,NA,NA,NA,NA,NA,FALSE,3,3,RM_Type_I|RM_Type_IIG|Wadjet,spot_22|spot_9
GD233I,TRUE,4945134,1,2,2,prophiGD233I_1-1|prophiGD233I_10-1,60696|40064,402119-461695|81546-120433,8,4,RM_I|RM_IIG,AbiAlpha|Armada|RM_Type_I|RM_Type_IIG|Thoeris|Wadjet,AbiAlpha|Armada_Type_II|N6_RM_Type_I|N6_RM_Type_IIG|Thoeris_VII|Wadjet_I,10,1,3,18,NA,M. abscessus,abscessus,"Canterbury Health Laboratories-Christchurch, NZ",New Zealand,36,4,0.1111,DCC2,HE|HB,2,Muddy|Muddy_HRM-GD04|8UZL|Maco6,4,NA,0,S,FALSE,NA,NA,NA,NA,NA,FALSE,2,2,RM_Type_IIG|Wadjet,spot_22
GD234,NA,NA,NA,NA,NA,NA,NA,NA,NA,NA,NA,NA,NA,NA,NA,0,NA,NA,NA,NA,NHS Lothian,United Kingdom,36,0,0,NA,NA,0,NA,0,NA,0,S,FALSE,FALSE,NA,0,FALSE,FALSE,FALSE,0,0,NA,NA
GD235,NA,NA,NA,NA,NA,NA,NA,NA,NA,NA,NA,NA,NA,NA,NA,0,NA,NA,NA,NA,"University of California, Los Angeles",NA,36,0,0,NA,NA,0,NA,0,NA,0,S,FALSE,FALSE,NA,0,FALSE,FALSE,FALSE,0,0,NA,NA
GD236,NA,NA,NA,NA,NA,NA,NA,NA,NA,NA,NA,NA,NA,NA,NA,0,NA,NA,NA,NA,"University of California, Los Angeles",NA,36,0,0,NA,NA,0,NA,0,CrimD del del|Adephagiadel43del45,2,S,TRUE,FALSE,NA,0,FALSE,TRUE,TRUE,0,0,NA,NA
GD237,NA,NA,NA,NA,NA,NA,NA,NA,NA,NA,NA,NA,NA,NA,NA,0,NA,NA,NA,NA,Vanderbilt University Medical Center,USA,36,6,0.1667,NA,NA,0,BPsREM1del33|Muddy|Muddy_HRM-GD04|Fionnbharthdel45del47|8UZL|Maco6,6,NA,0,R,FALSE,TRUE,BPs|Muddy|Fionnbharth,3,TRUE,TRUE,FALSE,0,0,NA,NA
GD238,TRUE,5044568,0,2,2,prophiGD238_3-1|prophiGD238_4-1,75903|52084,154956-230159|397295-448861,8,2,RM_III|RM_IIG,AbiAlpha|CBASS|Dag|RM_Type_IIG|RM_Type_III|RloC|RosmerTA|Wadjet,AbiAlpha|CBASS_II_Phospholipase|Dag|N6_N4_RM_Type_III|N6_RM_Type_IIG|RloC|RosmerTA|Wadjet_I,15,2,2,23,NA,M. abscessus,abscessus,Christiana Care - Newark Delaware,USA,36,4,0.1111,DCC4,L|HD,2,BPsdel33HTH_HRM10|BPsdel33HTH_HRM-GD03|Fionnbharthdel45del47|CrimD del del,4,BPsREM1del33|ZoeJdel43-45|Itos|Faith1,4,R,FALSE,FALSE,NA,0,FALSE,TRUE,TRUE,3,3,CBASS|Dag|RM_Type_IIG,spot_56
GD239,NA,NA,NA,NA,NA,NA,NA,NA,NA,NA,NA,NA,NA,NA,NA,0,NA,NA,NA,NA,Christiana Care - Newark Delaware,USA,36,0,0,NA,NA,0,NA,0,NA,0,R,FALSE,FALSE,NA,0,FALSE,FALSE,FALSE,0,0,NA,NA
GD24,TRUE,5144385,1,3,3,prophiGD24_1-1|prophiGD24_5-1|prophiGD24_6-1,52875|65726|54885,261242-312611|74-65346|248212-302947,6,0,NA,AbiAlpha|Aristaios|CBASS|Dnd|Hna|Wadjet,AbiAlpha|Aristaios|CBASS_II_Phospholipase|Dnd_ABCDE|Hna|Wadjet_I,11,0,0,17,NA,M. abscessus,abscessus,"Giannina Gaslini Children’s Hospital, Genoa Italy",Italy,33,2,0.0606,DCC1,HG|HA|A1,3,BPsdel33HTH_HRM10|BPsdel33HTH_HRM-GD03,2,NA,0,R,FALSE,TRUE,BPs|Itos,2,TRUE,TRUE,FALSE,1,1,AbiAlpha,spot_32
GD240A,NA,NA,NA,NA,NA,NA,NA,NA,NA,NA,NA,NA,NA,NA,NA,0,NA,NA,NA,NA,Queens University,Canada,36,5,0.1389,NA,NA,0,ZoeJdel43-45|Fionnbharthdel45del47|CrimD del del|Adephagiadel43del45|TM4 del rep,5,NA,0,S,FALSE,NA,NA,NA,NA,NA,FALSE,0,0,NA,NA
GD240B,NA,NA,NA,NA,NA,NA,NA,NA,NA,NA,NA,NA,NA,NA,NA,0,NA,NA,NA,NA,Queens University,Canada,36,5,0.1389,NA,NA,0,ZoeJdel43-45|Fionnbharthdel45del47|CrimD del del|Adephagiadel43del45|TM4 del rep,5,NA,0,S,FALSE,NA,NA,NA,NA,NA,FALSE,0,0,NA,NA
GD241,TRUE,5023921,2,0,0,NA,NA,NA,8,1,RM_II,AbiAlpha|CBASS|DpnI|McrBC|Other_Type_IV|RM_Type_II|Rhea|Wadjet,AbiAlpha|CBASS_II_Phospholipase|DpnI|McrBC|N6_N4_RM_Type_II_HATPase|Other_Type_IV|Rhea|Wadjet_I,7,0,1,15,NA,M. abscessus,massiliense,Children's Nebraska,USA,36,0,0,Non-DCC,NA,0,NA,0,8UZL,1,S,FALSE,FALSE,NA,0,FALSE,TRUE,TRUE,4,4,CBASS|McrBC|Other_Type_IV|Rhea,spot_10|spot_39
GD242A,TRUE,5152919,0,1,1,prophiGD242A_3-1,40118,266243-305213,11,2,RM_IIG,AbiAlpha|Aristaios|Armada|Butters_gp57r|McrBC|Other_Type_IV|PD-T7-2|RM_Type_IIG|VP1853|Wadjet,AbiAlpha|Aristaios|Armada_Type_II|Butters_gp57r|McrBC|N6_RM_Type_IIG|Other_Type_IV|PD-T7-2|VP1853|Wadjet_I,9,1,1,20,NA,M. abscessus,bolletii,University Hospital Jena,Germany,36,0,0,Non-DCC,HB,1,NA,0,phiGD89A-1,1,R,FALSE,NA,NA,NA,NA,NA,TRUE,3,6,Aristaios|Armada|McrBC|PD-T7-2|RM_Type_IIG,spot_26|spot_29
GD242B,TRUE,5055248,1,1,1,prophiGD242B_4-1,40118,219478-258448,11,2,RM_IIG,AbiAlpha|Aristaios|Armada|Butters_gp57r|McrBC|Other_Type_IV|PD-T7-2|RM_Type_IIG|VP1853|Wadjet,AbiAlpha|Aristaios|Armada_Type_II|Butters_gp57r|McrBC|N6_RM_Type_IIG|Other_Type_IV|PD-T7-2|VP1853|Wadjet_I,9,1,1,20,NA,M. abscessus,bolletii,University Hospital Jena,Germany,36,1,0.0278,Non-DCC,HB,1,phiGD21-1,1,phiGD89A-1,1,R,FALSE,NA,NA,NA,NA,NA,TRUE,4,7,AbiAlpha|Aristaios|Armada|PD-T7-2|RM_Type_IIG|Wadjet,spot_29
GD242C,TRUE,5171359,1,1,1,prophiGD242C_4-1,40118,179823-218793,11,2,RM_IIG,AbiAlpha|Aristaios|Armada|Butters_gp57r|McrBC|Other_Type_IV|PD-T7-2|RM_Type_IIG|VP1853|Wadjet,AbiAlpha|Aristaios|Armada_Type_II|Butters_gp57r|McrBC|N6_RM_Type_IIG|Other_Type_IV|PD-T7-2|VP1853|Wadjet_I,9,1,1,20,NA,M. abscessus,bolletii,University Hospital Jena,Germany,36,1,0.0278,Non-DCC,HB,1,phiGD21-1,1,phiGD89A-1,1,R,FALSE,NA,NA,NA,NA,NA,TRUE,4,7,Armada|Butters_gp57r|McrBC|RM_Type_IIG|VP1853|Wadjet,spot_1|spot_26|spot_29
GD243,TRUE,5093480,0,2,2,prophiGD243_19-1|prophiGD243_5-1,32968|40441,19021-50879|222121-261997,8,3,RM_I|RM_II|RM_IIG,AbiAlpha|Hna|RM_Type_I|RM_Type_II|RM_Type_IIG|SoFIC|Wadjet,AbiAlpha|DNA_met_RM_Type_II|Hna|N6_RM_Type_I|N6_RM_Type_IIG|SoFic|Wadjet_I,14,0,3,22,NA,M. abscessus,abscessus,"Sansum Clinic and Cottage Health, Santa Barbara, CA",USA,36,6,0.1667,DCC5,HD|HB,2,Muddy|Muddy_HRM-GD04|ZoeJdel43-45|Fionnbharthdel45del47|8UZL|Maco6,6,TM4 del rep|phiGD89A-1|phiGD21-1|Faith1|MissWhite,5,R,FALSE,TRUE,Muddy|Fionnbharth|ZoeJ,3,TRUE,TRUE,TRUE,3,3,SoFIC|Wadjet,spot_9
GD244,NA,NA,NA,NA,NA,NA,NA,NA,NA,NA,NA,NA,NA,NA,NA,0,NA,NA,NA,NA,UC San Diego Health,USA,36,0,0,NA,NA,0,NA,0,NA,0,S,FALSE,FALSE,NA,0,FALSE,FALSE,FALSE,0,0,NA,NA
GD245,TRUE,5103644,0,1,1,prophiGD245_2-1,70587,449148-519282,7,0,NA,AbiAlpha|Aristaios|CBASS|Dnd|Hna|SEFIR|Wadjet,AbiAlpha|Aristaios|CBASS_II_Phospholipase|Dnd_ABCDE|Hna|SEFIR|Wadjet_I,12,0,0,19,NA,M. abscessus,abscessus,Ohio State University,USA,36,12,0.3333,DCC1,HA,1,D29_HRM_GD40|phi-T45|phiGD57-1|phiGD17-1|phiGD24-3|phiGD89A-1|phiGD20-1|phiGD22-1|phiGD34-2|phiGD21-1|GD59SF/phiGD57-1|D29_HRM_GD150,12,BPsdel33HTH_HRM10|BPsdel33HTH_HRM-GD03|BPsREM1del33|Itos|phiGD23-1|Faith1|Faith1GD69,7,R,FALSE,FALSE,NA,0,FALSE,TRUE,TRUE,2,2,Aristaios|CBASS,spot_3|spot_49
GD246A,TRUE,5236313,1,2,2,prophiGD246A_13-1|prophiGD246A_4-1,47085|55504,122217-169014|52744-106742,11,4,RM_I|RM_III|RM_IIG,AbiAlpha|Armada|DRT|Dag|RM_Type_I|RM_Type_IIG|RM_Type_III|RloC|Thoeris|Wadjet,AbiAlpha|Armada_Type_II|DRT9|Dag|N6_N4_RM_Type_III|N6_RM_Type_I|N6_RM_Type_IIG|RloC|Thoeris_VII|Wadjet_I,11,1,3,22,NA,M. abscessus,abscessus,Royal Belfast Hospital for Sick Children,United Kingdom,36,0,0,DCC2,HE|HG,2,NA,0,NA,0,S,FALSE,NA,NA,NA,NA,NA,FALSE,3,4,Dag|RM_Type_III|Thoeris|Wadjet,NA
GD246B,TRUE,5241820,1,1,1,prophiGD246B_4-1,55504,271618-325616,11,4,RM_I|RM_III|RM_IIG,AbiAlpha|Armada|DRT|Dag|RM_Type_I|RM_Type_IIG|RM_Type_III|RloC|Thoeris|Wadjet,AbiAlpha|Armada_Type_II|DRT9|Dag|N6_N4_RM_Type_III|N6_RM_Type_I|N6_RM_Type_IIG|RloC|Thoeris_VII|Wadjet_I,11,1,3,22,NA,M. abscessus,abscessus,Royal Belfast Hospital for Sick Children,United Kingdom,36,0,0,DCC2,HG,1,NA,0,NA,0,S,FALSE,NA,NA,NA,NA,NA,FALSE,2,4,Armada|RM_Type_IIG|Wadjet,spot_53
GD246C,TRUE,5264356,0,2,2,prophiGD246C_13-1|prophiGD246C_5-1,42817|55504,123222-164818|271618-325616,11,4,RM_I|RM_III|RM_IIG,AbiAlpha|Armada|DRT|Dag|RM_Type_I|RM_Type_IIG|RM_Type_III|RloC|Thoeris|Wadjet,AbiAlpha|Armada_Type_II|DRT9|Dag|N6_N4_RM_Type_III|N6_RM_Type_I|N6_RM_Type_IIG|RloC|Thoeris_VII|Wadjet_I,11,1,3,22,NA,M. abscessus,abscessus,Royal Belfast Hospital for Sick Children,United Kingdom,36,0,0,DCC2,HE|HG,2,NA,0,NA,0,S,FALSE,NA,NA,NA,NA,NA,FALSE,1,2,Dag|RM_Type_III,NA
GD247,TRUE,4934422,0,1,1,prophiGD247-1,40473,3912687-3953021,7,1,RM_III,AbiAlpha|CBASS|Dag|RM_Type_III|RloC|RosmerTA|Wadjet,AbiAlpha|CBASS_II_Phospholipase|Dag|N6_N4_RM_Type_III|RloC|RosmerTA|Wadjet_I,13,1,1,20,NA,M. abscessus,abscessus,Royal Children's Hospital of Melbourne,NA,36,10,0.2778,DCC4,HN,1,BPsdel33HTH_HRM10|BPsdel33HTH_HRM-GD03|BPsREM1del33|ZoeJdel43-45|Fionnbharthdel45del47|CrimD del del|Adephagiadel43del45|Itos|Faith1|Faith1GD69,10,NA,0,R,FALSE,TRUE,BPs|Itos|CrimD,3,TRUE,TRUE,FALSE,3,3,CBASS|Dag|RosmerTA,spot_3|spot_66|spot_88
GD248,TRUE,5062793,0,1,1,prophiGD248_1-1,40500,456148-496041,5,0,NA,AbiAlpha|Aristaios|Dnd|Hna|Wadjet,AbiAlpha|Aristaios|Dnd_ABCDE|Hna|Wadjet_I,10,0,0,15,NA,M. abscessus,abscessus,Hadassah Hebrew Univ,Israel,36,10,0.2778,DCC1,HB,1,Itos|D29_HRM_GD40|phi-T45|phiGD57-1|phiGD17-1|phiGD89A-1|phiGD22-1|phiGD34-2|GD59SF/phiGD57-1|D29_HRM_GD150,10,phiGD23-1|Faith1|Faith1GD69|D29,4,R,FALSE,TRUE,Itos|D29|phAK20,3,TRUE,TRUE,TRUE,1,1,AbiAlpha,spot_32
GD249,TRUE,4928631,0,0,0,NA,NA,NA,6,2,RM_I|RM_II,AbiAlpha|CBASS|Cas|RM_Type_I|RM_Type_II|Wadjet,AbiAlpha|CAS_Class1-Subtype-IV-B|CBASS_I_TM|DNA_met_RM_Type_II_PDDEXK|N6_RM_Type_I|Wadjet_I,13,2,2,19,NA,M. abscessus,abscessus,Hadassah Hebrew Univ,Israel,36,0,0,DCC4,NA,0,NA,0,NA,0,S,FALSE,FALSE,NA,0,FALSE,FALSE,FALSE,4,4,Cas|RM_Type_I|RM_Type_II|Wadjet,NA
GD25,TRUE,5194754,0,1,1,prophiGD25-1,60696,1889537-1949113,10,4,RM_I|RM_IIG,AbiAlpha|Armada|RM_Type_I|RM_Type_IIG|RloC|Taranis|Thoeris|Wadjet,AbiAlpha|Armada_Type_II|N6_RM_Type_I|N6_RM_Type_IIG|RloC|Taranis|Thoeris_VII|Wadjet_I,11,1,3,21,NA,M. abscessus,abscessus,Alaska Regional Hospital,USA,34,2,0.0588,DCC2,HE,1,Muddy|Muddy_HRM-GD04,2,NA,0,R,FALSE,TRUE,Muddy,1,TRUE,TRUE,FALSE,2,2,Taranis|Thoeris,spot_54
GD250,TRUE,5399272,0,3,3,prophiGD250_12-1|prophiGD250_2-1|prophiGD250_3-1,43478|57531|55264,609-43361|2794-58984|122947-178084,8,0,NA,AbiAlpha|Aristaios|CBASS|Dag|Dnd|Hna|Wadjet,AbiAlpha|Aristaios|CBASS_II_Phospholipase|Dag|Dnd_ABCDE|Hna|Wadjet_I,13,0,0,21,NA,M. abscessus,abscessus,"Mayo Clinic of Rochester, Minnesota",USA,36,0,0,DCC1,HH|HA|A1,3,NA,0,phiGD89A-1,1,R,FALSE,FALSE,NA,0,FALSE,FALSE,TRUE,3,3,Dnd|Wadjet,spot_34
GD251,TRUE,5052932,0,1,1,prophiGD251_2-1,61802,155837-217186,6,0,NA,AbiAlpha|Aristaios|CBASS|Dnd|Hna|Wadjet,AbiAlpha|Aristaios|CBASS_II_Phospholipase|Dnd_ABCDE|Hna|Wadjet_I,11,0,0,17,NA,M. abscessus,abscessus,"Mayo Clinic of Rochester, Minnesota",USA,36,0,0,DCC1,HA,1,NA,0,NA,0,S,FALSE,FALSE,NA,0,FALSE,FALSE,FALSE,4,4,AbiAlpha|Aristaios|CBASS|Wadjet,spot_3|spot_32|spot_49
GD252,NA,NA,NA,NA,NA,NA,NA,NA,NA,NA,NA,NA,NA,NA,NA,0,NA,NA,NA,NA,Yale,USA,36,0,0,NA,NA,0,NA,0,NA,0,S,FALSE,FALSE,NA,0,FALSE,FALSE,FALSE,0,0,NA,NA
GD253,TRUE,4964407,0,1,1,prophiGD253_8-1,52109,48-51841,7,1,RM_III,AbiAlpha|CBASS|Dag|RM_Type_III|RloC|RosmerTA|Wadjet,AbiAlpha|CBASS_II_Phospholipase|Dag|N6_N4_RM_Type_III|RloC|RosmerTA|Wadjet_I,13,1,1,20,NA,M. abscessus,abscessus,"Mayo Clinic of Rochester, Minnesota",USA,30,0,0,DCC4,HA,1,NA,0,ZoeJdel43-45|Fionnbharthdel45del47|CrimD del del,3,S,FALSE,FALSE,NA,0,FALSE,TRUE,TRUE,1,1,CBASS,spot_3
GD254,TRUE,5022491,0,0,0,NA,NA,NA,16,6,RM_I|RM_IIG,AbiAlpha|Armada|BREX|DRT|Dag|PD-T7-2|RM_Type_I|RM_Type_IIG|RloC|VP1853|Wadjet,AbiAlpha|Armada_Type_I|Armada_Type_II|BREX_I|DRT9|Dag|N6_RM_Type_I|N6_RM_Type_IIG|PD-T7-2|RloC|VP1853|Wadjet_I,14,1,4,30,NA,M. abscessus,abscessus,U of Michigan,USA,36,3,0.0833,DCC5,NA,0,phiGD89A-1|phiGD34-2|phiGD21-1,3,NA,0,R,FALSE,TRUE,Muddy|phAK2|phAK20,3,TRUE,TRUE,FALSE,2,3,RM_Type_I|RM_Type_IIG|VP1853,spot_0|spot_9
GD255,TRUE,5525305,4,4,4,prophiGD255_12-1|prophiGD255_13-1|prophiGD255_14-1|prophiGD255_8-1,48073|75287|53110|40275,148747-193839|80384-155394|125218-177808|69364-108874,13,4,RM_I|RM_II|RM_IIG,AbiAlpha|DRT|Dag|Metis|RM_Type_I|RM_Type_II|RM_Type_IIG|RloC|VP1853|Wadjet,AbiAlpha|DNA_met_RM_Type_II_PDDEXK|DRT9|Dag|Metis_II|N6_RM_Type_I|N6_RM_Type_IIG|RloC|VP1853|Wadjet_I,14,1,4,27,NA,M. abscessus,abscessus,South Australia,NA,36,0,0,DCC5,M|HK|HC|HB,4,NA,0,NA,0,R,FALSE,FALSE,NA,0,FALSE,FALSE,FALSE,3,4,Dag|Metis|RM_Type_IIG|VP1853,spot_121|spot_26
GD256,NA,NA,NA,NA,NA,NA,NA,NA,NA,NA,NA,NA,NA,NA,NA,0,NA,NA,NA,NA,Universtiy of Melbourne,NA,36,0,0,NA,NA,0,NA,0,NA,0,No Morphology,FALSE,FALSE,NA,0,FALSE,FALSE,FALSE,0,0,NA,NA
GD257,NA,NA,NA,NA,NA,NA,NA,NA,NA,NA,NA,NA,NA,NA,NA,0,NA,NA,NA,NA,Yale,USA,36,0,0,NA,NA,0,NA,0,NA,0,S,FALSE,FALSE,NA,0,FALSE,FALSE,FALSE,0,0,NA,NA
GD258,TRUE,5292141,0,2,2,prophiGD258_13-1|prophiGD258_2-1,73080|53805,13257-85290|464053-517441,9,1,RM_IIG,AbiAlpha|AbiD|AbiE|DRT|Dag|RM_Type_IIG|RloC|VP1853|Wadjet,AbiAlpha|AbiD|AbiE|DRT9|Dag|N6_RM_Type_IIG|RloC|VP1853|Wadjet_I,13,1,1,22,NA,M. abscessus,abscessus,"Mayo Clinic of Rochester, Minnesota",USA,36,6,0.1667,DCC5,HK|HF,2,BPsdel33HTH_HRM10|BPsdel33HTH_HRM-GD03|BPsREM1del33|Adephagiadel43del45|Itos|Faith1,6,phiGD34-2,1,R,FALSE,TRUE,BPs,1,TRUE,TRUE,TRUE,1,1,AbiD,NA
GD259,TRUE,5114392,0,2,2,prophiGD259_3-1|prophiGD259_7-1,52591|66737,360208-412651|2586-67579,6,0,NA,AbiAlpha|Aristaios|CBASS|Dnd|Hna|Wadjet,AbiAlpha|Aristaios|CBASS_II_Phospholipase|Dnd_ABCDE|Hna|Wadjet_I,11,0,0,17,NA,M. abscessus,abscessus,Children's Hospital of The King's Daughters,USA,36,15,0.4167,DCC1,HC|HA,2,BPsdel33HTH_HRM10|BPsdel33HTH_HRM-GD03|BPsREM1del33|Itos|phi-T45|phiGD17-1|phiGD24-3|phiGD89A-1|phiGD20-1|phiGD22-1|phiGD34-2|phiGD21-1|phiGD23-1|Faith1|Faith1GD69,15,NA,0,R,FALSE,FALSE,NA,0,FALSE,TRUE,FALSE,0,0,NA,NA
GD26,TRUE,5098671,0,1,1,prophiGD26-1,61802,1738025-1799374,6,0,NA,AbiAlpha|Aristaios|CBASS|Dnd|Hna|Wadjet,AbiAlpha|Aristaios|CBASS_II_Phospholipase|Dnd_ABCDE|Hna|Wadjet_I,11,0,0,17,NA,M. abscessus,abscessus,UPMC Pittsburgh,NA,34,2,0.0588,DCC1,HA,1,BPsdel33HTH_HRM10|Itos,2,BPsdel33HTH_HRM-GD03,1,R,FALSE,TRUE,BPs|Itos,2,TRUE,TRUE,TRUE,3,3,AbiAlpha|Aristaios|CBASS,spot_3|spot_32|spot_49
GD260,TRUE,5016563,0,1,1,prophiGD260_13-1,33544,3104-35529,5,1,RM_III,AbiAlpha|Aristaios|Dnd|RM_Type_III|Wadjet,AbiAlpha|Aristaios|Dnd_ABCDE|N6_N4_RM_Type_III|Wadjet_I,9,0,1,14,NA,M. abscessus,abscessus,"Mayo Clinic of Rochester, Minnesota",USA,36,0,0,DCC1,HB,1,NA,0,NA,0,S,FALSE,FALSE,NA,0,FALSE,FALSE,FALSE,2,2,AbiAlpha|RM_Type_III,spot_28
GD261,NA,NA,NA,NA,NA,NA,NA,NA,NA,NA,NA,NA,NA,NA,NA,0,NA,NA,NA,NA,Hadassah Hebrew Univ,Israel,36,0,0,NA,NA,0,NA,0,NA,0,No Morphology,FALSE,FALSE,NA,0,FALSE,FALSE,FALSE,0,0,NA,NA
GD262,TRUE,5045704,1,2,2,prophiGD262_3-1|prophiGD262_6-1,42652|61646,409754-452262|73191-134475,8,3,RM_I|RM_IIG,AbiAlpha|CBASS|Other_Type_IV|RM_Type_I|RM_Type_IIG|Wadjet,AbiAlpha|CBASS_II_Phospholipase|CBASS_I_TM|N6_RM_Type_I|N6_RM_Type_IIG|Other_Type_IV|Wadjet_I,13,1,3,21,NA,M. abscessus,massiliense,Jewish General Hospital Montreal,NA,36,0,0,DCC7,HN|HA,2,NA,0,NA,0,R,FALSE,TRUE,Muddy,1,TRUE,FALSE,FALSE,1,3,CBASS|RM_Type_I|RM_Type_IIG,spot_44
GD263,NA,NA,NA,NA,NA,NA,NA,NA,NA,NA,NA,NA,NA,NA,NA,0,NA,NA,NA,NA,"City of Hope National Medical Center, CA",USA,36,0,0,NA,NA,0,NA,0,NA,0,S,TRUE,FALSE,NA,0,FALSE,FALSE,FALSE,0,0,NA,NA
GD264,NA,NA,NA,NA,NA,NA,NA,NA,NA,NA,NA,NA,NA,NA,NA,0,NA,NA,NA,NA,Cincinnati Children’s Hospital Medical Center,USA,36,0,0,NA,NA,0,NA,0,NA,0,S,TRUE,FALSE,NA,0,FALSE,FALSE,FALSE,0,0,NA,NA
GD265A,NA,NA,NA,NA,NA,NA,NA,NA,NA,NA,NA,NA,NA,NA,NA,0,NA,NA,NA,NA,University of San Francisco,USA,36,0,0,NA,NA,0,NA,0,NA,0,S,TRUE,NA,NA,NA,NA,NA,FALSE,0,0,NA,NA
GD265B,NA,NA,NA,NA,NA,NA,NA,NA,NA,NA,NA,NA,NA,NA,NA,0,NA,NA,NA,NA,University of San Francisco,USA,36,0,0,NA,NA,0,NA,0,NA,0,S,TRUE,NA,NA,NA,NA,NA,FALSE,0,0,NA,NA
GD266,NA,NA,NA,NA,NA,NA,NA,NA,NA,NA,NA,NA,NA,NA,NA,0,NA,NA,NA,NA,Penn Medicine,USA,36,0,0,NA,NA,0,NA,0,NA,0,No Morphology,FALSE,FALSE,NA,0,FALSE,FALSE,FALSE,0,0,NA,NA
GD267,TRUE,5133414,0,1,1,prophiGD267_2-1,65492,564458-629528,6,2,RM_I|RM_IIG,AbiAlpha|Butters_gp57r|RM_Type_I|RM_Type_IIG|Wadjet,AbiAlpha|Butters_gp57r|N6_RM_Type_I|N6_RM_Type_IIG|Wadjet_I,13,1,2,19,NA,M. abscessus,massiliense,"Johns Hopkins, MD",USA,36,0,0,DCC3,IA,1,NA,0,NA,0,S,FALSE,FALSE,NA,0,FALSE,FALSE,FALSE,5,5,AbiAlpha|Butters_gp57r|RM_Type_I|RM_Type_IIG|Wadjet,spot_30|spot_44
GD268,NA,NA,NA,NA,NA,NA,NA,NA,NA,NA,NA,NA,NA,NA,NA,0,NA,NA,NA,NA,Scripps Health,USA,36,0,0,NA,NA,0,NA,0,NA,0,No Morphology,FALSE,FALSE,NA,0,FALSE,FALSE,FALSE,0,0,NA,NA
GD269,TRUE,5150858,0,1,1,prophiGD269_1-1,56881,391746-446982,7,1,RM_II,AbiAlpha|AbiD|Aristaios|Dnd|Hna|RM_Type_II|Wadjet,AbiAlpha|AbiD|Aristaios|Dnd_ABCDE|Hna|N6_RM_Type_II_PDDEXK|Wadjet_I,12,1,1,19,NA,M. abscessus,abscessus,Great Ormond Street Hospital,NA,36,0,0,DCC1,HG,1,NA,0,NA,0,R,FALSE,FALSE,NA,0,FALSE,FALSE,FALSE,4,4,AbiAlpha|AbiD|Aristaios|Wadjet,spot_32|spot_49
GD27,TRUE,5067972,0,1,1,prophiGD27_2-1,59550,308309-367409,6,0,NA,AbiAlpha|Aristaios|CBASS|Dnd|Hna|Wadjet,AbiAlpha|Aristaios|CBASS_II_Phospholipase|Dnd_ABCDE|Hna|Wadjet_I,11,0,0,17,NA,M. abscessus,abscessus,Massachussetts General Hospital,USA,24,2,0.0833,DCC1,HA,1,BPsdel33HTH_HRM10|BPsdel33HTH_HRM-GD03,2,NA,0,R,FALSE,TRUE,BPs,1,TRUE,TRUE,FALSE,3,3,AbiAlpha|Aristaios|Wadjet,spot_32|spot_49
GD270,NA,NA,NA,NA,NA,NA,NA,NA,NA,NA,NA,NA,NA,NA,NA,0,NA,NA,NA,NA,Great Ormond Street Hospital,NA,36,0,0,NA,NA,0,NA,0,NA,0,No Morphology,FALSE,FALSE,NA,0,FALSE,FALSE,FALSE,0,0,NA,NA
GD271,TRUE,6052930,1,0,0,NA,NA,NA,4,0,RM_IV,CBASS|Ceres|DS-29|Esos,CBASS_II_Phospholipase|Ceres|DS-29|Esos,13,1,1,17,NA,M. chimaera,NA,Great Ormond Street Hospital,NA,36,1,0.0278,NA,NA,0,ZoeJdel43-45,1,TM4 del rep,1,No Morphology,FALSE,FALSE,NA,0,FALSE,TRUE,TRUE,0,0,NA,NA
GD272,TRUE,5026669,2,2,2,prophiGD272-1|prophiGD272-2,62416|74324,1139571-1201625|3525519-3598268,9,3,RM_I|RM_IIG,AbiAlpha|CBASS|Lamassu-Fam|Other_Type_IV|RM_Type_I|RM_Type_IIG|Wadjet,AbiAlpha|CBASS_II_Phospholipase|CBASS_I_TM|Lamassu_Cap4|N6_RM_Type_I|N6_RM_Type_IIG|Other_Type_IV|Wadjet_I,16,1,3,25,NA,M. abscessus,massiliense,The University of North Carolina at Chapel Hill,NA,37,4,0.1081,DCC7,HA|HG,2,Muddy|Muddy_HRM-GD04|8UZL|BPs(GD272),4,Maco6,1,R,FALSE,TRUE,BPs|Muddy,2,TRUE,TRUE,TRUE,3,4,AbiAlpha|CBASS|Other_Type_IV|RM_Type_IIG,spot_14|spot_44
GD273,TRUE,5083564,1,2,2,prophiGD273_2-1|prophiGD273_3-1,41229|52085,143244-184334|20616-72135,8,3,RM_I|RM_IIG,AbiAlpha|CBASS|Other_Type_IV|RM_Type_I|RM_Type_IIG|Wadjet,AbiAlpha|CBASS_II_Phospholipase|CBASS_I_TM|N6_RM_Type_I|N6_RM_Type_IIG|Other_Type_IV|Wadjet_I,13,1,3,21,NA,M. abscessus,massiliense,UPMC Pittsburgh,NA,36,0,0,DCC7,HN|HD,2,NA,0,NA,0,R,FALSE,FALSE,NA,0,FALSE,FALSE,FALSE,4,5,AbiAlpha|CBASS|RM_Type_I|Wadjet,spot_10|spot_44
GD274,TRUE,5050342,0,3,3,prophiGD274_2-1|prophiGD274_2-2|prophiGD274_8-1,52846|54425|43315,239865-292174|314258-367227|212688-255436,6,0,NA,AbiAlpha|Aristaios|CBASS|Dnd|Hna|Wadjet,AbiAlpha|Aristaios|CBASS_II_Phospholipase|Dnd_ABCDE|Hna|Wadjet_I,11,0,0,17,NA,M. abscessus,abscessus,"National Institutes of Health, Bethesda, MD",NA,36,0,0,DCC1,HD|HG|HH,3,NA,0,D29_HRM_GD40,1,No Morphology,FALSE,FALSE,NA,0,FALSE,FALSE,TRUE,2,2,CBASS|Wadjet,spot_3
GD275,TRUE,4895946,1,0,0,NA,NA,NA,5,2,RM_I|RM_IIG,AbiAlpha|Other_Type_IV|RM_Type_I|RM_Type_IIG|Wadjet,AbiAlpha|N6_RM_Type_I|N6_RM_Type_IIG|Other_Type_IV|Wadjet_I,10,0,2,15,NA,M. abscessus,massiliense,UC San Diego Center for Innovative Phage Applications and Therapeutics,USA,36,0,0,DCC7,NA,0,NA,0,NA,0,No Morphology,FALSE,FALSE,NA,0,FALSE,FALSE,FALSE,2,2,Other_Type_IV|Wadjet,NA
GD276A,TRUE,5026869,2,2,2,prophiGD276A-1|prophiGD276A-2,62416|74324,1139571-1201625|3525521-3598270,9,3,RM_I|RM_IIG,AbiAlpha|CBASS|Lamassu-Fam|Other_Type_IV|RM_Type_I|RM_Type_IIG|Wadjet,AbiAlpha|CBASS_II_Phospholipase|CBASS_I_TM|Lamassu_Cap4|N6_RM_Type_I|N6_RM_Type_IIG|Other_Type_IV|Wadjet_I,16,1,3,25,NA,M. abscessus,massiliense,The University of North Carolina at Chapel Hill,NA,37,5,0.1351,DCC7,HA|HG,2,Muddy|Muddy_HRM-GD04|8UZL|Maco6|BPs(GD272),5,NA,0,R,FALSE,TRUE,BPs|Muddy,2,TRUE,TRUE,FALSE,3,4,AbiAlpha|CBASS|Other_Type_IV|RM_Type_IIG,spot_14|spot_44
GD276B,TRUE,5026869,2,2,2,prophiGD276B-1|prophiGD276B-2,62416|74324,1139571-1201625|3525521-3598270,9,3,RM_I|RM_IIG,AbiAlpha|CBASS|Lamassu-Fam|Other_Type_IV|RM_Type_I|RM_Type_IIG|Wadjet,AbiAlpha|CBASS_II_Phospholipase|CBASS_I_TM|Lamassu_Cap4|N6_RM_Type_I|N6_RM_Type_IIG|Other_Type_IV|Wadjet_I,16,1,3,25,NA,M. abscessus,massiliense,The University of North Carolina at Chapel Hill,NA,36,1,0.0278,DCC7,HA|HG,2,8UZL,1,Muddy|Muddy_HRM-GD04|Maco6,3,S,FALSE,FALSE,NA,0,FALSE,TRUE,TRUE,3,4,AbiAlpha|CBASS|Other_Type_IV|RM_Type_IIG,spot_14|spot_44
GD277,TRUE,5058159,0,0,0,NA,NA,NA,13,3,RM_I|RM_IIG,AbiAlpha|Aristaios|Armada|Avs|CBASS|Dag|RM_Type_I|RM_Type_IIG|Shedu|Wadjet,AbiAlpha|Aristaios|Armada_Type_I|Avs12|CBASS_II_Phospholipase|CBASS_I_TM|Dag|N6_RM_Type_I|N6_RM_Type_IIG|Shedu|Wadjet_I,13,1,2,26,NA,M. chelonae,NA,San Diego Infectious Disease,USA,36,0,0,NA,NA,0,NA,0,Adephagiadel43del45,1,S,FALSE,FALSE,NA,0,FALSE,FALSE,TRUE,0,0,NA,NA
GD278,TRUE,4918536,0,1,1,prophiGD278_1-1,56606,73223-129383,3,0,NA,AbiAlpha|Other_Type_IV|Wadjet,AbiAlpha|Other_Type_IV|Wadjet_I,6,0,0,9,NA,M. abscessus,bolletii,"Canton, GA",USA,34,9,0.2647,Non-DCC,HE,1,Muddy|Muddy_HRM-GD04|ZoeJdel43-45|Isca_cpm1|phi-T45|8UZL|Maco6|phiGD89A-1|Elmo_HRMmc(2)155,9,CrimD del del|D29_HRM_GD40|Fred313_cpm1|MissWhite_D29_HRM|D29|D29_HRM_GD150,6,R,FALSE,TRUE,Muddy|Isca|ZoeJ,3,TRUE,TRUE,TRUE,1,1,Wadjet,NA
GD279,TRUE,5549513,0,1,1,prophiGD279_5-1,54643,281812-336121,12,2,RM_III|RM_IIG,AbiAlpha|AbiE|CBASS|Cas|Charlie_gp32|Dag|RM_Type_IIG|RM_Type_III|RloC|RosmerTA|VP1853|Wadjet,AbiAlpha|AbiE|CAS_Class1-Subtype-IV-B|CBASS_II_Phospholipase|Charlie_gp32|Dag|N6_N4_RM_Type_III|N6_RM_Type_IIG|RloC|RosmerTA|VP1853|Wadjet_I,17,2,2,29,NA,M. abscessus,abscessus,University of Chicago,NA,36,0,0,DCC4,HG,1,NA,0,NA,0,S,FALSE,FALSE,NA,0,FALSE,FALSE,FALSE,7,10,AbiAlpha|AbiE|CBASS|Cas|Dag|RM_Type_IIG|RM_Type_III|RloC|RosmerTA|VP1853,spot_0|spot_34
GD28,TRUE,4815955,0,0,0,NA,NA,NA,7,1,RM_III,AbiAlpha|Avs|DS-20|RM_Type_III|RosmerTA|Wadjet,AbiAlpha|Avs5|Avs7|DS-20|N6_N4_RM_Type_III|RosmerTA|Wadjet_I,8,0,1,15,NA,M. abscessus,abscessus,Duke University,NA,14,0,0,DCC4,NA,0,NA,0,NA,0,S,FALSE,FALSE,NA,0,FALSE,FALSE,FALSE,3,3,Avs|RM_Type_III|RosmerTA,spot_124|spot_19|spot_39
GD280,NA,NA,NA,NA,NA,NA,NA,NA,NA,NA,NA,NA,NA,NA,NA,0,NA,NA,NA,NA,University of Virginia Medical Center,USA,36,0,0,NA,NA,0,NA,0,NA,0,S,FALSE,FALSE,NA,0,FALSE,FALSE,FALSE,0,0,NA,NA
GD281A,TRUE,5125083,2,0,0,NA,NA,NA,12,3,RM_I|RM_IIG,AbiAlpha|Armada|Cas|Dag|PhiR47_GevAT|RM_Type_I|RM_Type_IIG|RosmerTA|VP1853|Wadjet,AbiAlpha|Armada_Type_II|CAS_Class1-Subtype-IV-B|Dag|N6_RM_Type_I|N6_RM_Type_IIG|PhiR47_GevAT|RosmerTA|VP1853|Wadjet_I,14,1,2,26,NA,M. abscessus,abscessus,"UT Southwest Medical, Dallas, Texas",NA,36,0,0,DCC5,NA,0,NA,0,NA,0,R,FALSE,FALSE,NA,0,FALSE,FALSE,FALSE,2,2,PhiR47_GevAT|Wadjet,NA
GD281B,TRUE,5125428,2,0,0,NA,NA,NA,12,3,RM_I|RM_IIG,AbiAlpha|Armada|Cas|Dag|PhiR47_GevAT|RM_Type_I|RM_Type_IIG|RosmerTA|VP1853|Wadjet,AbiAlpha|Armada_Type_II|CAS_Class1-Subtype-IV-B|Dag|N6_RM_Type_I|N6_RM_Type_IIG|PhiR47_GevAT|RosmerTA|VP1853|Wadjet_I,14,1,2,26,NA,M. abscessus,abscessus,"UT Southwest Medical, Dallas, Texas",NA,36,0,0,DCC5,NA,0,NA,0,NA,0,S,FALSE,FALSE,NA,0,FALSE,FALSE,FALSE,1,1,PhiR47_GevAT,NA
GD282A,TRUE,5451951,0,0,0,NA,NA,NA,5,2,RM_I,AbiE|Ceres|Esos|RM_Type_I,AbiE|Ceres|Esos|N6_RM_Type_I,12,2,2,17,NA,M. avium,NA,Rady Children's Hospital-San Diego,USA,36,0,0,NA,NA,0,NA,0,NA,0,S,FALSE,NA,NA,NA,NA,NA,FALSE,0,0,NA,NA
GD282B,TRUE,5444215,0,0,0,NA,NA,NA,5,2,RM_I,AbiE|Ceres|Esos|RM_Type_I,AbiE|Ceres|Esos|N6_RM_Type_I,12,2,2,17,NA,M. avium,NA,Rady Children's Hospital-San Diego,USA,36,0,0,NA,NA,0,NA,0,NA,0,S,FALSE,NA,NA,NA,NA,NA,FALSE,0,0,NA,NA
GD283A,TRUE,5046128,1,2,2,prophiGD283A_12-1|prophiGD283A_6-1,56085|62416,2231-57941|73191-135245,9,3,RM_I|RM_IIG,AbiAlpha|CBASS|Lamassu-Fam|Other_Type_IV|RM_Type_I|RM_Type_IIG|Wadjet,AbiAlpha|CBASS_II_Phospholipase|CBASS_I_TM|Lamassu_Cap4|N6_RM_Type_I|N6_RM_Type_IIG|Other_Type_IV|Wadjet_I,15,1,3,24,NA,M. abscessus,massiliense,The University of North Carolina at Chapel Hill,NA,36,0,0,DCC7,HG|HA,2,NA,0,Muddy|Muddy_HRM-GD04|8UZL,3,S,FALSE,TRUE,Muddy,1,TRUE,TRUE,TRUE,5,5,AbiAlpha|CBASS|Lamassu-Fam|Other_Type_IV|RM_Type_IIG,spot_14|spot_44
GD283B,TRUE,5040519,1,2,2,prophiGD283B_12-1|prophiGD283B_6-1,56085|62416,101103-156813|73191-135245,9,3,RM_I|RM_IIG,AbiAlpha|CBASS|Lamassu-Fam|Other_Type_IV|RM_Type_I|RM_Type_IIG|Wadjet,AbiAlpha|CBASS_II_Phospholipase|CBASS_I_TM|Lamassu_Cap4|N6_RM_Type_I|N6_RM_Type_IIG|Other_Type_IV|Wadjet_I,15,1,3,24,NA,M. abscessus,massiliense,The University of North Carolina at Chapel Hill,NA,36,4,0.1111,DCC7,HG|HA,2,Muddy|Muddy_HRM-GD04|8UZL|Maco6,4,NA,0,R,FALSE,FALSE,NA,0,FALSE,TRUE,FALSE,7,7,AbiAlpha|Lamassu-Fam|Other_Type_IV|RM_Type_I|Wadjet,spot_11|spot_14|spot_15
GD284,NA,NA,NA,NA,NA,NA,NA,NA,NA,NA,NA,NA,NA,NA,NA,0,NA,NA,NA,NA,Université de Sherbrooke,Canada,36,0,0,NA,NA,0,NA,0,NA,0,S,TRUE,FALSE,NA,0,FALSE,FALSE,FALSE,0,0,NA,NA
GD285,TRUE,5151379,0,1,1,prophiGD285_2-1,55612,518016-573493,6,0,NA,AbiAlpha|Aristaios|Cas|Dnd|Hna|Wadjet,AbiAlpha|Aristaios|CAS_Class1-Subtype-IV-B|Dnd_ABCDE|Hna|Wadjet_I,11,0,0,17,NA,M. abscessus,abscessus,"Mayo Clinic of Rochester, Minnesota",USA,36,10,0.2778,DCC1,A1,1,BPsdel33HTH_HRM10|BPsdel33HTH_HRM-GD03|BPsREM1del33|D29_HRM_GD40|phiGD89A-1|phiGD34-2|phiGD21-1|GD59SF/phiGD57-1|Faith1|Faith1GD69,10,Itos|phiGD22-1,2,R,FALSE,TRUE,BPs|Itos|D29|phAK2,4,TRUE,TRUE,TRUE,2,4,AbiAlpha|Dnd|Hna,spot_32
GD286,NA,NA,NA,NA,NA,NA,NA,NA,NA,NA,NA,NA,NA,NA,NA,0,NA,NA,NA,NA,The University of North Carolina at Chapel Hill,NA,36,0,0,NA,NA,0,NA,0,8UZL,1,R,FALSE,TRUE,Muddy,1,TRUE,TRUE,TRUE,0,0,NA,NA
GD287,TRUE,4948898,0,1,1,prophiGD287_13-1,55040,215-55011,7,1,RM_III,AbiAlpha|CBASS|Dag|RM_Type_III|RloC|RosmerTA|Wadjet,AbiAlpha|CBASS_II_Phospholipase|Dag|N6_N4_RM_Type_III|RloC|RosmerTA|Wadjet_I,12,1,1,19,NA,M. abscessus,abscessus,"Imperial College, London",NA,36,4,0.1111,DCC4,A1,1,BPsdel33HTH_HRM10|BPsdel33HTH_HRM-GD03|CrimD del del|Itos,4,BPsREM1del33|Faith1|Faith1GD69,3,S,FALSE,FALSE,NA,0,FALSE,TRUE,TRUE,2,2,AbiAlpha|Dag,spot_88
GD288,TRUE,4953818,0,2,2,prophiGD288_3-1|prophiGD288_8-1,64402|60552,289352-352198|85457-145648,5,2,RM_I|RM_IIG,AbiAlpha|RM_Type_I|RM_Type_IIG|Shedu|Wadjet,AbiAlpha|N6_RM_Type_I|N6_RM_Type_IIG|Shedu|Wadjet_I,11,1,2,16,NA,M. abscessus,massiliense,New South Wales,NA,36,0,0,DCC3,A1|IA,2,NA,0,NA,0,R,FALSE,FALSE,NA,0,FALSE,FALSE,FALSE,2,3,RM_Type_I|RM_Type_IIG|Shedu,spot_13|spot_39
GD289,NA,NA,NA,NA,NA,NA,NA,NA,NA,NA,NA,NA,NA,NA,NA,0,NA,NA,NA,NA,UPMC Pittsburgh,NA,36,0,0,NA,NA,0,NA,0,NA,0,S,FALSE,FALSE,NA,0,FALSE,FALSE,FALSE,0,0,NA,NA
GD29,TRUE,5277124,0,2,2,prophiGD29_23-1|prophiGD29_9-1,56336|36669,24628-80495|195481-232022,6,1,RM_IIG,AbiAlpha|Avs|CBASS|RM_Type_IIG|RosmerTA|Wadjet,AbiAlpha|Avs5|CBASS_II_Phospholipase|N6_RM_Type_IIG|RosmerTA|Wadjet_I,10,1,1,16,NA,M. abscessus,abscessus,Duke University,NA,25,0,0,DCC5,HC|HN,2,NA,0,NA,0,S,FALSE,FALSE,NA,0,FALSE,FALSE,FALSE,4,4,AbiAlpha|CBASS|RosmerTA|Wadjet,NA
GD290,TRUE,5219812,0,3,3,prophiGD290_1-1|prophiGD290_10-1|prophiGD290_7-1,56881|36555|25294,261249-316485|1885-38285|7004-31215,8,2,RM_II|RM_III,AbiAlpha|AbiD|Aristaios|Dnd|Hna|RM_Type_II|RM_Type_III|Wadjet,AbiAlpha|AbiD|Aristaios|Dnd_ABCDE|Hna|N6_N4_RM_Type_III|N6_RM_Type_II_PDDEXK|Wadjet_I,12,1,2,20,NA,M. abscessus,abscessus,"Barcelona, Spain",NA,36,0,0,DCC1,HG|HC|HH,3,NA,0,NA,0,R,FALSE,FALSE,NA,0,FALSE,FALSE,FALSE,3,3,AbiAlpha|Dnd|Wadjet,spot_32|spot_34
GD291,TRUE,5320994,1,3,3,prophiGD291_1-1|prophiGD291_1-2|prophiGD291_5-1,49767|58515|45611,368957-418577|907883-966104|121398-166872,7,1,RM_IIG,AbiAlpha|Avs|Butters_gp57r|Kiwa|Other_Type_IV|RM_Type_IIG|Wadjet,AbiAlpha|Avs4|Butters_gp57r|Kiwa|N6_RM_Type_IIG|Other_Type_IV|Wadjet_I,13,1,1,20,NA,M. abscessus,bolletii,"Barcelona, Spain",NA,36,4,0.1111,Non-DCC,HC|HE|HO,3,Muddy|Muddy_HRM-GD04|8UZL|Maco6,4,NA,0,S,FALSE,FALSE,NA,0,FALSE,TRUE,FALSE,2,2,Butters_gp57r|Kiwa,spot_48|spot_49
GD292,TRUE,4979094,0,1,1,prophiGD292_8-1,60478,22804-82884,6,3,RM_I|RM_IIG,AbiAlpha|RM_Type_I|RM_Type_IIG|Shedu|Wadjet,AbiAlpha|N6_RM_Type_I|N6_RM_Type_IIG|Shedu|Wadjet_I,10,0,3,16,NA,M. abscessus,massiliense,"Barcelona, Spain",NA,36,2,0.0556,DCC3,IA,1,phiGD89A-1|phiGD34-2,2,Itos|phi-T45|Faith1GD69,3,R,FALSE,FALSE,NA,0,FALSE,TRUE,TRUE,2,3,RM_Type_I|RM_Type_IIG|Shedu,spot_13
GD293,TRUE,5047702,0,1,1,prophiGD293_18-1,47056,23-47051,6,0,NA,AbiAlpha|Aristaios|CBASS|Dnd|Hna|Wadjet,AbiAlpha|Aristaios|CBASS_II_Phospholipase|Dnd_ABCDE|Hna|Wadjet_I,11,0,0,17,NA,M. abscessus,abscessus,NYU Langone Medical Center,USA,36,19,0.5278,DCC1,HA,1,BPsdel33HTH_HRM10|BPsdel33HTH_HRM-GD03|BPsREM1del33|Itos|D29_HRM_GD40|phi-T45|phiGD57-1|phiGD17-1|phiGD24-3|phiGD89A-1|phiGD20-1|phiGD22-1|phiGD34-2|phiGD21-1|phiGD23-1|GD59SF/phiGD57-1|Faith1|Faith1GD69|D29_HRM_GD150,19,NA,0,R,FALSE,TRUE,BPs|phAK2,2,TRUE,TRUE,FALSE,0,0,NA,NA
GD294,TRUE,5324434,0,2,2,prophiGD294_22-1|prophiGD294_3-1,56337|44843,264-56131|62572-106379,5,1,RM_IIG,AbiAlpha|CBASS|RM_Type_IIG|RosmerTA|Wadjet,AbiAlpha|CBASS_II_Phospholipase|N6_RM_Type_IIG|RosmerTA|Wadjet_I,10,1,1,15,NA,M. abscessus,abscessus,The University of North Carolina at Chapel Hill,NA,36,0,0,DCC5,HC|HN,2,NA,0,NA,0,R,FALSE,FALSE,NA,0,FALSE,FALSE,FALSE,2,2,RosmerTA|Wadjet,NA
GD295A,TRUE,5231037,1,1,1,prophiGD295A_7-1,61774,336311-397632,9,1,RM_III,AbiAlpha|AbiD|Aristaios|CBASS|Dnd|Hna|RM_Type_III|VP1853|Wadjet,AbiAlpha|AbiD|Aristaios|CBASS_II_Phospholipase|Dnd_ABCDE|Hna|N6_N4_RM_Type_III|VP1853|Wadjet_I,11,0,1,20,NA,M. abscessus,abscessus,Univ. of Colorado,USA,36,0,0,DCC1,HA,1,NA,0,NA,0,R,FALSE,FALSE,NA,0,FALSE,FALSE,FALSE,2,2,Dnd|Hna,spot_32|spot_34
GD295B,TRUE,5231556,0,1,1,prophiGD295B_8-1,61774,8063-69384,8,1,RM_III,AbiAlpha|AbiD|Aristaios|CBASS|Dnd|Hna|RM_Type_III|Wadjet,AbiAlpha|AbiD|Aristaios|CBASS_II_Phospholipase|Dnd_ABCDE|Hna|N6_N4_RM_Type_III|Wadjet_I,12,0,1,20,NA,M. abscessus,abscessus,Univ. of Colorado,USA,36,0,0,DCC1,HA,1,NA,0,NA,0,S,FALSE,FALSE,NA,0,FALSE,FALSE,FALSE,1,1,Aristaios,spot_49
GD296,TRUE,5102859,0,0,0,NA,NA,NA,10,2,RM_III|RM_IIG,AbiAlpha|CBASS|Dag|RM_Type_IIG|RM_Type_III|RloC|RosmerTA|VP1853|Wadjet,AbiAlpha|CBASS_II_Phospholipase|Dag|N6_N4_RM_Type_III|N6_RM_Type_IIG|RloC|RosmerTA|VP1853|Wadjet_I,16,2,2,26,NA,M. abscessus,abscessus,Methodist Hospital Omaha NE,USA,36,0,0,DCC4,NA,0,NA,0,NA,0,S,FALSE,FALSE,NA,0,FALSE,FALSE,FALSE,4,5,CBASS|RM_Type_IIG|RosmerTA|VP1853|Wadjet,spot_0|spot_3
GD297,TRUE,5128144,2,2,2,prophiGD297_2-1|prophiGD297_3-1,58479|40079,2700-59837|446328-485800,8,0,NA,AbiAlpha|Aristaios|CBASS|Dag|Dnd|Hna|VP1853|Wadjet,AbiAlpha|Aristaios|CBASS_II_Phospholipase|Dag|Dnd_ABCDE|Hna|VP1853|Wadjet_I,13,0,0,21,NA,M. abscessus,abscessus,"Imperial College, London",NA,36,0,0,DCC1,HA|HB,2,NA,0,NA,0,S,FALSE,FALSE,NA,0,FALSE,FALSE,FALSE,4,4,AbiAlpha|Dag|Dnd|Wadjet,spot_32|spot_6
GD298,TRUE,5106382,0,2,2,prophiGD298_2-1|prophiGD298_5-1,49566|52874,433947-482993|275892-327260,4,2,RM_I|RM_III,AbiAlpha|RM_Type_I|RM_Type_III|Wadjet,AbiAlpha|N6_N4_RM_Type_III|N6_RM_Type_I|Wadjet_I,9,0,2,13,NA,M. abscessus,abscessus,Université de Sherbrooke,Canada,36,0,0,DCC5,HC|HG,2,NA,0,NA,0,S,FALSE,FALSE,NA,0,FALSE,FALSE,FALSE,3,3,RM_Type_I|RM_Type_III|Wadjet,spot_26|spot_59
GD299,TRUE,5116215,1,2,2,prophiGD299_11-1|prophiGD299_23-1,40079|51672,69176-108648|97-51442,7,0,NA,AbiAlpha|Aristaios|CBASS|Dag|Dnd|Hna|Wadjet,AbiAlpha|Aristaios|CBASS_II_Phospholipase|Dag|Dnd_ABCDE|Hna|Wadjet_I,12,0,0,19,NA,M. abscessus,abscessus,"Mayo Clinic of Rochester, Minnesota",USA,36,0,0,DCC1,HB|HC,2,NA,0,phi-T45,1,R,FALSE,FALSE,NA,0,FALSE,FALSE,TRUE,4,4,AbiAlpha|CBASS|Dag|Dnd,spot_0|spot_3|spot_34
GD30,TRUE,4983125,0,0,0,NA,NA,NA,9,3,RM_I|RM_IIG,AbiAlpha|CBASS|Lamassu-Fam|Other_Type_IV|RM_Type_I|RM_Type_IIG|Wadjet,AbiAlpha|CBASS_II_Phospholipase|CBASS_I_TM|Lamassu_Cap4|N6_RM_Type_I|N6_RM_Type_IIG|Other_Type_IV|Wadjet_I,14,1,3,23,NA,M. abscessus,massiliense,Duke University,NA,13,2,0.1538,DCC7,NA,0,Muddy|Muddy_HRM-GD04,2,NA,0,R,FALSE,FALSE,NA,0,FALSE,TRUE,FALSE,3,4,CBASS|Lamassu-Fam|RM_Type_I|Wadjet,spot_44|spot_7
GD300A,TRUE,5044498,1,2,2,prophiGD300A_13-1|prophiGD300A_8-1,56085|54864,101103-156813|23-54562,9,3,RM_I|RM_IIG,AbiAlpha|CBASS|Lamassu-Fam|Other_Type_IV|RM_Type_I|RM_Type_IIG|Wadjet,AbiAlpha|CBASS_II_Phospholipase|CBASS_I_TM|Lamassu_Cap4|N6_RM_Type_I|N6_RM_Type_IIG|Other_Type_IV|Wadjet_I,15,1,3,24,NA,M. abscessus,massiliense,The University of North Carolina at Chapel Hill,NA,36,4,0.1111,DCC7,HG|HA,2,Muddy|Muddy_HRM-GD04|8UZL|Maco6,4,NA,0,R,FALSE,FALSE,NA,0,FALSE,TRUE,FALSE,2,5,CBASS|RM_Type_I|RM_Type_IIG,spot_44
GD300B,TRUE,5046922,1,2,2,prophiGD300B_10-1|prophiGD300B_6-1,56085|59334,2231-57941|371223-430535,9,3,RM_I|RM_IIG,AbiAlpha|CBASS|Lamassu-Fam|Other_Type_IV|RM_Type_I|RM_Type_IIG|Wadjet,AbiAlpha|CBASS_II_Phospholipase|CBASS_I_TM|Lamassu_Cap4|N6_RM_Type_I|N6_RM_Type_IIG|Other_Type_IV|Wadjet_I,15,1,3,24,NA,M. abscessus,massiliense,The University of North Carolina at Chapel Hill,NA,36,3,0.0833,DCC7,HG|HA,2,Muddy|Muddy_HRM-GD04|8UZL,3,NA,0,S,FALSE,FALSE,NA,0,FALSE,FALSE,FALSE,1,2,CBASS|RM_Type_IIG,spot_44
GD301,NA,NA,NA,NA,NA,NA,NA,NA,NA,NA,NA,NA,NA,NA,NA,0,NA,NA,NA,NA,"Mayo Clinic of Rochester, Minnesota",USA,36,0,0,NA,NA,0,NA,0,NA,0,S,FALSE,FALSE,NA,0,FALSE,FALSE,FALSE,0,0,NA,NA
GD302,TRUE,5104793,1,2,2,prophiGD302_1-1|prophiGD302_9-1,44721|56207,301848-346421|191090-245955,6,0,NA,AbiAlpha|Aristaios|CBASS|Dnd|Hna|Wadjet,AbiAlpha|Aristaios|CBASS_II_Phospholipase|Dnd_ABCDE|Hna|Wadjet_I,11,0,0,17,NA,M. abscessus,abscessus,"Mayo Clinic of Rochester, Minnesota",USA,36,4,0.1111,DCC1,HO|HA,2,BPsREM1del33|phi-T45|phiGD89A-1|phiGD34-2,4,BPsdel33HTH_HRM10|BPsdel33HTH_HRM-GD03|Itos|Maco6|phiGD17-1|phiGD24-3|phiGD20-1|phiGD23-1|Faith1|Faith1GD69,10,R,FALSE,TRUE,BPs|phAK2,2,TRUE,TRUE,TRUE,2,2,AbiAlpha|CBASS,spot_3|spot_32
GD303,TRUE,4875993,0,0,0,NA,NA,NA,4,1,RM_IIG,AbiAlpha|Other_Type_IV|RM_Type_IIG|Wadjet,AbiAlpha|N6_RM_Type_IIG|Other_Type_IV|Wadjet_I,8,1,1,12,NA,M. abscessus,bolletii,"St. Thoma's Hospital, London",NA,36,7,0.1944,Non-DCC,NA,0,BPsdel33HTH_HRM10|BPsdel33HTH_HRM-GD03|BPsREM1del33|Muddy|Muddy_HRM-GD04|Fionnbharthdel45del47|8UZL,7,Maco6,1,R,FALSE,TRUE,BPs|Muddy|Fionnbharth,3,TRUE,TRUE,TRUE,2,2,Other_Type_IV|Wadjet,NA
GD304,NA,NA,NA,NA,NA,NA,NA,NA,NA,NA,NA,NA,NA,NA,NA,0,NA,NA,NA,NA,University of CA Consort,USA,36,0,0,NA,NA,0,NA,0,NA,0,R,FALSE,FALSE,NA,0,FALSE,FALSE,FALSE,0,0,NA,NA
GD305A,TRUE,4834482,1,0,0,NA,NA,NA,6,2,RM_II|RM_IIG,AbiAlpha|Butters_gp30_gp31|Other_Type_IV|RM_Type_II|RM_Type_IIG|Wadjet,AbiAlpha|Butters_gp30_gp31|DNA_met_RM_Type_II_PDDEXK|N6_RM_Type_IIG|Other_Type_IV|Wadjet_I,11,2,2,17,NA,M. abscessus,bolletii,University of South Florida Morsani College of Medicine,NA,36,0,0,Non-DCC,NA,0,NA,0,NA,0,S,FALSE,TRUE,Muddy,1,TRUE,TRUE,FALSE,1,1,Other_Type_IV,NA
GD305B,TRUE,5206860,2,1,1,prophiGD305B_3-1,52875,405521-456890,9,2,RM_IIG,AbiAlpha|Armada|BREX|DRT|RM_Type_IIG|RloC|VP1853|Wadjet,AbiAlpha|Armada_Type_II|BREX_I|DRT9|N6_RM_Type_IIG|RloC|VP1853|Wadjet_I,14,1,1,23,NA,M. abscessus,abscessus,University of South Florida Morsani College of Medicine,NA,36,0,0,Non-DCC,HG,1,NA,0,NA,0,R,FALSE,FALSE,NA,0,FALSE,FALSE,FALSE,4,6,Armada|BREX|DRT|RM_Type_IIG|Wadjet,spot_26|spot_60
GD306A,TRUE,4889033,0,1,1,prophiGD306A_3-1,50838,179437-229755,8,2,RM_III|RM_IIG,AbiAlpha|CBASS|Dag|RM_Type_IIG|RM_Type_III|RloC|RosmerTA|Wadjet,AbiAlpha|CBASS_II_Phospholipase|Dag|N6_N4_RM_Type_III|N6_RM_Type_IIG|RloC|RosmerTA|Wadjet_I,13,1,2,21,NA,M. abscessus,abscessus,St Vincent's Hospital Sydney,NA,36,0,0,DCC4,HC,1,NA,0,NA,0,S,FALSE,NA,NA,NA,NA,NA,FALSE,3,3,AbiAlpha|CBASS|Dag,spot_3|spot_88
GD306B,TRUE,4939341,0,1,1,prophiGD306B_2-1,50838,523333-573651,8,2,RM_III|RM_IIG,AbiAlpha|CBASS|Dag|RM_Type_IIG|RM_Type_III|RloC|RosmerTA|Wadjet,AbiAlpha|CBASS_II_Phospholipase|Dag|N6_N4_RM_Type_III|N6_RM_Type_IIG|RloC|RosmerTA|Wadjet_I,13,1,2,21,NA,M. abscessus,abscessus,St Vincent's Hospital Sydney,NA,36,4,0.1111,DCC4,HC,1,BPsdel33HTH_HRM10|BPsdel33HTH_HRM-GD03|BPsREM1del33|CrimD del del,4,Fionnbharthdel45del47|Adephagiadel43del45,2,R,FALSE,NA,NA,NA,NA,NA,TRUE,3,3,CBASS|Dag|RosmerTA,spot_3|spot_66|spot_88
GD307,TRUE,5129535,1,2,2,prophiGD307_5-1|prophiGD307_6-1,40079|58479,179038-218510|292355-349492,7,0,NA,AbiAlpha|Aristaios|CBASS|Dag|Dnd|Hna|Wadjet,AbiAlpha|Aristaios|CBASS_II_Phospholipase|Dag|Dnd_ABCDE|Hna|Wadjet_I,13,0,0,20,NA,M. abscessus,abscessus,National Jewish Health,NA,36,1,0.0278,DCC1,HB|HA,2,phi-T46,1,NA,0,S,FALSE,FALSE,NA,0,FALSE,TRUE,FALSE,3,3,CBASS|Dag|Hna,spot_0|spot_3
GD307-1,NA,NA,NA,NA,NA,NA,NA,NA,NA,NA,NA,NA,NA,NA,NA,0,NA,NA,NA,NA,National Jewish Health,NA,NA,NA,NA,NA,NA,0,NA,NA,NA,NA,NA,NA,NA,NA,NA,NA,NA,NA,0,0,NA,NA
GD307-2,NA,NA,NA,NA,NA,NA,NA,NA,NA,NA,NA,NA,NA,NA,NA,0,NA,NA,NA,NA,National Jewish Health,NA,NA,NA,NA,NA,NA,0,NA,NA,NA,NA,NA,NA,NA,NA,NA,NA,NA,NA,0,0,NA,NA
GD308,TRUE,5008832,0,1,1,prophiGD308_2-1,51606,4-51468,7,1,RM_III,AbiAlpha|CBASS|Dag|RM_Type_III|RloC|RosmerTA|Wadjet,AbiAlpha|CBASS_II_Phospholipase|Dag|N6_N4_RM_Type_III|RloC|RosmerTA|Wadjet_I,13,1,1,20,NA,M. abscessus,abscessus,"Mayo Clinic of Rochester, Minnesota",USA,36,11,0.3056,DCC4,HC,1,BPsdel33HTH_HRM10|BPsdel33HTH_HRM-GD03|BPsREM1del33|ZoeJdel43-45|Fionnbharthdel45del47|CrimD del del|Adephagiadel43del45|phi-T45|phiGD89A-1|Faith1|Faith1GD69,11,Itos|TM4 del rep|phiGD17-1,3,R,FALSE,TRUE,ZoeJ,1,TRUE,TRUE,TRUE,3,3,AbiAlpha|Dag|RosmerTA,spot_66|spot_88
GD309,TRUE,4933196,0,1,1,prophiGD309_2-1,66452,465808-532003,6,1,RM_III,AbiAlpha|CBASS|RM_Type_III|RloC|RosmerTA|Wadjet,AbiAlpha|CBASS_II_Phospholipase|N6_N4_RM_Type_III|RloC|RosmerTA|Wadjet_I,12,1,1,18,NA,M. abscessus,abscessus,"Mayo Clinic of Rochester, Minnesota",USA,36,5,0.1389,DCC4,AD,1,Muddy|Muddy_HRM-GD04|Fionnbharthdel45del47|CrimD del del|8UZL,5,Maco6,1,S,FALSE,FALSE,NA,0,FALSE,TRUE,TRUE,2,2,CBASS|Wadjet,spot_3
GD31,TRUE,4290295,0,0,0,NA,NA,NA,8,1,RM_IIG|RM_IV,AbiE|Cas|Charlie_gp32|DarTG|Esos|Phrann_gp29_gp30|RM_Type_IIG,AbiE|CAS_Class1-Subtype-III-A|Charlie_gp32|DarTG|Esos|N6_RM_Type_IIG|Phrann_gp29_gp30,18,2,2,26,NA,M. bovis,NA,"Imperial College, London",NA,NA,NA,NA,NA,NA,0,NA,0,NA,0,R,FALSE,FALSE,NA,0,FALSE,FALSE,FALSE,0,0,NA,NA
GD310,NA,NA,NA,NA,NA,NA,NA,NA,NA,NA,NA,NA,NA,NA,NA,0,NA,NA,NA,NA,University of Vermont Medical,USA,36,0,0,NA,NA,0,NA,0,NA,0,S,FALSE,FALSE,NA,0,FALSE,FALSE,FALSE,0,0,NA,NA
GD311,NA,NA,NA,NA,NA,NA,NA,NA,NA,NA,NA,NA,NA,NA,NA,0,NA,NA,NA,NA,"Purdue, IN",USA,36,1,0.0278,NA,NA,0,8UZL,1,BPsREM1del33|Muddy|Muddy_HRM-GD04,3,S,FALSE,FALSE,NA,0,FALSE,TRUE,TRUE,0,0,NA,NA
GD311A,TRUE,5103237,0,0,0,NA,NA,NA,10,2,RM_III|RM_IIG,AbiAlpha|CBASS|Dag|RM_Type_IIG|RM_Type_III|RloC|RosmerTA|VP1853|Wadjet,AbiAlpha|CBASS_II_Phospholipase|Dag|N6_N4_RM_Type_III|N6_RM_Type_IIG|RloC|RosmerTA|VP1853|Wadjet_I,16,2,2,26,NA,M. abscessus,abscessus,"Purdue, IN",USA,36,2,0.0556,DCC4,NA,0,Muddy|Muddy_HRM-GD04,2,BPsREM1del33,1,No Morphology,FALSE,NA,NA,NA,NA,NA,TRUE,5,9,AbiAlpha|CBASS|Dag|RM_Type_IIG|RM_Type_III|RloC|RosmerTA|VP1853|Wadjet,spot_0|spot_3|spot_34
GD311B,TRUE,5101899,0,0,0,NA,NA,NA,10,2,RM_III|RM_IIG,AbiAlpha|CBASS|Dag|RM_Type_IIG|RM_Type_III|RloC|RosmerTA|VP1853|Wadjet,AbiAlpha|CBASS_II_Phospholipase|Dag|N6_N4_RM_Type_III|N6_RM_Type_IIG|RloC|RosmerTA|VP1853|Wadjet_I,16,2,2,26,NA,M. abscessus,abscessus,"Purdue, IN",USA,36,2,0.0556,DCC4,NA,0,Muddy|Muddy_HRM-GD04,2,BPsREM1del33,1,No Morphology,FALSE,NA,NA,NA,NA,NA,TRUE,3,6,CBASS|Dag|RM_Type_IIG|RM_Type_III|RloC|VP1853,spot_0|spot_3|spot_34
GD312,NA,NA,NA,NA,NA,NA,NA,NA,NA,NA,NA,NA,NA,NA,NA,0,NA,NA,NA,NA,University of Vermont Medical,USA,36,0,0,NA,NA,0,NA,0,ZoeJdel43-45,1,S,TRUE,FALSE,NA,0,FALSE,FALSE,TRUE,0,0,NA,NA
GD313,TRUE,5127524,1,2,2,prophiGD313_14-1|prophiGD313_7-1,58479|40079,2700-59837|179038-218510,7,0,NA,AbiAlpha|Aristaios|CBASS|Dag|Dnd|Hna|Wadjet,AbiAlpha|Aristaios|CBASS_II_Phospholipase|Dag|Dnd_ABCDE|Hna|Wadjet_I,12,0,0,19,NA,M. abscessus,abscessus,Central FL Pulmonary group,USA,36,0,0,DCC1,HA|HB,2,NA,0,NA,0,R,FALSE,FALSE,NA,0,FALSE,FALSE,FALSE,4,4,AbiAlpha|Aristaios|Dag|Wadjet,spot_0|spot_32
GD314,TRUE,5098858,0,1,1,prophiGD314_9-1,33543,179040-211214,6,1,RM_III,AbiAlpha|Aristaios|Dnd|Hna|RM_Type_III|Wadjet,AbiAlpha|Aristaios|Dnd_ABCDE|Hna|N6_N4_RM_Type_III|Wadjet_I,10,0,1,16,NA,M. abscessus,abscessus,UC San Diego Health,USA,36,0,0,DCC1,HB,1,NA,0,phi-T46,1,R,FALSE,FALSE,NA,0,FALSE,FALSE,TRUE,1,1,Hna,NA
GD315,NA,NA,NA,NA,NA,NA,NA,NA,NA,NA,NA,NA,NA,NA,NA,0,NA,NA,NA,NA,"Mayo Clinic of Rochester, Minnesota",USA,36,0,0,NA,NA,0,NA,0,NA,0,S,FALSE,FALSE,NA,0,FALSE,FALSE,FALSE,0,0,NA,NA
GD316,NA,NA,NA,NA,NA,NA,NA,NA,NA,NA,NA,NA,NA,NA,NA,0,NA,NA,NA,NA,"Mayo Clinic of Rochester, Minnesota",USA,36,0,0,NA,NA,0,NA,0,NA,0,R,FALSE,FALSE,NA,0,FALSE,FALSE,FALSE,0,0,NA,NA
GD317,TRUE,4955789,0,3,3,prophiGD317_1-1|prophiGD317_3-1|prophiGD317_6-1,48101|64402|60552,178323-226284|393466-456312|85457-145648,5,2,RM_I|RM_IIG,AbiAlpha|RM_Type_I|RM_Type_IIG|Shedu|Wadjet,AbiAlpha|N6_RM_Type_I|N6_RM_Type_IIG|Shedu|Wadjet_I,12,1,2,17,NA,M. abscessus,massiliense,The Children’s Hospital at Westmead,Australia,36,0,0,DCC3,HO|A1|IA,3,NA,0,Adephagiadel43del45,1,S,TRUE,FALSE,NA,0,FALSE,FALSE,TRUE,0,0,NA,NA
GD317A,NA,NA,NA,NA,NA,NA,NA,NA,NA,NA,NA,NA,NA,NA,NA,0,NA,NA,NA,NA,The Children’s Hospital at Westmead,Australia,NA,NA,NA,NA,NA,0,NA,NA,NA,NA,NA,NA,NA,NA,NA,NA,NA,NA,0,0,NA,NA
GD317B,NA,NA,NA,NA,NA,NA,NA,NA,NA,NA,NA,NA,NA,NA,NA,0,NA,NA,NA,NA,The Children’s Hospital at Westmead,Australia,NA,NA,NA,NA,NA,0,NA,NA,NA,NA,NA,NA,NA,NA,NA,NA,NA,NA,0,0,NA,NA
GD319,TRUE,5731466,0,0,0,NA,NA,NA,4,1,RM_IIG,Ceres|Esos|Pycsar|RM_Type_IIG,Ceres|Esos|N6_RM_Type_IIG|Pycsar_TM,9,0,1,13,NA,M. intracellulare,NA,"Mayo Clinic of Rochester, Minnesota",USA,36,0,0,NA,NA,0,NA,0,ZoeJdel43-45,1,R,FALSE,FALSE,NA,0,FALSE,TRUE,TRUE,0,0,NA,NA
GD319-1,NA,NA,NA,NA,NA,NA,NA,NA,NA,NA,NA,NA,NA,NA,NA,0,NA,NA,NA,NA,"Mayo Clinic of Rochester, Minnesota",USA,NA,NA,NA,NA,NA,0,NA,NA,NA,NA,NA,NA,NA,NA,NA,NA,NA,NA,0,0,NA,NA
GD32,NA,NA,NA,NA,NA,NA,NA,NA,NA,NA,NA,NA,NA,NA,NA,0,NA,NA,NA,NA,"Our Lady’s Children’s Hospital Dublin, Ireland",NA,24,0,0,NA,NA,0,NA,0,NA,0,R,FALSE,FALSE,NA,0,FALSE,FALSE,FALSE,0,0,NA,NA
GD320,NA,NA,NA,NA,NA,NA,NA,NA,NA,NA,NA,NA,NA,NA,NA,0,NA,NA,NA,NA,University of Texas at Tyler,NA,36,0,0,NA,NA,0,NA,0,NA,0,S,TRUE,FALSE,NA,0,FALSE,FALSE,FALSE,0,0,NA,NA
GD321,TRUE,5268286,1,2,2,prophiGD321_5-1|prophiGD321_7-1,40050|55637,254067-293600|292413-346708,6,0,NA,AbiAlpha|Aristaios|CBASS|Dnd|Hna|Wadjet,AbiAlpha|Aristaios|CBASS_II_Phospholipase|Dnd_ABCDE|Hna|Wadjet_I,11,0,0,17,NA,M. abscessus,abscessus,University of Texas at Tyler,NA,36,0,0,DCC1,HB|HA,2,NA,0,BPsdel33HTH_HRM-GD03|Snailtales|phiGD20-1|phiGD21-1,4,R,FALSE,TRUE,BPs,1,TRUE,TRUE,TRUE,1,1,CBASS,NA
GD322,NA,NA,NA,NA,NA,NA,NA,NA,NA,NA,NA,NA,NA,NA,NA,0,NA,NA,NA,NA,University of Montreal Health Centre,NA,36,1,0.0278,NA,NA,0,Muddy,1,Muddy_HRM-GD04|8UZL,2,S,TRUE,FALSE,NA,0,FALSE,TRUE,TRUE,0,0,NA,NA
GD323,NA,NA,NA,NA,NA,NA,NA,NA,NA,NA,NA,NA,NA,NA,NA,0,NA,NA,NA,NA,Canberra Hospital,Australia,NA,NA,NA,NA,NA,0,NA,NA,NA,NA,NA,NA,FALSE,NA,0,FALSE,TRUE,NA,0,0,NA,NA
GD324,TRUE,5239208,2,1,1,prophiGD324_12-1,56140,68106-122786,11,3,RM_I|RM_IIG,AbiAlpha|Armada|BREX|Charlie_gp32|DRT|PD-T7-2|RM_Type_I|RM_Type_IIG|RloC|Wadjet,AbiAlpha|Armada_Type_II|BREX_I|Charlie_gp32|DRT9|N6_RM_Type_I|N6_RM_Type_IIG|PD-T7-2|RloC|Wadjet_I,17,1,2,28,NA,M. abscessus,abscessus,Texas Children's Hostpial,NA,36,0,0,Non-DCC,HG,1,NA,0,Itos|Faith1|Faith1GD69,3,R,FALSE,FALSE,NA,0,FALSE,TRUE,TRUE,5,6,AbiAlpha|BREX|Charlie_gp32|PD-T7-2|RM_Type_I|Wadjet,spot_0|spot_32|spot_7
GD325,TRUE,5004526,0,0,0,NA,NA,NA,5,0,NA,AbiAlpha|Aristaios|Dnd|Hna|Wadjet,AbiAlpha|Aristaios|Dnd_ABCDE|Hna|Wadjet_I,10,0,0,15,NA,M. abscessus,abscessus,"Mayo Clinic of Rochester, Minnesota",USA,36,1,0.0278,DCC1,NA,0,Faith1GD69,1,Faith1,1,S,FALSE,FALSE,NA,0,FALSE,FALSE,TRUE,1,1,Wadjet,NA
GD326,NA,NA,NA,NA,NA,NA,NA,NA,NA,NA,NA,NA,NA,NA,NA,0,NA,NA,NA,NA,Medical City Dallas Hospital,USA,36,0,0,NA,NA,0,NA,0,NA,0,R,FALSE,FALSE,NA,0,FALSE,FALSE,FALSE,0,0,NA,NA
GD327,NA,NA,NA,NA,NA,NA,NA,NA,NA,NA,NA,NA,NA,NA,NA,0,NA,NA,NA,NA,"Radboud University Medical Center, Netherlands",NA,36,2,0.0556,NA,NA,0,Fred313_cpm1|Isca_cpm1,2,NA,0,S,TRUE,FALSE,NA,0,FALSE,TRUE,FALSE,0,0,NA,NA
GD328,NA,NA,NA,NA,NA,NA,NA,NA,NA,NA,NA,NA,NA,NA,NA,0,NA,NA,NA,NA,"Radboud University Medical Center, Netherlands",NA,36,0,0,NA,NA,0,NA,0,Muddy|Muddy_HRM-GD04|8UZL,3,S,TRUE,FALSE,NA,0,FALSE,FALSE,TRUE,0,0,NA,NA
GD329,NA,NA,NA,NA,NA,NA,NA,NA,NA,NA,NA,NA,NA,NA,NA,0,NA,NA,NA,NA,Hadassah-Hebrew University Medical Center,Israel,36,1,0.0278,NA,NA,0,Isca_cpm1,1,Muddy|Muddy_HRM-GD04,2,S,FALSE,FALSE,NA,0,FALSE,FALSE,TRUE,0,0,NA,NA
GD330A,TRUE,5114461,0,1,1,prophiGD330A_3-1,60432,67603-127647,5,1,RM_I,AbiAlpha|Butters_gp57r|RM_Type_I|Wadjet,AbiAlpha|Butters_gp57r|N6_RM_Type_I|Wadjet_I,8,0,1,13,NA,M. abscessus,massiliense,"Monash, AU",Australia,36,0,0,DCC3,HE,1,NA,0,NA,0,S,FALSE,FALSE,NA,0,FALSE,TRUE,FALSE,4,4,AbiAlpha|Butters_gp57r|Wadjet,spot_14|spot_30|spot_46
GD330D,TRUE,5117576,0,1,1,prophiGD330D_2-1,60432,622642-682548,5,1,RM_I,AbiAlpha|Butters_gp57r|RM_Type_I|Wadjet,AbiAlpha|Butters_gp57r|N6_RM_Type_I|Wadjet_I,8,0,1,13,NA,M. abscessus,massiliense,"Monash, AU",Australia,36,1,0.0278,DCC3,HE,1,Muddy_HRM-GD04,1,Maco6,1,R,FALSE,FALSE,NA,0,NA,NA,TRUE,1,1,Butters_gp57r,spot_17
GD331,TRUE,5467208,0,2,2,prophiGD331_2-1|prophiGD331_5-1,43524|64210,162119-205506|191791-255744,8,1,RM_IIG,AbiAlpha|Aristaios|Dnd|Hna|MMB_gp29_gp30|RM_Type_IIG|Shedu|Wadjet,AbiAlpha|Aristaios|Dnd_ABCDE|Hna|MMB_gp29_gp30|N6_RM_Type_IIG|Shedu|Wadjet_I,12,1,1,20,NA,M. abscessus,abscessus,"Monash, AU",Australia,36,0,0,DCC1,HH|AD,2,NA,0,NA,0,R,FALSE,FALSE,NA,0,FALSE,FALSE,FALSE,1,1,Shedu,spot_80
GD332,NA,NA,NA,NA,NA,NA,NA,NA,NA,NA,NA,NA,NA,NA,NA,0,NA,NA,NA,NA,"Monash, AU",Australia,NA,NA,NA,NA,NA,0,NA,NA,NA,NA,NA,NA,FALSE,NA,0,NA,NA,NA,0,0,NA,NA
GD332A,NA,NA,NA,NA,NA,NA,NA,NA,NA,NA,NA,NA,NA,NA,NA,0,NA,NA,NA,NA,"Monash, AU",Australia,NA,NA,NA,NA,NA,0,Muddy|Muddy_HRM-GD04|8UZL|Maco6,4,NA,0,S,FALSE,TRUE,Muddy|Itos,2,TRUE,TRUE,FALSE,0,0,NA,NA
GD332B,TRUE,5202966,0,1,1,prophiGD332B-1,66040,3679979-3745762,4,1,RM_I,AbiAlpha|Other_Type_IV|RM_Type_I|Wadjet,AbiAlpha|N6_RM_Type_I|Other_Type_IV|Wadjet_I,8,1,1,12,NA,M. abscessus,massiliense,"Monash, AU",Australia,26,3,0.1154,DCC6,AD,1,Muddy|Muddy_HRM-GD04|Muddy_HRM-N0052,3,NA,0,R,FALSE,FALSE,NA,0,FALSE,FALSE,FALSE,0,0,NA,NA
GD332C,NA,NA,NA,NA,NA,NA,NA,NA,NA,NA,NA,NA,NA,NA,NA,0,NA,NA,NA,NA,"Monash, AU",Australia,NA,NA,NA,NA,NA,0,NA,NA,NA,NA,NA,NA,NA,NA,NA,NA,NA,NA,0,0,NA,NA
GD332D,NA,NA,NA,NA,NA,NA,NA,NA,NA,NA,NA,NA,NA,NA,NA,0,NA,NA,NA,NA,"Monash, AU",Australia,NA,NA,NA,NA,NA,0,NA,NA,NA,NA,NA,NA,NA,NA,NA,NA,NA,NA,0,0,NA,NA
GD333,TRUE,5184853,0,2,2,prophiGD333_1-1|prophiGD333_6-1,60432|53071,609302-669346|57524-110447,5,1,RM_I,AbiAlpha|Butters_gp57r|RM_Type_I|Wadjet,AbiAlpha|Butters_gp57r|N6_RM_Type_I|Wadjet_I,8,0,1,13,NA,M. abscessus,massiliense,"Monash, AU",Australia,36,0,0,DCC3,HE|HC,2,NA,0,Muddy_HRM-GD04|MissWhite_D29_HRM,2,R,FALSE,FALSE,NA,0,FALSE,TRUE,TRUE,2,2,Butters_gp57r|RM_Type_I,spot_13|spot_46
GD334,NA,NA,NA,NA,NA,NA,NA,NA,NA,NA,NA,NA,NA,NA,NA,0,NA,NA,NA,NA,"Monash, AU",Australia,NA,NA,NA,NA,NA,0,NA,NA,NA,NA,NA,NA,FALSE,NA,0,FALSE,TRUE,NA,0,0,NA,NA
GD334A,NA,NA,NA,NA,NA,NA,NA,NA,NA,NA,NA,NA,NA,NA,NA,0,NA,NA,NA,NA,"Monash, AU",Australia,NA,NA,NA,NA,NA,0,Fred313_cpm1|Isca_cpm1,2,Muddy|Muddy_HRM-GD04|8UZL|Elmo_HRMmc(2)155|MissWhite_D29_HRM,5,S,TRUE,NA,NA,NA,NA,NA,TRUE,0,0,NA,NA
GD334B,NA,NA,NA,NA,NA,NA,NA,NA,NA,NA,NA,NA,NA,NA,NA,0,NA,NA,NA,NA,"Monash, AU",Australia,NA,NA,NA,NA,NA,0,NA,NA,NA,NA,NA,NA,NA,NA,NA,NA,NA,NA,0,0,NA,NA
GD334C,NA,NA,NA,NA,NA,NA,NA,NA,NA,NA,NA,NA,NA,NA,NA,0,NA,NA,NA,NA,"Monash, AU",Australia,NA,NA,NA,NA,NA,0,NA,NA,NA,NA,NA,NA,NA,NA,NA,NA,NA,NA,0,0,NA,NA
GD335,NA,NA,NA,NA,NA,NA,NA,NA,NA,NA,NA,NA,NA,NA,NA,0,NA,NA,NA,NA,"Monash, AU",Australia,36,0,0,NA,NA,0,NA,0,CrimD del del,1,S,TRUE,FALSE,NA,0,FALSE,FALSE,TRUE,0,0,NA,NA
GD336,NA,NA,NA,NA,NA,NA,NA,NA,NA,NA,NA,NA,NA,NA,NA,0,NA,NA,NA,NA,University of Miami,USA,36,0,0,NA,NA,0,NA,0,NA,0,S,TRUE,FALSE,NA,0,FALSE,FALSE,FALSE,0,0,NA,NA
GD337,TRUE,5206352,0,2,2,prophiGD337_2-1|prophiGD337_3-1,50750|54969,384086-434219|774074-828908,10,2,RM_III|RM_IIG,AbiAlpha|CBASS|Cas|Dag|RM_Type_IIG|RM_Type_III|RloC|RosmerTA|VP1853|Wadjet,AbiAlpha|CAS_Class1-Subtype-IV-B|CBASS_II_Phospholipase|Dag|N6_N4_RM_Type_III|N6_RM_Type_IIG|RloC|RosmerTA|VP1853|Wadjet_I,15,2,2,25,NA,M. abscessus,abscessus,"Mayo Clinic of Rochester, Minnesota",USA,36,10,0.2778,DCC4,HC|A1,2,BPsdel33HTH_HRM10|BPsdel33HTH_HRM-GD03|Muddy|Muddy_HRM-GD04|Fionnbharthdel45del47|CrimD del del|Fred313_cpm1|phi-T46|8UZL|Maco6,10,BPsREM1del33,1,S,FALSE,FALSE,NA,0,FALSE,TRUE,TRUE,3,6,CBASS|Dag|RM_Type_IIG|RM_Type_III|RloC|VP1853,spot_0|spot_3|spot_34
GD338,TRUE,5037406,0,1,1,prophiGD338_2-1,33543,786487-818661,6,1,RM_III,AbiAlpha|Aristaios|Dnd|Hna|RM_Type_III|Wadjet,AbiAlpha|Aristaios|Dnd_ABCDE|Hna|N6_N4_RM_Type_III|Wadjet_I,10,0,1,16,NA,M. abscessus,abscessus,Dartmouth,USA,36,0,0,DCC1,HB,1,NA,0,phi-T45,1,R,FALSE,FALSE,NA,0,FALSE,FALSE,TRUE,0,0,NA,NA
GD339,TRUE,4918342,1,0,0,NA,NA,NA,10,1,RM_IIG,AbiAlpha|AbiE|CBASS|Dag|Gabija|McrBC|RM_Type_IIG|Rhea|VP1853|Wadjet,AbiAlpha|AbiE|CBASS_II_Phospholipase|Dag|Gabija|McrBC|N6_RM_Type_IIG|Rhea|VP1853|Wadjet_I,13,1,1,23,NA,M. abscessus,abscessus,Oregon Health and Science University,USA,36,5,0.1389,DCC5,NA,0,Muddy|Muddy_HRM-GD04|8UZL|Maco6|TM4 del rep,5,Snailtales|phiGD34-2,2,R,FALSE,TRUE,Muddy,1,TRUE,TRUE,TRUE,6,7,AbiAlpha|CBASS|Gabija|McrBC|RM_Type_IIG|Rhea|VP1853,spot_0|spot_28|spot_3|spot_32|spot_34|spot_55
GD33A,NA,NA,NA,NA,NA,NA,NA,NA,NA,NA,NA,NA,NA,NA,NA,0,NA,NA,NA,NA,Spain,NA,20,0,0,NA,NA,0,NA,0,Itos,1,S,FALSE,NA,NA,NA,NA,NA,TRUE,0,0,NA,NA
GD33B,NA,NA,NA,NA,NA,NA,NA,NA,NA,NA,NA,NA,NA,NA,NA,0,NA,NA,NA,NA,Spain,NA,20,0,0,NA,NA,0,NA,0,Itos,1,S,FALSE,NA,NA,NA,NA,NA,TRUE,0,0,NA,NA
GD34,TRUE,5361483,1,1,1,prophiGD34_3-1,40049,713049-752581,6,0,NA,AbiAlpha|Aristaios|CBASS|Dnd|Hna|Wadjet,AbiAlpha|Aristaios|CBASS_II_Phospholipase|Dnd_ABCDE|Hna|Wadjet_I,11,0,0,17,NA,M. abscessus,abscessus,"Boston, MA",NA,24,1,0.0417,DCC1,HB,1,Faith1,1,BPsdel33HTH_HRM-GD03|Muddy|Muddy_HRM-GD04|Adephagiadel43del45,4,S,FALSE,FALSE,NA,0,FALSE,TRUE,TRUE,2,2,Hna|Wadjet,spot_32
GD340,TRUE,5257082,3,1,1,prophiGD340_1-1,75364,220151-295155,11,3,RM_I|RM_IIG,AbiAlpha|Armada|BREX|DRT|PD-T7-2|RM_Type_I|RM_Type_IIG|RloC|VP1853|Wadjet,AbiAlpha|Armada_Type_II|BREX_I|DRT9|N6_RM_Type_I|N6_RM_Type_IIG|PD-T7-2|RloC|VP1853|Wadjet_I,17,1,2,28,NA,M. abscessus,abscessus,UPMC Pittsburgh,NA,36,0,0,Non-DCC,HK,1,NA,0,NA,0,S,FALSE,FALSE,NA,0,FALSE,FALSE,FALSE,3,6,AbiAlpha|Armada|BREX|PD-T7-2|RM_Type_IIG,spot_32|spot_53
GD341,NA,NA,NA,NA,NA,NA,NA,NA,NA,NA,NA,NA,NA,NA,NA,0,NA,NA,NA,NA,UPMC Pittsburgh,NA,36,0,0,NA,NA,0,NA,0,NA,0,R,FALSE,FALSE,NA,0,FALSE,FALSE,FALSE,0,0,NA,NA
GD342,TRUE,5226478,0,2,2,prophiGD342_2-1|prophiGD342_3-1,56881|43859,366592-421828|698239-741525,8,2,RM_II|RM_III,AbiAlpha|AbiD|Aristaios|Dnd|Hna|RM_Type_II|RM_Type_III|Wadjet,AbiAlpha|AbiD|Aristaios|Dnd_ABCDE|Hna|N6_N4_RM_Type_III|N6_RM_Type_II_PDDEXK|Wadjet_I,12,1,2,20,NA,M. abscessus,abscessus,"Northwell, NY",USA,36,0,0,DCC1,HG|HH,2,NA,0,NA,0,S,FALSE,FALSE,NA,0,FALSE,FALSE,FALSE,3,4,AbiAlpha|AbiD|Hna|RM_Type_III,NA
GD343,TRUE,4941625,0,1,1,prophiGD343_1-1,41484,1270300-1311645,6,1,RM_IIG,AbiAlpha|AbiE|Dag|RM_Type_IIG|VP1853|Wadjet,AbiAlpha|AbiE|Dag|N6_RM_Type_IIG|VP1853|Wadjet_I,10,1,1,16,NA,M. abscessus,abscessus,Cleveland Medical Center,USA,36,4,0.1111,DCC5,HN,1,Muddy|Muddy_HRM-GD04|8UZL|Maco6,4,Itos,1,S,FALSE,FALSE,NA,0,FALSE,TRUE,TRUE,1,3,Dag|RM_Type_IIG|VP1853,spot_0
GD344,TRUE,5185442,1,3,3,prophiGD344_5-1|prophiGD344_5-2|prophiGD344_8-1,60696|62711|53961,160031-220146|235497-297759|79798-132253,9,4,RM_I|RM_IIG,AbiAlpha|Armada|RM_Type_I|RM_Type_IIG|RloC|Thoeris|Wadjet,AbiAlpha|Armada_Type_II|N6_RM_Type_I|N6_RM_Type_IIG|RloC|Thoeris_VII|Wadjet_I,11,1,3,20,NA,M. abscessus,abscessus,"Dublin, IE",NA,36,6,0.1667,DCC2,HE|HA|HG,3,BPsdel33HTH_HRM10|BPsdel33HTH_HRM-GD03|Muddy|Muddy_HRM-GD04|8UZL|Maco6,6,BPsREM1del33|Itos,2,R,FALSE,TRUE,BPs|Muddy|Itos,3,TRUE,TRUE,TRUE,3,3,RM_Type_IIG|RloC|Thoeris,spot_22|spot_23|spot_49
GD345,TRUE,4978525,1,0,0,NA,NA,NA,11,1,RM_IIG,AbiAlpha|AbiE|CBASS|Dag|Gabija|McrBC|RM_Type_IIG|Rhea|VP1853|Wadjet,AbiAlpha|AbiE|CBASS_II_Phospholipase|Dag|Gabija|McrBC|N6_RM_Type_IIG|Rhea|VP1853|Wadjet_I,14,1,1,25,NA,M. abscessus,abscessus,"Montefiore MC, NY",USA,36,4,0.1111,DCC5,NA,0,Muddy|Muddy_HRM-GD04|8UZL|Maco6,4,NA,0,S,FALSE,FALSE,NA,0,FALSE,TRUE,FALSE,2,4,Dag|RM_Type_IIG|Rhea|VP1853,spot_0
GD346,TRUE,5047355,1,1,1,prophiGD346_5-1,62277,66398-128229,9,2,RM_IIG,AbiAlpha|AbiU|Armada|RM_Type_IIG|RosmerTA|Thoeris|VP1853|Wadjet,AbiAlpha|AbiU|Armada_Type_II|N6_RM_Type_IIG|RosmerTA|Thoeris_II|VP1853|Wadjet_I,10,1,1,19,NA,M. abscessus,abscessus,Hadassah-Hebrew University Medical Center,Israel,36,1,0.0278,Non-DCC,HA,1,8UZL,1,Maco6,1,R,FALSE,FALSE,NA,0,FALSE,TRUE,TRUE,1,3,Armada|RM_Type_IIG,NA
GD347,TRUE,4880228,0,1,1,prophiGD347-1,52354,3331883-3382664,4,1,RM_II,AbiAlpha|CBASS|RM_Type_II|Wadjet,AbiAlpha|CBASS_I_Phospholipase|DNA_met_RM_Type_II_PDDEXK|Wadjet_I,9,1,1,13,NA,M. abscessus,abscessus,Hadassah-Hebrew University Medical Center,Israel,36,0,0,DCC4,HL,1,NA,0,CrimD del del|Adephagiadel43del45|Snailtales|8UZL,4,R,FALSE,TRUE,Muddy|ZoeJ,2,TRUE,TRUE,TRUE,3,3,AbiAlpha|CBASS|RM_Type_II,spot_34|spot_53
GD347A,TRUE,4880437,0,1,1,prophiGD347A-1,52354,3332093-3382874,4,1,RM_II,AbiAlpha|CBASS|RM_Type_II|Wadjet,AbiAlpha|CBASS_I_Phospholipase|DNA_met_RM_Type_II_PDDEXK|Wadjet_I,9,1,1,13,NA,M. abscessus,abscessus,Hadassah-Hebrew University Medical Center,Israel,NA,NA,NA,DCC4,HL,1,NA,NA,NA,NA,NA,NA,NA,NA,NA,NA,NA,NA,2,2,CBASS|RM_Type_II,spot_34|spot_53
GD347A-1,NA,NA,NA,NA,NA,NA,NA,NA,NA,NA,NA,NA,NA,NA,NA,0,NA,NA,NA,NA,Hadassah-Hebrew University Medical Center,Israel,NA,NA,NA,NA,NA,0,Muddy|Muddy_HRM-GD04,2,NA,0,R,FALSE,NA,NA,NA,NA,NA,FALSE,0,0,NA,NA
GD347A-2,NA,NA,NA,NA,NA,NA,NA,NA,NA,NA,NA,NA,NA,NA,NA,0,NA,NA,NA,NA,Hadassah-Hebrew University Medical Center,Israel,NA,NA,NA,NA,NA,0,NA,0,NA,0,R,FALSE,NA,NA,NA,NA,NA,FALSE,0,0,NA,NA
GD347B,TRUE,4975309,1,0,0,NA,NA,NA,9,2,RM_IIG,AbiAlpha|AbiU|Armada|RM_Type_IIG|RosmerTA|Thoeris|VP1853|Wadjet,AbiAlpha|AbiU|Armada_Type_II|N6_RM_Type_IIG|RosmerTA|Thoeris_II|VP1853|Wadjet_I,10,1,1,19,NA,M. abscessus,abscessus,Hadassah-Hebrew University Medical Center,Israel,NA,NA,NA,Non-DCC,NA,0,NA,NA,NA,NA,NA,NA,NA,NA,NA,NA,NA,NA,2,2,AbiAlpha|Thoeris,spot_103|spot_72
GD348,TRUE,5180762,0,3,3,prophiGD348_19-1|prophiGD348_2-1|prophiGD348_5-1,38337|52601|58479,711-38050|383868-436052|2700-59837,7,0,NA,AbiAlpha|Aristaios|CBASS|Dag|Dnd|Hna|Wadjet,AbiAlpha|Aristaios|CBASS_II_Phospholipase|Dag|Dnd_ABCDE|Hna|Wadjet_I,13,0,0,20,NA,M. abscessus,abscessus,University of Kentucky,USA,36,0,0,DCC1,HB|HF|HA,3,NA,0,NA,0,R,FALSE,FALSE,NA,0,FALSE,FALSE,FALSE,5,5,AbiAlpha|CBASS|Dag|Dnd|Hna,spot_0|spot_3|spot_32|spot_34
GD349,NA,NA,NA,NA,NA,NA,NA,NA,NA,NA,NA,NA,NA,NA,NA,0,NA,NA,NA,NA,University of Kansas Medical Center,USA,10,0,0,NA,NA,0,NA,0,NA,0,R,FALSE,FALSE,NA,0,FALSE,FALSE,FALSE,0,0,NA,NA
GD35,TRUE,5066031,0,1,1,prophiGD35-1,69032,1737862-2622827,6,0,NA,AbiAlpha|Aristaios|CBASS|Dnd|Hna|Wadjet,AbiAlpha|Aristaios|CBASS_II_Phospholipase|Dnd_ABCDE|Hna|Wadjet_I,11,0,0,17,NA,M. abscessus,abscessus,"Northwell Health, NY",USA,18,3,0.1667,DCC1,HA,1,BPsdel33HTH_HRM10|BPsdel33HTH_HRM-GD03|Itos,3,Faith1,1,R,FALSE,TRUE,BPs|Itos,2,TRUE,TRUE,TRUE,3,3,AbiAlpha|Aristaios|CBASS,spot_3|spot_32|spot_49
GD350,NA,NA,NA,NA,NA,NA,NA,NA,NA,NA,NA,NA,NA,NA,NA,0,NA,NA,NA,NA,University of Kansas Medical Center,USA,10,0,0,NA,NA,0,NA,0,NA,0,S,TRUE,FALSE,NA,0,FALSE,FALSE,FALSE,0,0,NA,NA
GD351,TRUE,5046529,1,1,1,prophiGD351_1-1,57531,1083930-1140120,6,0,NA,AbiAlpha|Aristaios|CBASS|Dnd|Hna|Wadjet,AbiAlpha|Aristaios|CBASS_II_Phospholipase|Dnd_ABCDE|Hna|Wadjet_I,11,0,0,17,NA,M. abscessus,abscessus,"Slidell, LA",USA,26,15,0.5769,DCC1,HA,1,BPsdel33HTH_HRM10|BPsdel33HTH_HRM-GD03|BPsHRM10_pMC09|Itos|phAK1|phAK2|phi-T45|phi-T46|Snailtales|phiGD57-1|phiGD17-1|phiGD24-3|phiGD89A-1|phiGD20-1|phiGD22-1,15,BPsREM1del33,1,R,FALSE,TRUE,BPs|Itos,2,TRUE,TRUE,TRUE,2,2,Aristaios|Dnd,spot_34
GD352,TRUE,4734225,0,0,0,NA,NA,NA,3,1,RM_I,AbiAlpha|RM_Type_I|Wadjet,AbiAlpha|N6_RM_Type_I|Wadjet_I,9,1,1,12,NA,M. abscessus,abscessus,NYU Langone Medical Center Langone Medical Center,USA,26,3,0.1154,DCC5,NA,0,phAK1|phAK2|Snailtales,3,phiGD89A-1,1,R,FALSE,TRUE,phAK2,1,TRUE,TRUE,TRUE,0,0,NA,NA
GD353,TRUE,5063630,0,1,1,prophiGD353_2-1,70587,450655-520789,7,0,NA,AbiAlpha|Aristaios|CBASS|Dnd|Hna|SEFIR|Wadjet,AbiAlpha|Aristaios|CBASS_II_Phospholipase|Dnd_ABCDE|Hna|SEFIR|Wadjet_I,12,0,0,19,NA,M. abscessus,abscessus,UPMC Pittsburgh,NA,26,13,0.5,DCC1,HA,1,BPsdel33HTH_HRM10|BPsdel33HTH_HRM-GD03|BPsREM1del33|BPsHRM10_pMC09|Itos|D29_HRM_GD40|phAK1|phAK2|phi-T45|phiGD57-1|phiGD17-1|phiGD24-3|phiGD89A-1,13,Snailtales|phiGD20-1|phiGD22-1,3,R,FALSE,TRUE,D29|phAK2,2,TRUE,TRUE,TRUE,4,4,AbiAlpha|Aristaios|CBASS|SEFIR,spot_18|spot_3|spot_32|spot_49
GD354,NA,NA,NA,NA,NA,NA,NA,NA,NA,NA,NA,NA,NA,NA,NA,0,NA,NA,NA,NA,San Francisco,USA,10,0,0,NA,NA,0,NA,0,NA,0,S,TRUE,FALSE,NA,0,FALSE,FALSE,FALSE,0,0,NA,NA
GD355,TRUE,5150840,0,2,2,prophiGD355_2-1|prophiGD355_7-1,83142|29531,353952-436834|762-30093,8,2,RM_IIG,AbiAlpha|Armada|Kiwa|RM_Type_IIG|RosmerTA|Wadjet,AbiAlpha|Armada_Type_II|Kiwa|N6_RM_Type_IIG|RosmerTA|Wadjet_I,14,1,1,22,NA,M. abscessus,abscessus,University College London,NA,26,3,0.1154,DCC5,HC|HH,2,Muddy|Muddy_HRM-GD04|Muddy_HRM-N0052,3,NA,0,R,FALSE,TRUE,Muddy|Itos,2,TRUE,TRUE,FALSE,3,3,AbiAlpha|Kiwa|RosmerTA,spot_15|spot_32
GD356,NA,NA,NA,NA,NA,NA,NA,NA,NA,NA,NA,NA,NA,NA,NA,0,NA,NA,NA,NA,Medical University of South Carolina (MUSC),NA,10,0,0,NA,NA,0,NA,0,NA,0,S,TRUE,FALSE,NA,0,FALSE,FALSE,FALSE,0,0,NA,NA
GD357,TRUE,5655693,1,0,0,NA,NA,NA,7,1,RM_IIG|RM_IV,CBASS|Ceres|DS-29|Esos|PD-T7-2|RM_Type_IIG|Thoeris,CBASS_II_Phospholipase|Ceres|DS-29|Esos|N6_RM_Type_IIG|PD-T7-2|Thoeris_XI,12,1,2,19,NA,M. chimaera,NA,"National Heart Lung and Blood Institute, NIH, Bethesda, MD",NA,10,0,0,NA,NA,0,NA,0,NA,0,S,TRUE,FALSE,NA,0,FALSE,FALSE,FALSE,0,0,NA,NA
GD358,TRUE,5134153,0,0,0,NA,NA,NA,5,2,RM_I,Ceres|Esos|MspJI|RM_Type_I,Ceres|Esos|MspJI|N6_RM_Type_I,11,2,2,16,NA,M. avium,NA,National Jewish Health,NA,10,3,0.3,NA,NA,0,Muddy|Muddy_HRM-GD04|8UZL,3,NA,0,R,FALSE,TRUE,Muddy,1,TRUE,TRUE,FALSE,0,0,NA,NA
GD359,TRUE,5164590,1,3,3,prophiGD359_1-1|prophiGD359_11-1|prophiGD359_4-1,52458|53953|72282,445593-497546|96-53929|292384-364213,6,0,NA,AbiAlpha|Aristaios|CBASS|Dnd|Hna|Wadjet,AbiAlpha|Aristaios|CBASS_II_Phospholipase|Dnd_ABCDE|Hna|Wadjet_I,11,0,0,17,NA,M. abscessus,abscessus,"Kaiser Permanente, San Jose",USA,26,1,0.0385,DCC1,HD|A1|HA,3,Itos,1,phiGD20-1,1,S,FALSE,FALSE,NA,0,FALSE,TRUE,TRUE,3,3,Aristaios|CBASS|Hna,spot_3|spot_49
GD36,TRUE,5383158,2,1,1,prophiGD36_4-1,43608,212699-255739,8,1,RM_III,AbiAlpha|AbiD|Aristaios|Dnd|Hna|RM_Type_III|VP1853|Wadjet,AbiAlpha|AbiD|Aristaios|Dnd_ABCDE|Hna|N6_N4_RM_Type_III|VP1853|Wadjet_I,9,0,1,17,NA,M. abscessus,abscessus,"Vancouver, BC, Canada",NA,13,1,0.0769,DCC1,HH,1,Itos,1,Faith1,1,S,FALSE,FALSE,NA,0,FALSE,TRUE,TRUE,4,5,AbiD|Dnd|Hna|RM_Type_III|VP1853,spot_0
GD360,NA,NA,NA,NA,NA,NA,NA,NA,NA,NA,NA,NA,NA,NA,NA,0,NA,NA,NA,NA,Hadassah-Hebrew University Medical Center,Israel,NA,NA,NA,NA,NA,0,NA,NA,NA,NA,NA,NA,FALSE,NA,0,NA,NA,NA,0,0,NA,NA
GD360A,NA,NA,NA,NA,NA,NA,NA,NA,NA,NA,NA,NA,NA,NA,NA,0,NA,NA,NA,NA,Hadassah-Hebrew University Medical Center,Israel,NA,NA,NA,NA,NA,0,ZoeJdel43-45|Fionnbharthdel45del47|CrimD del del|Itos|Fred313_cpm1|Isca_cpm1,6,BPsdel33HTH_HRM10|BPsdel33HTH_HRM-GD03|BPsHRM10_pMC09|Adephagiadel43del45,4,R,FALSE,TRUE,ZoeJ|phAK20,2,TRUE,TRUE,TRUE,0,0,NA,NA
GD360B,NA,NA,NA,NA,NA,NA,NA,NA,NA,NA,NA,NA,NA,NA,NA,0,NA,NA,NA,NA,Hadassah-Hebrew University Medical Center,Israel,NA,NA,NA,NA,NA,0,BPsHRM10_pMC09|ZoeJdel43-45|Fionnbharthdel45del47|CrimD del del|Itos|Fred313_cpm1|Isca_cpm1|phi-T45,8,BPsdel33HTH_HRM10|BPsdel33HTH_HRM-GD03|Adephagiadel43del45|Snailtales|phiGD17-1|phiGD89A-1,6,S,FALSE,FALSE,NA,0,FALSE,FALSE,TRUE,0,0,NA,NA
GD361,NA,NA,NA,NA,NA,NA,NA,NA,NA,NA,NA,NA,NA,NA,NA,0,NA,NA,NA,NA,"Tampere, Finland",Finland,26,0,0,NA,NA,0,NA,0,CrimD del del|Adephagiadel43del45,2,S,TRUE,FALSE,NA,0,FALSE,TRUE,TRUE,0,0,NA,NA
GD362,NA,NA,NA,NA,NA,NA,NA,NA,NA,NA,NA,NA,NA,NA,NA,0,NA,NA,NA,NA,Penn medicine,USA,NA,NA,NA,NA,NA,0,NA,NA,NA,NA,NA,NA,FALSE,NA,0,FALSE,TRUE,NA,0,0,NA,NA
GD362A,NA,NA,NA,NA,NA,NA,NA,NA,NA,NA,NA,NA,NA,NA,NA,0,NA,NA,NA,NA,Penn medicine,USA,NA,NA,NA,NA,NA,0,Muddy|Muddy_HRM-GD04|Muddy_HRM-N0052,3,phAK2|phiGD89A-1,2,S,TRUE,NA,NA,NA,NA,NA,TRUE,0,0,NA,NA
GD362B,NA,NA,NA,NA,NA,NA,NA,NA,NA,NA,NA,NA,NA,NA,NA,0,NA,NA,NA,NA,Penn medicine,USA,NA,NA,NA,NA,NA,0,NA,0,NA,0,R,FALSE,NA,NA,NA,NA,NA,FALSE,0,0,NA,NA
GD363A,TRUE,4856356,0,1,1,prophiGD363A_3-1,40549,156535-196277,7,1,RM_III,AbiAlpha|Avs|DS-20|RM_Type_III|RosmerTA|Wadjet,AbiAlpha|Avs5|Avs7|DS-20|N6_N4_RM_Type_III|RosmerTA|Wadjet_I,8,0,1,15,NA,M. abscessus,abscessus,National Jewish Health,NA,26,3,0.1154,DCC4,HB,1,Muddy|Muddy_HRM-GD04|Muddy_HRM-N0052,3,phiGD89A-1,1,R,FALSE,FALSE,NA,0,FALSE,TRUE,TRUE,4,4,Avs|DS-20|RM_Type_III|RosmerTA,spot_124|spot_19|spot_34|spot_39
GD363B,TRUE,4856266,0,1,1,prophiGD363B_3-1,40549,156309-196051,7,1,RM_III,AbiAlpha|Avs|DS-20|RM_Type_III|RosmerTA|Wadjet,AbiAlpha|Avs5|Avs7|DS-20|N6_N4_RM_Type_III|RosmerTA|Wadjet_I,8,0,1,15,NA,M. abscessus,abscessus,National Jewish Health,NA,26,0,0,DCC4,HB,1,NA,0,NA,0,S,FALSE,FALSE,NA,0,FALSE,FALSE,FALSE,4,4,AbiAlpha|Avs|RM_Type_III|RosmerTA,spot_124|spot_39
GD364,NA,NA,NA,NA,NA,NA,NA,NA,NA,NA,NA,NA,NA,NA,NA,0,NA,NA,NA,NA,"Melbourne, Australia",NA,26,1,0.0385,NA,NA,0,phiGD22-1,1,NA,0,S,FALSE,FALSE,NA,0,NA,NA,FALSE,0,0,NA,NA
GD364A,NA,NA,NA,NA,NA,NA,NA,NA,NA,NA,NA,NA,NA,NA,NA,0,NA,NA,NA,NA,"Melbourne, Australia",NA,NA,NA,NA,NA,NA,0,Itos,1,NA,0,R,FALSE,FALSE,NA,0,FALSE,TRUE,FALSE,0,0,NA,NA
GD364B,NA,NA,NA,NA,NA,NA,NA,NA,NA,NA,NA,NA,NA,NA,NA,0,NA,NA,NA,NA,"Melbourne, Australia",NA,NA,NA,NA,NA,NA,0,NA,0,Itos,1,S,FALSE,FALSE,NA,0,FALSE,FALSE,TRUE,0,0,NA,NA
GD365,TRUE,5063992,1,1,1,prophiGD365_7-1,57531,292353-348543,8,0,NA,AbiAlpha|Aristaios|CBASS|Dnd|Hna|SEFIR|VP1853|Wadjet,AbiAlpha|Aristaios|CBASS_II_Phospholipase|Dnd_ABCDE|Hna|SEFIR|VP1853|Wadjet_I,12,0,0,20,NA,M. abscessus,abscessus,"Nationwide Childrens, OH",USA,26,1,0.0385,DCC1,HA,1,D29_HRM_GD40,1,phi-T45,1,S,FALSE,FALSE,NA,0,FALSE,TRUE,TRUE,1,1,AbiAlpha,NA
GD366,NA,NA,NA,NA,NA,NA,NA,NA,NA,NA,NA,NA,NA,NA,NA,0,NA,NA,NA,NA,National Jewish Health,NA,NA,NA,NA,NA,NA,0,NA,NA,NA,NA,NA,NA,TRUE,BPs|Muddy|Itos|phAK2,4,TRUE,TRUE,NA,0,0,NA,NA
GD366A,TRUE,5114941,1,1,1,prophiGD366A_5-1,47085,7638-54435,9,4,RM_I|RM_IIG,AbiAlpha|Armada|RM_Type_I|RM_Type_IIG|RloC|Thoeris|Wadjet,AbiAlpha|Armada_Type_II|N6_RM_Type_I|N6_RM_Type_IIG|RloC|Thoeris_VII|Wadjet_I,11,1,3,20,NA,M. abscessus,abscessus,National Jewish Health,NA,NA,NA,NA,DCC2,HE,1,Muddy|Muddy_HRM-GD04|Muddy_HRM-N0052,3,BPsdel33HTH_HRM10|BPsdel33HTH_HRM-GD03|BPsHRM10_pMC09|Itos,4,R,FALSE,NA,NA,NA,NA,NA,TRUE,5,7,Armada|RM_Type_I|RM_Type_IIG|RloC|Thoeris,spot_22|spot_56|spot_9
GD366B,TRUE,5122332,1,1,1,prophiGD366B_5-1,60695,160253-219828,9,4,RM_I|RM_IIG,AbiAlpha|Armada|RM_Type_I|RM_Type_IIG|RloC|Thoeris|Wadjet,AbiAlpha|Armada_Type_II|N6_RM_Type_I|N6_RM_Type_IIG|RloC|Thoeris_VII|Wadjet_I,11,1,3,20,NA,M. abscessus,abscessus,National Jewish Health,NA,NA,NA,NA,DCC2,HE,1,NA,0,NA,0,R,FALSE,NA,NA,NA,NA,NA,FALSE,4,6,Armada|RM_Type_IIG|RloC|Thoeris,spot_22|spot_23|spot_54
GD367,NA,NA,NA,NA,NA,NA,NA,NA,NA,NA,NA,NA,NA,NA,NA,0,NA,NA,NA,NA,UPMC Pittsburgh,NA,26,0,0,NA,NA,0,NA,0,NA,0,S,FALSE,FALSE,NA,0,FALSE,FALSE,FALSE,0,0,NA,NA
GD368,NA,NA,NA,NA,NA,NA,NA,NA,NA,NA,NA,NA,NA,NA,NA,0,NA,NA,NA,NA,"Mayo Clinic of Rochester, Minnesota",USA,26,0,0,NA,NA,0,NA,0,NA,0,S,FALSE,FALSE,NA,0,FALSE,FALSE,FALSE,0,0,NA,NA
GD369,TRUE,368661,6,0,0,NA,NA,NA,8,0,RM_IV,CBASS|Cas|Ceres|DRT-like_UG|DS-29|Esos|Thoeris,CAS_Class1-Subtype-IV-D|CBASS_II_Phospholipase|Ceres|DS-29|Esos|Thoeris_IV|UG33,17,1,1,25,NA,M. chimaera,NA,University of Kansas Health System,USA,11,2,0.1818,NA,NA,0,CrimD del del|phSY1,2,ZoeJdel43-45,1,No Morphology,FALSE,TRUE,CrimD,1,TRUE,TRUE,TRUE,0,0,NA,NA
GD37,TRUE,4760160,0,0,0,NA,NA,NA,10,1,RM_IIG,AbiAlpha|Butters_gp57r|Dag|DpnI|Other_Type_IV|Paris|RM_Type_IIG|SEFIR|VP1853|Wadjet,AbiAlpha|Butters_gp57r|Dag|DpnI|N6_RM_Type_IIG|Other_Type_IV|PARIS_I|SEFIR|VP1853|Wadjet_I,11,1,1,21,NA,M. abscessus,bolletii,"Vancouver, BC, Canada",NA,14,0,0,Non-DCC,NA,0,NA,0,Muddy_HRM-GD04,1,S,FALSE,FALSE,NA,0,FALSE,FALSE,TRUE,3,6,Butters_gp57r|Dag|RM_Type_IIG|SEFIR|VP1853|Wadjet,spot_61|spot_65
GD370,NA,NA,NA,NA,NA,NA,NA,NA,NA,NA,NA,NA,NA,NA,NA,0,NA,NA,NA,NA,"Mt. Sinai hospital, NY",USA,10,0,0,NA,NA,0,NA,0,NA,0,S,TRUE,FALSE,NA,0,FALSE,FALSE,FALSE,0,0,NA,NA
GD371,NA,NA,NA,NA,NA,NA,NA,NA,NA,NA,NA,NA,NA,NA,NA,0,NA,NA,NA,NA,The Children’s Hospital at Westmead,Australia,NA,NA,NA,NA,NA,0,NA,NA,NA,NA,NA,NA,FALSE,NA,0,NA,NA,NA,0,0,NA,NA
GD371A,NA,NA,NA,NA,NA,NA,NA,NA,NA,NA,NA,NA,NA,NA,NA,0,NA,NA,NA,NA,The Children’s Hospital at Westmead,Australia,NA,NA,NA,NA,NA,0,NA,0,NA,0,S,FALSE,FALSE,NA,0,FALSE,FALSE,FALSE,0,0,NA,NA
GD371B,NA,NA,NA,NA,NA,NA,NA,NA,NA,NA,NA,NA,NA,NA,NA,0,NA,NA,NA,NA,The Children’s Hospital at Westmead,Australia,NA,NA,NA,NA,NA,0,NA,0,NA,0,S,FALSE,NA,NA,NA,NA,NA,FALSE,0,0,NA,NA
GD371C,NA,NA,NA,NA,NA,NA,NA,NA,NA,NA,NA,NA,NA,NA,NA,0,NA,NA,NA,NA,The Children’s Hospital at Westmead,Australia,NA,NA,NA,NA,NA,0,NA,NA,NA,NA,NA,NA,FALSE,NA,0,FALSE,FALSE,NA,0,0,NA,NA
GD371D,NA,NA,NA,NA,NA,NA,NA,NA,NA,NA,NA,NA,NA,NA,NA,0,NA,NA,NA,NA,The Children’s Hospital at Westmead,Australia,NA,NA,NA,NA,NA,0,NA,NA,NA,NA,NA,NA,NA,NA,NA,NA,NA,NA,0,0,NA,NA
GD372,NA,NA,NA,NA,NA,NA,NA,NA,NA,NA,NA,NA,NA,NA,NA,0,NA,NA,NA,NA,"University of Minho, Portugal",Portugal,26,3,0.1154,NA,NA,0,Muddy|Muddy_HRM-GD04|Muddy_HRM-N0052,3,Itos,1,S,FALSE,FALSE,NA,0,FALSE,TRUE,TRUE,0,0,NA,NA
GD373,NA,NA,NA,NA,NA,NA,NA,NA,NA,NA,NA,NA,NA,NA,NA,0,NA,NA,NA,NA,"Mayo Clinic of Rochester, Minnesota",USA,26,1,0.0385,NA,NA,0,Muddy_HRM-GD04,1,Itos,1,R,FALSE,FALSE,NA,0,FALSE,TRUE,TRUE,0,0,NA,NA
GD374,TRUE,6383206,3,1,1,prophiGD374_29-1,59232,644-58856,5,0,RM_IV,CBASS|Cas|Ceres|Esos|Taranis,CAS_Class1-Subtype-IV-B|CBASS_II_Phospholipase|Ceres|Esos|Taranis,16,1,1,21,NA,M. chimaera,NA,"Mayo Clinic of Rochester, Minnesota",USA,11,1,0.0909,NA,unclustered,0,ZoeJdel43-45,1,NA,0,No Morphology,FALSE,FALSE,NA,0,FALSE,TRUE,FALSE,0,0,NA,NA
GD375,NA,NA,NA,NA,NA,NA,NA,NA,NA,NA,NA,NA,NA,NA,NA,0,NA,NA,NA,NA,Medical University of South Carolina,NA,26,0,0,NA,NA,0,NA,0,ZoeJdel43-45,1,R,FALSE,TRUE,ZoeJ,1,TRUE,FALSE,TRUE,0,0,NA,NA
GD376,NA,NA,NA,NA,NA,NA,NA,NA,NA,NA,NA,NA,NA,NA,NA,0,NA,NA,NA,NA,Medical University of South Carolina,NA,10,0,0,NA,NA,0,NA,0,NA,0,S,TRUE,FALSE,NA,0,FALSE,FALSE,FALSE,0,0,NA,NA
GD377,NA,NA,NA,NA,NA,NA,NA,NA,NA,NA,NA,NA,NA,NA,NA,0,NA,NA,NA,NA,University of Minnesota,USA,26,0,0,NA,NA,0,NA,0,NA,0,S,FALSE,FALSE,NA,0,FALSE,FALSE,FALSE,0,0,NA,NA
GD378,NA,NA,NA,NA,NA,NA,NA,NA,NA,NA,NA,NA,NA,NA,NA,0,NA,NA,NA,NA,"Royal Prince Alfred Hospital, Australia",NA,27,0,0,NA,NA,0,NA,0,NA,0,S,FALSE,FALSE,NA,0,FALSE,FALSE,FALSE,0,0,NA,NA
GD379,NA,NA,NA,NA,NA,NA,NA,NA,NA,NA,NA,NA,NA,NA,NA,0,NA,NA,NA,NA,"Hollywood, FL",USA,27,0,0,NA,NA,0,NA,0,NA,0,S,FALSE,FALSE,NA,0,FALSE,FALSE,FALSE,0,0,NA,NA
GD38,TRUE,5182416,0,0,0,NA,NA,NA,6,1,RM_IIG,AbiAlpha|CBASS|Dag|RM_Type_IIG|RosmerTA|Wadjet,AbiAlpha|CBASS_II_Phospholipase|Dag|N6_RM_Type_IIG|RosmerTA|Wadjet_I,11,1,1,17,NA,M. abscessus,abscessus,"Hamilton General Hospital, Hamilton, ON, Canada",NA,23,2,0.087,DCC4,NA,0,BPsdel33HTH_HRM10|BPsdel33HTH_HRM-GD03,2,NA,0,R,FALSE,TRUE,BPs,1,TRUE,TRUE,FALSE,4,4,CBASS|Dag|RM_Type_IIG|RosmerTA,spot_19|spot_3|spot_66|spot_88
GD380,NA,NA,NA,NA,NA,NA,NA,NA,NA,NA,NA,NA,NA,NA,NA,0,NA,NA,NA,NA,Public Health Ontario,NA,27,3,0.1111,NA,NA,0,Muddy|Muddy_HRM-GD04|Muddy_HRM-N0052,3,NA,0,S,FALSE,FALSE,NA,0,FALSE,TRUE,FALSE,0,0,NA,NA
GD381,NA,NA,NA,NA,NA,NA,NA,NA,NA,NA,NA,NA,NA,NA,NA,0,NA,NA,NA,NA,The University of North Carolina at Chapel Hill,NA,27,0,0,NA,NA,0,NA,0,NA,0,S,FALSE,FALSE,NA,0,FALSE,FALSE,FALSE,0,0,NA,NA
GD382,NA,NA,NA,NA,NA,NA,NA,NA,NA,NA,NA,NA,NA,NA,NA,0,NA,NA,NA,NA,UPMC Pittsburgh,NA,27,6,0.2222,NA,NA,0,BPsdel33HTH_HRM10|BPsHRM10_pMC09|phAK1|phAK2|phAK29|phi-T45,6,BPsdel33HTH_HRM-GD03|BPsREM1del33|Itos|D29_HRM_GD40|phAK20|phAK31|Snailtales|phiABC35,8,R,FALSE,TRUE,BPs,1,TRUE,TRUE,TRUE,0,0,NA,NA
GD383,NA,NA,NA,NA,NA,NA,NA,NA,NA,NA,NA,NA,NA,NA,NA,0,NA,NA,NA,NA,UPMC Pittsburgh,NA,27,0,0,NA,NA,0,NA,0,NA,0,S,FALSE,FALSE,NA,0,FALSE,FALSE,FALSE,0,0,NA,NA
GD384,NA,NA,NA,NA,NA,NA,NA,NA,NA,NA,NA,NA,NA,NA,NA,0,NA,NA,NA,NA,UPMC Pittsburgh,NA,NA,NA,NA,NA,NA,0,NA,NA,NA,NA,NA,NA,FALSE,NA,0,NA,NA,NA,0,0,NA,NA
GD384A,NA,NA,NA,NA,NA,NA,NA,NA,NA,NA,NA,NA,NA,NA,NA,0,NA,NA,NA,NA,UPMC Pittsburgh,NA,NA,NA,NA,NA,NA,0,phiABC35,1,phAK31|phi-T45,2,S,FALSE,FALSE,NA,0,FALSE,TRUE,TRUE,0,0,NA,NA
GD384B,NA,NA,NA,NA,NA,NA,NA,NA,NA,NA,NA,NA,NA,NA,NA,0,NA,NA,NA,NA,UPMC Pittsburgh,NA,NA,NA,NA,NA,NA,0,NA,0,NA,0,R,FALSE,FALSE,NA,0,FALSE,FALSE,FALSE,0,0,NA,NA
GD385,NA,NA,NA,NA,NA,NA,NA,NA,NA,NA,NA,NA,NA,NA,NA,0,NA,NA,NA,NA,"Palma de Mallorca, Spain.",NA,NA,NA,NA,NA,NA,0,NA,NA,NA,NA,NA,NA,FALSE,NA,0,FALSE,TRUE,NA,0,0,NA,NA
GD385A,NA,NA,NA,NA,NA,NA,NA,NA,NA,NA,NA,NA,NA,NA,NA,0,NA,NA,NA,NA,"Palma de Mallorca, Spain.",NA,NA,NA,NA,NA,NA,0,NA,0,Itos|D29_HRM_GD40|phAK1|phAK2|phAK29|phi-T45,6,S,FALSE,NA,NA,NA,NA,NA,TRUE,0,0,NA,NA
GD385B,NA,NA,NA,NA,NA,NA,NA,NA,NA,NA,NA,NA,NA,NA,NA,0,NA,NA,NA,NA,"Palma de Mallorca, Spain.",NA,NA,NA,NA,NA,NA,0,NA,0,BPsHRM10_pMC09|phAK29,2,S,FALSE,NA,NA,NA,NA,NA,TRUE,0,0,NA,NA
GD386,NA,NA,NA,NA,NA,NA,NA,NA,NA,NA,NA,NA,NA,NA,NA,0,NA,NA,NA,NA,"Montpellier, France",NA,10,0,0,NA,NA,0,NA,0,NA,0,S,TRUE,FALSE,NA,0,FALSE,FALSE,FALSE,0,0,NA,NA
GD387,NA,NA,NA,NA,NA,NA,NA,NA,NA,NA,NA,NA,NA,NA,NA,0,NA,NA,NA,NA,"Queensland Health, Australia",NA,NA,NA,NA,NA,NA,0,NA,NA,NA,NA,NA,NA,FALSE,NA,0,FALSE,FALSE,NA,0,0,NA,NA
GD387A,NA,NA,NA,NA,NA,NA,NA,NA,NA,NA,NA,NA,NA,NA,NA,0,NA,NA,NA,NA,"Queensland Health, Australia",NA,NA,NA,NA,NA,NA,0,NA,0,NA,0,R,FALSE,NA,NA,NA,NA,NA,FALSE,0,0,NA,NA
GD387B,NA,NA,NA,NA,NA,NA,NA,NA,NA,NA,NA,NA,NA,NA,NA,0,NA,NA,NA,NA,"Queensland Health, Australia",NA,NA,NA,NA,NA,NA,0,NA,0,NA,0,No Morphology,FALSE,NA,NA,NA,NA,NA,FALSE,0,0,NA,NA
GD387C,NA,NA,NA,NA,NA,NA,NA,NA,NA,NA,NA,NA,NA,NA,NA,0,NA,NA,NA,NA,"Queensland Health, Australia",NA,NA,NA,NA,NA,NA,0,NA,0,NA,0,No Morphology,FALSE,NA,NA,NA,NA,NA,FALSE,0,0,NA,NA
GD387D,NA,NA,NA,NA,NA,NA,NA,NA,NA,NA,NA,NA,NA,NA,NA,0,NA,NA,NA,NA,"Queensland Health, Australia",NA,NA,NA,NA,NA,NA,0,NA,0,NA,0,No Morphology,FALSE,NA,NA,NA,NA,NA,FALSE,0,0,NA,NA
GD388,NA,NA,NA,NA,NA,NA,NA,NA,NA,NA,NA,NA,NA,NA,NA,0,NA,NA,NA,NA,"Mayo Clinic of Rochester, Minnesota",USA,27,0,0,NA,NA,0,NA,0,NA,0,S,FALSE,FALSE,NA,0,FALSE,FALSE,FALSE,0,0,NA,NA
GD389,NA,NA,NA,NA,NA,NA,NA,NA,NA,NA,NA,NA,NA,NA,NA,0,NA,NA,NA,NA,"Mayo Clinic of Rochester, Minnesota",USA,27,0,0,NA,NA,0,NA,0,NA,0,S,FALSE,FALSE,NA,0,FALSE,FALSE,FALSE,0,0,NA,NA
GD39,TRUE,5104807,1,2,2,prophiGD39_1-1|prophiGD39_8-1,52591|57531,771504-823947|2961-59151,6,0,NA,AbiAlpha|Aristaios|CBASS|Dnd|Hna|Wadjet,AbiAlpha|Aristaios|CBASS_II_Phospholipase|Dnd_ABCDE|Hna|Wadjet_I,11,0,0,17,NA,M. abscessus,abscessus,Connecticut Children’s Medical Center,USA,26,0,0,DCC1,HC|HA,2,NA,0,NA,0,S,FALSE,FALSE,NA,0,FALSE,FALSE,FALSE,2,2,Aristaios|Dnd,spot_34
GD390,NA,NA,NA,NA,NA,NA,NA,NA,NA,NA,NA,NA,NA,NA,NA,0,NA,NA,NA,NA,"Mayo Clinic of Rochester, Minnesota",USA,27,0,0,NA,NA,0,NA,0,NA,0,S,FALSE,FALSE,NA,0,FALSE,FALSE,FALSE,0,0,NA,NA
GD391,NA,NA,NA,NA,NA,NA,NA,NA,NA,NA,NA,NA,NA,NA,NA,0,NA,NA,NA,NA,"Mayo Clinic of Rochester, Minnesota",USA,27,1,0.037,NA,NA,0,phi-T46,1,NA,0,R,FALSE,FALSE,NA,0,FALSE,TRUE,FALSE,0,0,NA,NA
GD392,NA,NA,NA,NA,NA,NA,NA,NA,NA,NA,NA,NA,NA,NA,NA,0,NA,NA,NA,NA,"National Heart Lung and Blood Institute, NIH, Bethesda, MD",NA,NA,NA,NA,NA,NA,0,NA,NA,NA,NA,NA,NA,FALSE,NA,0,NA,NA,NA,0,0,NA,NA
GD392-1,NA,NA,NA,NA,NA,NA,NA,NA,NA,NA,NA,NA,NA,NA,NA,0,NA,NA,NA,NA,"National Heart Lung and Blood Institute, NIH, Bethesda, MD",NA,NA,NA,NA,NA,NA,0,NA,NA,NA,NA,NA,NA,NA,NA,NA,NA,NA,NA,0,0,NA,NA
GD392-2,NA,NA,NA,NA,NA,NA,NA,NA,NA,NA,NA,NA,NA,NA,NA,0,NA,NA,NA,NA,"National Heart Lung and Blood Institute, NIH, Bethesda, MD",NA,27,3,0.1111,NA,NA,0,Muddy|Muddy_HRM-GD04|Muddy_HRM-N0052,3,NA,0,No Morphology,FALSE,NA,NA,NA,NA,NA,FALSE,0,0,NA,NA
GD392A,NA,NA,NA,NA,NA,NA,NA,NA,NA,NA,NA,NA,NA,NA,NA,0,NA,NA,NA,NA,"National Heart Lung and Blood Institute, NIH, Bethesda, MD",NA,15,4,0.2667,NA,NA,0,Muddy|Muddy_HRM-GD04|Muddy_HRM-N0052|Fred313_cpm1,4,Isca_cpm1,1,R,FALSE,TRUE,Muddy,1,TRUE,TRUE,TRUE,0,0,NA,NA
GD392B,NA,NA,NA,NA,NA,NA,NA,NA,NA,NA,NA,NA,NA,NA,NA,0,NA,NA,NA,NA,"National Heart Lung and Blood Institute, NIH, Bethesda, MD",NA,NA,NA,NA,NA,NA,0,NA,NA,NA,NA,NA,NA,FALSE,NA,0,FALSE,TRUE,NA,0,0,NA,NA
GD392C,NA,NA,NA,NA,NA,NA,NA,NA,NA,NA,NA,NA,NA,NA,NA,0,NA,NA,NA,NA,"National Heart Lung and Blood Institute, NIH, Bethesda, MD",NA,NA,NA,NA,NA,NA,0,NA,NA,NA,NA,NA,NA,NA,NA,NA,NA,NA,NA,0,0,NA,NA
GD393,NA,NA,NA,NA,NA,NA,NA,NA,NA,NA,NA,NA,NA,NA,NA,0,NA,NA,NA,NA,UC San Diego Center for Innovative Phage Applications and Therapeutics,USA,10,0,0,NA,NA,0,NA,0,NA,0,S,TRUE,FALSE,NA,0,FALSE,FALSE,FALSE,0,0,NA,NA
GD394,NA,NA,NA,NA,NA,NA,NA,NA,NA,NA,NA,NA,NA,NA,NA,0,NA,NA,NA,NA,Medical University of SC,NA,27,18,0.6667,NA,NA,0,BPsdel33HTH_HRM10|BPsdel33HTH_HRM-GD03|BPsREM1del33|BPsHRM10_pMC09|Itos|D29_HRM_GD40|phAK26|phAK27|phAK1|phAK2|phAK20|phAK31|phAK30|phAK29|phi-T45|phi-T46|Snailtales|phiABC35,18,NA,0,R,FALSE,TRUE,BPs|D29|phAK2|phAK29,4,TRUE,TRUE,FALSE,0,0,NA,NA
GD395,NA,NA,NA,NA,NA,NA,NA,NA,NA,NA,NA,NA,NA,NA,NA,0,NA,NA,NA,NA,University of Minnesota,USA,NA,NA,NA,NA,NA,0,NA,NA,NA,NA,NA,NA,FALSE,NA,0,FALSE,FALSE,NA,0,0,NA,NA
GD395A,NA,NA,NA,NA,NA,NA,NA,NA,NA,NA,NA,NA,NA,NA,NA,0,NA,NA,NA,NA,University of Minnesota,USA,NA,NA,NA,NA,NA,0,NA,0,NA,0,S,FALSE,NA,NA,NA,NA,NA,FALSE,0,0,NA,NA
GD396,NA,NA,NA,NA,NA,NA,NA,NA,NA,NA,NA,NA,NA,NA,NA,0,NA,NA,NA,NA,University of Minnesota,USA,NA,NA,NA,NA,NA,0,NA,NA,NA,NA,NA,NA,FALSE,NA,0,FALSE,TRUE,NA,0,0,NA,NA
GD396A,NA,NA,NA,NA,NA,NA,NA,NA,NA,NA,NA,NA,NA,NA,NA,0,NA,NA,NA,NA,University of Minnesota,USA,NA,NA,NA,NA,NA,0,NA,0,NA,0,No Morphology,TRUE,NA,NA,NA,NA,NA,FALSE,0,0,NA,NA
GD396B,NA,NA,NA,NA,NA,NA,NA,NA,NA,NA,NA,NA,NA,NA,NA,0,NA,NA,NA,NA,University of Minnesota,USA,NA,NA,NA,NA,NA,0,Muddy|Muddy_HRM-GD04|Muddy_HRM-N0052,3,NA,0,No Morphology,FALSE,NA,NA,NA,NA,NA,FALSE,0,0,NA,NA
GD396C,NA,NA,NA,NA,NA,NA,NA,NA,NA,NA,NA,NA,NA,NA,NA,0,NA,NA,NA,NA,University of Minnesota,USA,NA,NA,NA,NA,NA,0,Muddy_HRM-N0052,1,NA,0,No Morphology,FALSE,NA,NA,NA,NA,NA,FALSE,0,0,NA,NA
GD396D,NA,NA,NA,NA,NA,NA,NA,NA,NA,NA,NA,NA,NA,NA,NA,0,NA,NA,NA,NA,University of Minnesota,USA,NA,NA,NA,NA,NA,0,Muddy_HRM-N0052,1,NA,0,No Morphology,FALSE,NA,NA,NA,NA,NA,FALSE,0,0,NA,NA
GD396E,NA,NA,NA,NA,NA,NA,NA,NA,NA,NA,NA,NA,NA,NA,NA,0,NA,NA,NA,NA,University of Minnesota,USA,NA,NA,NA,NA,NA,0,Muddy_HRM-N0052,1,NA,0,No Morphology,FALSE,NA,NA,NA,NA,NA,FALSE,0,0,NA,NA
GD396G,NA,NA,NA,NA,NA,NA,NA,NA,NA,NA,NA,NA,NA,NA,NA,0,NA,NA,NA,NA,University of Minnesota,USA,NA,NA,NA,NA,NA,0,Muddy_HRM-N0052,1,NA,0,No Morphology,FALSE,NA,NA,NA,NA,NA,FALSE,0,0,NA,NA
GD396H,NA,NA,NA,NA,NA,NA,NA,NA,NA,NA,NA,NA,NA,NA,NA,0,NA,NA,NA,NA,University of Minnesota,USA,NA,NA,NA,NA,NA,0,Muddy_HRM-N0052,1,NA,0,No Morphology,FALSE,NA,NA,NA,NA,NA,FALSE,0,0,NA,NA
GD397,NA,NA,NA,NA,NA,NA,NA,NA,NA,NA,NA,NA,NA,NA,NA,0,NA,NA,NA,NA,"Krembil Research Institute, Toronto,  Canada",NA,10,0,0,NA,NA,0,NA,0,NA,0,S,TRUE,FALSE,NA,0,FALSE,FALSE,FALSE,0,0,NA,NA
GD398A,TRUE,4894215,0,0,0,NA,NA,NA,7,1,RM_III,AbiAlpha|CBASS|Dag|RM_Type_III|RloC|RosmerTA|Wadjet,AbiAlpha|CBASS_II_Phospholipase|Dag|N6_N4_RM_Type_III|RloC|RosmerTA|Wadjet_I,13,1,1,20,NA,M. abscessus,abscessus,The Children’s Hospital at Westmead,Australia,27,10,0.3704,DCC4,NA,0,BPsdel33HTH_HRM10|BPsdel33HTH_HRM-GD03|BPsREM1del33|BPsHRM10_pMC09|ZoeJdel43-45|Fionnbharthdel45del47|CrimD del del|Adephagiadel43del45|Itos|phAK20,10,phi-T45|Snailtales|phiABC35,3,R,FALSE,TRUE,BPs|CrimD|ZoeJ|phAK20,4,TRUE,TRUE,TRUE,4,4,CBASS|Dag|RosmerTA|Wadjet,spot_3|spot_66|spot_88
GD398B,NA,NA,NA,NA,NA,NA,NA,NA,NA,NA,NA,NA,NA,NA,NA,0,NA,NA,NA,NA,The Children’s Hospital at Westmead,Australia,27,10,0.3704,NA,NA,0,BPsdel33HTH_HRM10|BPsdel33HTH_HRM-GD03|BPsREM1del33|BPsHRM10_pMC09|ZoeJdel43-45|Fionnbharthdel45del47|CrimD del del|Adephagiadel43del45|Itos|phAK20,10,phi-T45|Snailtales|phiABC35,3,S,FALSE,FALSE,NA,0,FALSE,TRUE,TRUE,0,0,NA,NA
GD398C,NA,NA,NA,NA,NA,NA,NA,NA,NA,NA,NA,NA,NA,NA,NA,0,NA,NA,NA,NA,The Children’s Hospital at Westmead,Australia,27,3,0.1111,NA,NA,0,ZoeJdel43-45|Fionnbharthdel45del47|CrimD del del,3,Adephagiadel43del45,1,S,FALSE,NA,NA,NA,NA,NA,TRUE,0,0,NA,NA
GD398D,TRUE,4892898,0,0,0,NA,NA,NA,7,1,RM_III,AbiAlpha|CBASS|Dag|RM_Type_III|RloC|RosmerTA|Wadjet,AbiAlpha|CBASS_II_Phospholipase|Dag|N6_N4_RM_Type_III|RloC|RosmerTA|Wadjet_I,13,1,1,20,NA,M. abscessus,abscessus,The Children’s Hospital at Westmead,Australia,27,10,0.3704,DCC4,NA,0,BPsdel33HTH_HRM10|BPsdel33HTH_HRM-GD03|BPsREM1del33|BPsHRM10_pMC09|ZoeJdel43-45|Fionnbharthdel45del47|CrimD del del|Adephagiadel43del45|Itos|phAK20,10,phAK30|Snailtales|phiABC35,3,R,FALSE,NA,NA,NA,NA,NA,TRUE,3,3,CBASS|Dag|Wadjet,spot_3|spot_88
GD398E,NA,NA,NA,NA,NA,NA,NA,NA,NA,NA,NA,NA,NA,NA,NA,0,NA,NA,NA,NA,The Children’s Hospital at Westmead,Australia,27,9,0.3333,NA,NA,0,BPsdel33HTH_HRM-GD03|BPsHRM10_pMC09|ZoeJdel43-45|Fionnbharthdel45del47|CrimD del del|Adephagiadel43del45|Itos|phAK20|phAK30,9,BPsdel33HTH_HRM10|BPsREM1del33|Snailtales|phiABC35,4,R,FALSE,NA,NA,NA,NA,NA,TRUE,0,0,NA,NA
GD399,NA,NA,NA,NA,NA,NA,NA,NA,NA,NA,NA,NA,NA,NA,NA,0,NA,NA,NA,NA,"Ochsner Health, Louisiana",USA,27,0,0,NA,NA,0,NA,0,NA,0,S,FALSE,FALSE,NA,0,FALSE,FALSE,FALSE,0,0,NA,NA
GD40,TRUE,5050309,0,1,1,prophiGD40-1,61802,1738036-1799385,6,0,NA,AbiAlpha|Aristaios|CBASS|Dnd|Hna|Wadjet,AbiAlpha|Aristaios|CBASS_II_Phospholipase|Dnd_ABCDE|Hna|Wadjet_I,11,0,0,17,NA,M. abscessus,abscessus,John Hunter Hospital,Australia,29,11,0.3793,DCC1,HA,1,BPsdel33HTH_HRM10|BPsdel33HTH_HRM-GD03|Itos|D29_HRM_GD40|phiGD57-1|phiGD20-1|phiGD22-1|phiGD21-1|phiGD23-1|D29|BPsGD03 deldel,11,NA,0,R,FALSE,TRUE,BPs|D29,2,TRUE,TRUE,FALSE,3,3,AbiAlpha|Aristaios|CBASS,spot_3|spot_32|spot_49
GD400,NA,NA,NA,NA,NA,NA,NA,NA,NA,NA,NA,NA,NA,NA,NA,0,NA,NA,NA,NA,"Hadassah Medical Center, Israel",NA,27,0,0,NA,NA,0,NA,0,NA,0,S,FALSE,FALSE,NA,0,FALSE,FALSE,FALSE,0,0,NA,NA
GD401,NA,NA,NA,NA,NA,NA,NA,NA,NA,NA,NA,NA,NA,NA,NA,0,NA,NA,NA,NA,"Hadassah Medical Center, Israel",NA,NA,NA,NA,NA,NA,0,NA,NA,NA,NA,NA,NA,TRUE,Muddy,1,TRUE,TRUE,NA,0,0,NA,NA
GD401A,NA,NA,NA,NA,NA,NA,NA,NA,NA,NA,NA,NA,NA,NA,NA,0,NA,NA,NA,NA,"Hadassah Medical Center, Israel",NA,NA,NA,NA,NA,NA,0,Muddy|Muddy_HRM-GD04|Muddy_HRM-N0052,3,NA,0,R,FALSE,NA,NA,NA,NA,NA,FALSE,0,0,NA,NA
GD401B,NA,NA,NA,NA,NA,NA,NA,NA,NA,NA,NA,NA,NA,NA,NA,0,NA,NA,NA,NA,"Hadassah Medical Center, Israel",NA,NA,NA,NA,NA,NA,0,Muddy|Muddy_HRM-GD04|Muddy_HRM-N0052,3,NA,0,R,FALSE,NA,NA,NA,NA,NA,FALSE,0,0,NA,NA
GD402,NA,NA,NA,NA,NA,NA,NA,NA,NA,NA,NA,NA,NA,NA,NA,0,NA,NA,NA,NA,University of Pittsburgh,NA,NA,NA,NA,NA,NA,0,NA,NA,NA,NA,NA,NA,FALSE,NA,0,FALSE,FALSE,NA,0,0,NA,NA
GD402A,NA,NA,NA,NA,NA,NA,NA,NA,NA,NA,NA,NA,NA,NA,NA,0,NA,NA,NA,NA,University of Pittsburgh,NA,NA,NA,NA,NA,NA,0,NA,0,NA,0,S,TRUE,NA,NA,NA,NA,NA,FALSE,0,0,NA,NA
GD402B,NA,NA,NA,NA,NA,NA,NA,NA,NA,NA,NA,NA,NA,NA,NA,0,NA,NA,NA,NA,University of Pittsburgh,NA,NA,NA,NA,NA,NA,0,NA,0,NA,0,S,TRUE,NA,NA,NA,NA,NA,FALSE,0,0,NA,NA
GD403,NA,NA,NA,NA,NA,NA,NA,NA,NA,NA,NA,NA,NA,NA,NA,0,NA,NA,NA,NA,UPMC Pittsburgh,NA,NA,NA,NA,NA,NA,0,NA,NA,NA,NA,NA,NA,FALSE,NA,0,FALSE,FALSE,NA,0,0,NA,NA
GD403A,NA,NA,NA,NA,NA,NA,NA,NA,NA,NA,NA,NA,NA,NA,NA,0,NA,NA,NA,NA,UPMC Pittsburgh,NA,NA,NA,NA,NA,NA,0,NA,0,NA,0,S,FALSE,NA,NA,NA,NA,NA,FALSE,0,0,NA,NA
GD403B,NA,NA,NA,NA,NA,NA,NA,NA,NA,NA,NA,NA,NA,NA,NA,0,NA,NA,NA,NA,UPMC Pittsburgh,NA,NA,NA,NA,NA,NA,0,NA,0,NA,0,R,FALSE,NA,NA,NA,NA,NA,FALSE,0,0,NA,NA
GD404,NA,NA,NA,NA,NA,NA,NA,NA,NA,NA,NA,NA,NA,NA,NA,0,NA,NA,NA,NA,Mass Gen Hospital,USA,27,3,0.1111,NA,NA,0,Muddy|Muddy_HRM-GD04|Muddy_HRM-N0052,3,NA,0,S,FALSE,FALSE,NA,0,FALSE,TRUE,FALSE,0,0,NA,NA
GD405,NA,NA,NA,NA,NA,NA,NA,NA,NA,NA,NA,NA,NA,NA,NA,0,NA,NA,NA,NA,Columbia univ Medical Center,USA,10,0,0,NA,NA,0,NA,0,8UZL,1,R,FALSE,FALSE,NA,0,FALSE,TRUE,TRUE,0,0,NA,NA
GD406,TRUE,4999988,1,0,0,NA,NA,NA,8,3,RM_I|RM_IIG,AbiAlpha|CBASS|Other_Type_IV|RM_Type_I|RM_Type_IIG|Wadjet,AbiAlpha|CBASS_II_Phospholipase|CBASS_I_TM|N6_RM_Type_I|N6_RM_Type_IIG|Other_Type_IV|Wadjet_I,13,1,3,21,NA,M. abscessus,massiliense,The University of North Carolina at Chapel Hill,NA,27,0,0,DCC7,NA,0,NA,0,Muddy_HRM-N0052,1,S,FALSE,FALSE,NA,0,FALSE,TRUE,TRUE,5,6,AbiAlpha|CBASS|Other_Type_IV|RM_Type_I|Wadjet,spot_14
GD407,NA,NA,NA,NA,NA,NA,NA,NA,NA,NA,NA,NA,NA,NA,NA,0,NA,NA,NA,NA,UPMC Pittsburgh,NA,27,1,0.037,NA,NA,0,Muddy_HRM-N0052,1,NA,0,S,FALSE,FALSE,NA,0,FALSE,TRUE,FALSE,0,0,NA,NA
GD408,TRUE,5275004,0,3,3,prophiGD408_15-1|prophiGD408_22-1|prophiGD408_4-1,41944|56336|56446,13341-54519|24628-80495|40236-95535,6,1,RM_IIG,AbiAlpha|Avs|CBASS|RM_Type_IIG|RosmerTA|Wadjet,AbiAlpha|Avs5|CBASS_II_Phospholipase|N6_RM_Type_IIG|RosmerTA|Wadjet_I,10,1,1,16,NA,M. abscessus,abscessus,Duke University,NA,27,0,0,DCC5,HN|HC|HH,3,NA,0,Muddy|Muddy_HRM-GD04|Muddy_HRM-N0052,3,S,FALSE,FALSE,NA,0,FALSE,FALSE,TRUE,1,1,Avs,NA
GD409,NA,NA,NA,NA,NA,NA,NA,NA,NA,NA,NA,NA,NA,NA,NA,0,NA,NA,NA,NA,Stanford University,USA,27,1,0.037,NA,NA,0,Muddy_HRM-GD04,1,NA,0,S,FALSE,FALSE,NA,0,FALSE,TRUE,FALSE,0,0,NA,NA
GD41,TRUE,5074858,0,1,1,prophiGD41-1,70587,1738173-1808307,7,0,NA,AbiAlpha|Aristaios|CBASS|Dnd|Hna|SEFIR|Wadjet,AbiAlpha|Aristaios|CBASS_II_Phospholipase|Dnd_ABCDE|Hna|SEFIR|Wadjet_I,12,0,0,19,NA,M. abscessus,abscessus,UPMC Pittsburgh,NA,29,7,0.2414,DCC1,HA,1,BPsdel33HTH_HRM10|BPsdel33HTH_HRM-GD03|Itos|phiGD57-1|phiGD20-1|phiGD21-1|BPsGD03 deldel,7,Muddy_HRM-GD04|D29_HRM_GD40|phiGD22-1|phiGD23-1,4,R,FALSE,TRUE,BPs|Itos|D29,3,TRUE,TRUE,TRUE,3,3,AbiAlpha|Aristaios|CBASS,spot_3|spot_32|spot_49
GD410,NA,NA,NA,NA,NA,NA,NA,NA,NA,NA,NA,NA,NA,NA,NA,0,NA,NA,NA,NA,University of Minnesota,USA,27,0,0,NA,NA,0,NA,0,NA,0,R,FALSE,FALSE,NA,0,FALSE,FALSE,FALSE,0,0,NA,NA
GD411,NA,NA,NA,NA,NA,NA,NA,NA,NA,NA,NA,NA,NA,NA,NA,0,NA,NA,NA,NA,University of Massachusetts,NA,27,0,0,NA,NA,0,NA,0,NA,0,S,FALSE,FALSE,NA,0,FALSE,FALSE,FALSE,0,0,NA,NA
GD412,NA,NA,NA,NA,NA,NA,NA,NA,NA,NA,NA,NA,NA,NA,NA,0,NA,NA,NA,NA,Oregon Health and Science University,USA,27,1,0.037,NA,NA,0,Itos,1,NA,0,R,FALSE,FALSE,NA,0,FALSE,TRUE,FALSE,0,0,NA,NA
GD413,NA,NA,NA,NA,NA,NA,NA,NA,NA,NA,NA,NA,NA,NA,NA,0,NA,NA,NA,NA,"Johns Hopkins, MD",USA,27,0,0,NA,NA,0,NA,0,Muddy|Muddy_HRM-GD04|Muddy_HRM-N0052,3,S,FALSE,FALSE,NA,0,FALSE,TRUE,TRUE,0,0,NA,NA
GD414,TRUE,5120576,0,0,0,NA,NA,NA,8,1,RM_IIG,AbiAlpha|CBASS|Dag|RM_Type_IIG|RosmerTA|VP1853|Wadjet,AbiAlpha|CBASS_II_Phospholipase|Dag|N6_RM_Type_IIG|RosmerTA|VP1853|Wadjet_I,12,1,1,20,NA,M. abscessus,abscessus,Lehigh Valley Childrens,USA,27,0,0,DCC4,NA,0,NA,0,NA,0,S,FALSE,FALSE,NA,0,FALSE,TRUE,FALSE,4,6,CBASS|Dag|RM_Type_IIG|VP1853|Wadjet,spot_0|spot_3
GD414-1,NA,NA,NA,NA,NA,NA,NA,NA,NA,NA,NA,NA,NA,NA,NA,0,NA,NA,NA,NA,Lehigh Valley Childrens,USA,27,1,0.037,NA,NA,0,phiABC35,1,NA,0,S,TRUE,NA,NA,NA,NA,NA,FALSE,0,0,NA,NA
GD414-2,NA,NA,NA,NA,NA,NA,NA,NA,NA,NA,NA,NA,NA,NA,NA,0,NA,NA,NA,NA,Lehigh Valley Childrens,USA,27,4,0.1481,NA,NA,0,Muddy|Muddy_HRM-GD04|Muddy_HRM-N0052|phiABC35,4,NA,0,S,TRUE,NA,NA,NA,NA,NA,FALSE,0,0,NA,NA
GD414-3,NA,NA,NA,NA,NA,NA,NA,NA,NA,NA,NA,NA,NA,NA,NA,0,NA,NA,NA,NA,Lehigh Valley Childrens,USA,27,4,0.1481,NA,NA,0,Muddy|Muddy_HRM-GD04|Muddy_HRM-N0052|phiABC35,4,NA,0,S,TRUE,NA,NA,NA,NA,NA,FALSE,0,0,NA,NA
GD414-4,NA,NA,NA,NA,NA,NA,NA,NA,NA,NA,NA,NA,NA,NA,NA,0,NA,NA,NA,NA,Lehigh Valley Childrens,USA,27,4,0.1481,NA,NA,0,Muddy|Muddy_HRM-GD04|Muddy_HRM-N0052|phiABC35,4,NA,0,S,TRUE,NA,NA,NA,NA,NA,FALSE,0,0,NA,NA
GD414-5,NA,NA,NA,NA,NA,NA,NA,NA,NA,NA,NA,NA,NA,NA,NA,0,NA,NA,NA,NA,Lehigh Valley Childrens,USA,27,4,0.1481,NA,NA,0,Muddy|Muddy_HRM-GD04|Muddy_HRM-N0052|phiABC35,4,NA,0,S,TRUE,NA,NA,NA,NA,NA,FALSE,0,0,NA,NA
GD414-6,NA,NA,NA,NA,NA,NA,NA,NA,NA,NA,NA,NA,NA,NA,NA,0,NA,NA,NA,NA,Lehigh Valley Childrens,USA,27,4,0.1481,NA,NA,0,Muddy|Muddy_HRM-GD04|Muddy_HRM-N0052|phiABC35,4,NA,0,S,TRUE,NA,NA,NA,NA,NA,FALSE,0,0,NA,NA
GD415,NA,NA,NA,NA,NA,NA,NA,NA,NA,NA,NA,NA,NA,NA,NA,0,NA,NA,NA,NA,Northern Ireland Public Health Laboratory,NA,NA,NA,NA,NA,NA,0,NA,NA,NA,NA,NA,NA,FALSE,NA,0,FALSE,FALSE,NA,0,0,NA,NA
GD415A,NA,NA,NA,NA,NA,NA,NA,NA,NA,NA,NA,NA,NA,NA,NA,0,NA,NA,NA,NA,Northern Ireland Public Health Laboratory,NA,NA,NA,NA,NA,NA,0,NA,0,NA,0,R,FALSE,NA,NA,NA,NA,NA,FALSE,0,0,NA,NA
GD415B,NA,NA,NA,NA,NA,NA,NA,NA,NA,NA,NA,NA,NA,NA,NA,0,NA,NA,NA,NA,Northern Ireland Public Health Laboratory,NA,NA,NA,NA,NA,NA,0,NA,0,NA,0,R,FALSE,NA,NA,NA,NA,NA,FALSE,0,0,NA,NA
GD416,NA,NA,NA,NA,NA,NA,NA,NA,NA,NA,NA,NA,NA,NA,NA,0,NA,NA,NA,NA,Northern Ireland Public Health Laboratory,NA,NA,NA,NA,NA,NA,0,NA,NA,NA,NA,NA,NA,TRUE,Muddy,1,TRUE,TRUE,NA,0,0,NA,NA
GD416A,NA,NA,NA,NA,NA,NA,NA,NA,NA,NA,NA,NA,NA,NA,NA,0,NA,NA,NA,NA,Northern Ireland Public Health Laboratory,NA,NA,NA,NA,NA,NA,0,BPsHRM10_pMC09|Muddy|Muddy_HRM-GD04|Muddy_HRM-N0052,4,NA,0,R,FALSE,NA,NA,NA,NA,NA,FALSE,0,0,NA,NA
GD416B,NA,NA,NA,NA,NA,NA,NA,NA,NA,NA,NA,NA,NA,NA,NA,0,NA,NA,NA,NA,Northern Ireland Public Health Laboratory,NA,NA,NA,NA,NA,NA,0,BPsHRM10_pMC09|Muddy|Muddy_HRM-GD04|Muddy_HRM-N0052,4,NA,0,R,FALSE,NA,NA,NA,NA,NA,FALSE,0,0,NA,NA
GD417,NA,NA,NA,NA,NA,NA,NA,NA,NA,NA,NA,NA,NA,NA,NA,0,NA,NA,NA,NA,Northern Ireland Public Health Laboratory,NA,NA,NA,NA,NA,NA,0,NA,NA,NA,NA,NA,NA,TRUE,Muddy,1,TRUE,TRUE,NA,0,0,NA,NA
GD417A,NA,NA,NA,NA,NA,NA,NA,NA,NA,NA,NA,NA,NA,NA,NA,0,NA,NA,NA,NA,Northern Ireland Public Health Laboratory,NA,NA,NA,NA,NA,NA,0,BPsHRM10_pMC09|Muddy|Muddy_HRM-GD04|Muddy_HRM-N0052,4,ZoeJdel43-45|CrimD del del|Snailtales,3,R,FALSE,NA,NA,NA,NA,NA,TRUE,0,0,NA,NA
GD417B,NA,NA,NA,NA,NA,NA,NA,NA,NA,NA,NA,NA,NA,NA,NA,0,NA,NA,NA,NA,Northern Ireland Public Health Laboratory,NA,NA,NA,NA,NA,NA,0,BPsHRM10_pMC09|Muddy|Muddy_HRM-GD04|Muddy_HRM-N0052,4,ZoeJdel43-45|CrimD del del|Snailtales,3,R,FALSE,NA,NA,NA,NA,NA,TRUE,0,0,NA,NA
GD418,NA,NA,NA,NA,NA,NA,NA,NA,NA,NA,NA,NA,NA,NA,NA,0,NA,NA,NA,NA,"Montpellier, France",NA,NA,NA,NA,NA,NA,0,NA,NA,NA,NA,NA,NA,TRUE,BPs|Muddy|CrimD,3,TRUE,TRUE,NA,0,0,NA,NA
GD418A,TRUE,4994887,0,2,2,prophiGD418A_1-1|prophiGD418A_7-1,54078|47754,909662-963272|15539-62549,5,1,RM_IIG,AbiAlpha|Avs|Gabija|RM_Type_IIG|Wadjet,AbiAlpha|Avs4|Gabija|N6_RM_Type_IIG|Wadjet_I,9,1,1,14,NA,M. abscessus,abscessus,"Montpellier, France",NA,27,10,0.3704,DCC4,HC|HO,2,BPsdel33HTH_HRM10|BPsdel33HTH_HRM-GD03|BPsREM1del33|BPsHRM10_pMC09|Muddy|Muddy_HRM-GD04|Muddy_HRM-N0052|ZoeJdel43-45|CrimD del del|Adephagiadel43del45,10,NA,0,R,FALSE,NA,NA,NA,NA,NA,FALSE,4,4,AbiAlpha|Avs|Gabija|Wadjet,spot_132|spot_15|spot_49
GD419,NA,NA,NA,NA,NA,NA,NA,NA,NA,NA,NA,NA,NA,NA,NA,0,NA,NA,NA,NA,Memorial Sloan Kettering Cancer Center New York,NA,NA,NA,NA,NA,NA,0,NA,0,NA,0,No Morphology,FALSE,FALSE,NA,0,FALSE,FALSE,FALSE,0,0,NA,NA
GD42,TRUE,5232300,0,3,3,prophiGD42-1|prophiGD42-2|prophiGD42-3,40079|71202|52658,474794-514266|1814719-2701856|3948101-4000142,8,0,NA,AbiAlpha|Aristaios|CBASS|Dag|Dnd|Hna|VP1853|Wadjet,AbiAlpha|Aristaios|CBASS_II_Phospholipase|Dag|Dnd_ABCDE|Hna|VP1853|Wadjet_I,13,0,0,21,NA,M. abscessus,abscessus,UPMC Pittsburgh,NA,29,0,0,DCC1,HB|HA|HC,3,NA,0,NA,0,S,FALSE,FALSE,NA,0,FALSE,FALSE,FALSE,4,4,AbiAlpha|Aristaios|CBASS|Dag,spot_0|spot_3|spot_32|spot_49
GD420,NA,NA,NA,NA,NA,NA,NA,NA,NA,NA,NA,NA,NA,NA,NA,0,NA,NA,NA,NA,"Intercommunal Hospital of Creteil, France",NA,27,0,0,NA,NA,0,NA,0,NA,0,S,FALSE,FALSE,NA,0,FALSE,FALSE,FALSE,0,0,NA,NA
GD421,NA,NA,NA,NA,NA,NA,NA,NA,NA,NA,NA,NA,NA,NA,NA,0,NA,NA,NA,NA,INTEGRIS Health Children's at Baptist Medical Center,USA,27,0,0,NA,NA,0,NA,0,NA,0,R,FALSE,FALSE,NA,0,FALSE,FALSE,FALSE,0,0,NA,NA
GD422,NA,NA,NA,NA,NA,NA,NA,NA,NA,NA,NA,NA,NA,NA,NA,0,NA,NA,NA,NA,"Mayo Clinic of Rochester, Minnesota",USA,27,15,0.5556,NA,NA,0,BPsdel33HTH_HRM10|BPsdel33HTH_HRM-GD03|BPsREM1del33|BPsHRM10_pMC09|Itos|D29_HRM_GD40|phAK26|phAK27|phAK2|phAK20|phAK31|phAK29|phi-T45|Snailtales|phiABC35,15,NA,0,R,FALSE,TRUE,BPs|D29|phAK20,3,TRUE,TRUE,FALSE,0,0,NA,NA
GD423,NA,NA,NA,NA,NA,NA,NA,NA,NA,NA,NA,NA,NA,NA,NA,0,NA,NA,NA,NA,"University Health Network, Toronto, Canada",NA,27,0,0,NA,NA,0,NA,0,NA,0,S,FALSE,FALSE,NA,0,FALSE,FALSE,FALSE,0,0,NA,NA
GD424,NA,NA,NA,NA,NA,NA,NA,NA,NA,NA,NA,NA,NA,NA,NA,0,NA,NA,NA,NA,"West Park Healthcare Centre, Toronto, Canada",NA,27,0,0,NA,NA,0,NA,0,NA,0,R,FALSE,FALSE,NA,0,FALSE,FALSE,FALSE,0,0,NA,NA
GD425,NA,NA,NA,NA,NA,NA,NA,NA,NA,NA,NA,NA,NA,NA,NA,0,NA,NA,NA,NA,"University Health Network, Toronto, Canada",NA,27,0,0,NA,NA,0,NA,0,NA,0,S,FALSE,FALSE,NA,0,FALSE,FALSE,FALSE,0,0,NA,NA
GD426,TRUE,4982853,1,0,0,NA,NA,NA,6,2,RM_I|RM_IIG,AbiAlpha|CBASS|Other_Type_IV|RM_Type_I|RM_Type_IIG|Wadjet,AbiAlpha|CBASS_II_Phospholipase|N6_RM_Type_I|N6_RM_Type_IIG|Other_Type_IV|Wadjet_I,11,0,2,17,NA,M. abscessus,massiliense,Northwestern Memorial Hospital,USA,27,3,0.1111,DCC7,NA,0,BPsREM1del33|Muddy|Muddy_HRM-N0052,3,NA,0,R,FALSE,TRUE,Muddy,1,TRUE,TRUE,FALSE,1,1,CBASS,NA
GD426-2,NA,NA,NA,NA,NA,NA,NA,NA,NA,NA,NA,NA,NA,NA,NA,0,NA,NA,NA,NA,Northwestern Memorial Hospital,USA,NA,NA,NA,NA,NA,0,BPsdel33HTH_HRM10|BPsdel33HTH_HRM-GD03|phAK20,3,BPsREM1del33|BPsHRM10_pMC09|Fionnbharthdel45del47,3,S,FALSE,NA,NA,NA,NA,NA,TRUE,0,0,NA,NA
GD426-3,NA,NA,NA,NA,NA,NA,NA,NA,NA,NA,NA,NA,NA,NA,NA,0,NA,NA,NA,NA,Northwestern Memorial Hospital,USA,27,1,0.037,NA,NA,0,phAK20,1,BPsdel33HTH_HRM10|BPsdel33HTH_HRM-GD03|BPsREM1del33|BPsHRM10_pMC09|Fionnbharthdel45del47,5,No Morphology,FALSE,NA,NA,NA,NA,NA,TRUE,0,0,NA,NA
GD426-4,NA,NA,NA,NA,NA,NA,NA,NA,NA,NA,NA,NA,NA,NA,NA,0,NA,NA,NA,NA,Northwestern Memorial Hospital,USA,28,3,0.1071,NA,NA,0,BPsdel33HTH_HRM10|BPsdel33HTH_HRM-GD03|phAK20,3,phKSW1|BPsREM1del33|BPsHRM10_pMC09|Fionnbharthdel45del47,4,No Morphology,FALSE,NA,NA,NA,NA,NA,TRUE,0,0,NA,NA
GD427,NA,NA,NA,NA,NA,NA,NA,NA,NA,NA,NA,NA,NA,NA,NA,0,NA,NA,NA,NA,Harvard,USA,27,9,0.3333,NA,NA,0,Muddy|Muddy_HRM-GD04|Muddy_HRM-N0052|ZoeJdel43-45|Fionnbharthdel45del47|CrimD del del|Adephagiadel43del45|Itos|D29_HRM_GD40,9,NA,0,S,FALSE,FALSE,NA,0,FALSE,TRUE,FALSE,0,0,NA,NA
GD428,NA,NA,NA,NA,NA,NA,NA,NA,NA,NA,NA,NA,NA,NA,NA,0,NA,NA,NA,NA,"Radboud University Medical Center, Netherlands",NA,27,0,0,NA,NA,0,NA,0,NA,0,S,TRUE,FALSE,NA,0,FALSE,FALSE,FALSE,0,0,NA,NA
GD429,NA,NA,NA,NA,NA,NA,NA,NA,NA,NA,NA,NA,NA,NA,NA,0,NA,NA,NA,NA,Washington University School of Medicine,NA,27,0,0,NA,NA,0,NA,0,NA,0,S,TRUE,FALSE,NA,0,FALSE,FALSE,FALSE,0,0,NA,NA
GD430,NA,NA,NA,NA,NA,NA,NA,NA,NA,NA,NA,NA,NA,NA,NA,0,NA,NA,NA,NA,"Alfred Hospital and Monash University, St. Louis, Missouri",NA,27,1,0.037,NA,NA,0,CrimD del del,1,Adephagiadel43del45,1,Mixed,TRUE,TRUE,CrimD,1,TRUE,TRUE,TRUE,0,0,NA,NA
GD431,TRUE,4849541,0,0,0,NA,NA,NA,6,1,RM_III,AbiAlpha|CBASS|RM_Type_III|RloC|RosmerTA|Wadjet,AbiAlpha|CBASS_II_Phospholipase|N6_N4_RM_Type_III|RloC|RosmerTA|Wadjet_I,12,1,1,18,NA,M. abscessus,abscessus,St. Michaels Hospital Toronto,NA,27,21,0.7778,DCC4,NA,0,BPsdel33HTH_HRM10|BPsdel33HTH_HRM-GD03|BPsREM1del33|BPsHRM10_pMC09|Muddy|Muddy_HRM-GD04|Muddy_HRM-N0052|ZoeJdel43-45|Fionnbharthdel45del47|CrimD del del|Adephagiadel43del45|Itos|D29_HRM_GD40|Fred313_cpm1|Isca_cpm1|phAK1|phAK2|phAK20|phAK29|phi-T45|phiABC35,21,NA,0,R,FALSE,TRUE,Muddy|CrimD|Fionnbharth|ZoeJ|phAK2,5,TRUE,TRUE,FALSE,4,4,CBASS|RM_Type_III|RosmerTA|Wadjet,spot_3|spot_34|spot_66
GD432,NA,NA,NA,NA,NA,NA,NA,NA,NA,NA,NA,NA,NA,NA,NA,0,NA,NA,NA,NA,"Hadassah Medical Center, Israel",NA,NA,NA,NA,NA,NA,0,NA,NA,NA,NA,NA,NA,FALSE,NA,0,FALSE,FALSE,NA,0,0,NA,NA
GD432A,NA,NA,NA,NA,NA,NA,NA,NA,NA,NA,NA,NA,NA,NA,NA,0,NA,NA,NA,NA,"Hadassah Medical Center, Israel",NA,NA,NA,NA,NA,NA,0,NA,0,NA,0,S,FALSE,NA,NA,NA,NA,NA,FALSE,0,0,NA,NA
GD432B,NA,NA,NA,NA,NA,NA,NA,NA,NA,NA,NA,NA,NA,NA,NA,0,NA,NA,NA,NA,"Hadassah Medical Center, Israel",NA,NA,NA,NA,NA,NA,0,NA,0,NA,0,S,FALSE,NA,NA,NA,NA,NA,FALSE,0,0,NA,NA
GD432C,NA,NA,NA,NA,NA,NA,NA,NA,NA,NA,NA,NA,NA,NA,NA,0,NA,NA,NA,NA,"Hadassah Medical Center, Israel",NA,NA,NA,NA,NA,NA,0,NA,0,NA,0,S,FALSE,NA,NA,NA,NA,NA,FALSE,0,0,NA,NA
GD433,TRUE,5159314,0,3,3,prophiGD433_1-1|prophiGD433_2-1|prophiGD433_4-1,51328|57531|54587,775778-826958|2935-59125|248188-302640,6,0,NA,AbiAlpha|Aristaios|CBASS|Dnd|Hna|Wadjet,AbiAlpha|Aristaios|CBASS_II_Phospholipase|Dnd_ABCDE|Hna|Wadjet_I,11,0,0,17,NA,M. abscessus,abscessus,UC San Diego Health,USA,27,15,0.5556,DCC1,HC|HA|A1,3,BPsdel33HTH_HRM10|BPsdel33HTH_HRM-GD03|BPsREM1del33|BPsHRM10_pMC09|Itos|D29_HRM_GD40|phAK26|phAK1|phAK2|phAK20|phAK30|phAK29|phi-T45|Snailtales|phiABC35,15,NA,0,R,FALSE,TRUE,BPs|phAK2,2,TRUE,TRUE,FALSE,4,4,AbiAlpha|CBASS|Hna|Wadjet,spot_3|spot_32
GD434,NA,NA,NA,NA,NA,NA,NA,NA,NA,NA,NA,NA,NA,NA,NA,0,NA,NA,NA,NA,UC San Diego Health,USA,27,0,0,NA,NA,0,NA,0,NA,0,S,FALSE,FALSE,NA,0,FALSE,FALSE,FALSE,0,0,NA,NA
GD435,NA,NA,NA,NA,NA,NA,NA,NA,NA,NA,NA,NA,NA,NA,NA,0,NA,NA,NA,NA,Children's Hospital of Philadelphia,USA,27,1,0.037,NA,NA,0,Itos,1,NA,0,S,FALSE,FALSE,NA,0,FALSE,TRUE,FALSE,0,0,NA,NA
GD437,NA,NA,NA,NA,NA,NA,NA,NA,NA,NA,NA,NA,NA,NA,NA,0,NA,NA,NA,NA,"University Health Network, Toronto, Canada",NA,27,0,0,NA,NA,0,NA,0,NA,0,R,FALSE,FALSE,NA,0,FALSE,FALSE,FALSE,0,0,NA,NA
GD438,NA,NA,NA,NA,NA,NA,NA,NA,NA,NA,NA,NA,NA,NA,NA,0,NA,NA,NA,NA,National Jewish Health,NA,27,0,0,NA,NA,0,NA,0,NA,0,S,FALSE,FALSE,NA,0,FALSE,FALSE,FALSE,0,0,NA,NA
GD439,NA,NA,NA,NA,NA,NA,NA,NA,NA,NA,NA,NA,NA,NA,NA,0,NA,NA,NA,NA,"Christiana Care, DE",USA,27,1,0.037,NA,NA,0,ZoeJdel43-45,1,Fred313_cpm1,1,S,FALSE,TRUE,ZoeJ|Fred313,2,TRUE,TRUE,TRUE,0,0,NA,NA
GD43A,TRUE,5377795,0,6,6,prophiGD43A-1|prophiGD43A-2|prophiGD43A-3|prophiGD43A-4|prophiGD43A-5|prophiGD43A-6,76550|40151|62319|54433|66367|50750,233517-309790|568395-607447|1665849-1727861|2634561-2688868|3678958-3745068|4129906-4180039,7,0,NA,AbiAlpha|Aristaios|CBASS|Dnd|HEC-09|Hna|Wadjet,AbiAlpha|Aristaios|CBASS_II_Phospholipase|Dnd_ABCDE|HEC-09|Hna|Wadjet_I,12,0,0,19,NA,M. abscessus,abscessus,University of New South Wales Health,NA,30,0,0,DCC1,HK|HB|HA|A1|AD|HC,6,NA,0,NA,0,S,FALSE,FALSE,NA,0,FALSE,FALSE,FALSE,2,2,AbiAlpha|CBASS,spot_3|spot_32
GD43B,TRUE,5286951,0,4,4,prophiGD43B-1|prophiGD43B-2|prophiGD43B-3|prophiGD43B-4,76550|62319|54433|66367,233517-309790|1625742-1687754|2594450-2648757|3638847-3704957,7,0,NA,AbiAlpha|Aristaios|CBASS|Dnd|HEC-09|Hna|Wadjet,AbiAlpha|Aristaios|CBASS_II_Phospholipase|Dnd_ABCDE|HEC-09|Hna|Wadjet_I,12,0,0,19,NA,M. abscessus,abscessus,University of New South Wales Health,NA,25,2,0.08,DCC1,HK|HA|A1|AD,4,BPsdel33HTH_HRM10|BPsdel33HTH_HRM-GD03,2,NA,0,R,FALSE,TRUE,BPs,1,TRUE,TRUE,FALSE,2,2,AbiAlpha|CBASS,spot_3|spot_32
GD43C,TRUE,5319656,0,5,5,prophiGD43C_1-1|prophiGD43C_12-1|prophiGD43C_13-1|prophiGD43C_2-1|prophiGD43C_4-1,66367|40151|46699|76550|54433,1281888-1347998|69177-108764|83244-128430|386857-463130|19325-73608,7,0,NA,AbiAlpha|Aristaios|CBASS|Dnd|HEC-09|Hna|Wadjet,AbiAlpha|Aristaios|CBASS_II_Phospholipase|Dnd_ABCDE|HEC-09|Hna|Wadjet_I,12,0,0,19,NA,M. abscessus,abscessus,University of New South Wales Health,NA,25,0,0,DCC1,AD|HB|HA|HK|A1,5,NA,0,NA,0,S,FALSE,NA,NA,NA,NA,NA,FALSE,1,1,Hna,spot_32
GD43D,NA,NA,NA,NA,NA,NA,NA,NA,NA,NA,NA,NA,NA,NA,NA,0,NA,NA,NA,NA,University of New South Wales Health,NA,25,2,0.08,NA,NA,0,BPsdel33HTH_HRM10|BPsdel33HTH_HRM-GD03,2,NA,0,Mixed,TRUE,NA,NA,NA,NA,NA,FALSE,0,0,NA,NA
GD43E,NA,NA,NA,NA,NA,NA,NA,NA,NA,NA,NA,NA,NA,NA,NA,0,NA,NA,NA,NA,University of New South Wales Health,NA,25,2,0.08,NA,NA,0,BPsdel33HTH_HRM10|BPsdel33HTH_HRM-GD03,2,NA,0,R,FALSE,NA,NA,NA,NA,NA,FALSE,0,0,NA,NA
GD43F,NA,NA,NA,NA,NA,NA,NA,NA,NA,NA,NA,NA,NA,NA,NA,0,NA,NA,NA,NA,University of New South Wales Health,NA,24,0,0,NA,NA,0,NA,0,NA,0,S,FALSE,NA,NA,NA,NA,NA,FALSE,0,0,NA,NA
GD43G,NA,NA,NA,NA,NA,NA,NA,NA,NA,NA,NA,NA,NA,NA,NA,0,NA,NA,NA,NA,University of New South Wales Health,NA,24,0,0,NA,NA,0,NA,0,NA,0,S,FALSE,NA,NA,NA,NA,NA,FALSE,0,0,NA,NA
GD43H,NA,NA,NA,NA,NA,NA,NA,NA,NA,NA,NA,NA,NA,NA,NA,0,NA,NA,NA,NA,University of New South Wales Health,NA,24,0,0,NA,NA,0,NA,0,NA,0,S,FALSE,NA,NA,NA,NA,NA,FALSE,0,0,NA,NA
GD44,TRUE,4906973,0,1,1,prophiGD44_1-1,53071,222802-275725,5,2,RM_I|RM_IIG,AbiAlpha|Butters_gp57r|RM_Type_I|RM_Type_IIG|Wadjet,AbiAlpha|Butters_gp57r|N6_RM_Type_I|N6_RM_Type_IIG|Wadjet_I,9,1,2,14,NA,M. abscessus,massiliense,"Shared Health, Winnipeg, Canada",NA,29,0,0,DCC3,HC,1,NA,0,NA,0,S,FALSE,FALSE,NA,0,FALSE,FALSE,FALSE,2,2,Butters_gp57r|RM_Type_I,spot_13|spot_17
GD440,NA,NA,NA,NA,NA,NA,NA,NA,NA,NA,NA,NA,NA,NA,NA,0,NA,NA,NA,NA,"Christiana Care, DE",USA,27,1,0.037,NA,NA,0,ZoeJdel43-45,1,NA,0,No Morphology,FALSE,TRUE,ZoeJ|Fred313,2,TRUE,TRUE,FALSE,0,0,NA,NA
GD441,NA,NA,NA,NA,NA,NA,NA,NA,NA,NA,NA,NA,NA,NA,NA,0,NA,NA,NA,NA,University of Washington Medical Center,NA,27,0,0,NA,NA,0,NA,0,NA,0,S,FALSE,FALSE,NA,0,FALSE,FALSE,FALSE,0,0,NA,NA
GD442,NA,NA,NA,NA,NA,NA,NA,NA,NA,NA,NA,NA,NA,NA,NA,0,NA,NA,NA,NA,University of Washington Medical Center,NA,27,0,0,NA,NA,0,NA,0,NA,0,S,FALSE,FALSE,NA,0,FALSE,FALSE,FALSE,0,0,NA,NA
GD443,NA,NA,NA,NA,NA,NA,NA,NA,NA,NA,NA,NA,NA,NA,NA,0,NA,NA,NA,NA,"Mayo Clinic of Rochester, Minnesota",USA,27,18,0.6667,NA,NA,0,BPsdel33HTH_HRM10|BPsdel33HTH_HRM-GD03|BPsREM1del33|BPsHRM10_pMC09|Itos|D29_HRM_GD40|phAK26|phAK27|phAK1|phAK2|phAK20|phAK31|phAK30|phAK29|phi-T45|phi-T46|Snailtales|phiABC35,18,NA,0,No Morphology,FALSE,FALSE,NA,0,NA,NA,FALSE,0,0,NA,NA
GD444,NA,NA,NA,NA,NA,NA,NA,NA,NA,NA,NA,NA,NA,NA,NA,0,NA,NA,NA,NA,National Jewish Health,NA,27,0,0,NA,NA,0,NA,0,BPsdel33HTH_HRM10|BPsdel33HTH_HRM-GD03,2,S,FALSE,FALSE,NA,0,FALSE,TRUE,TRUE,0,0,NA,NA
GD445,TRUE,5008862,1,1,1,prophiGD445_9-1,57531,91237-147427,5,0,NA,AbiAlpha|Aristaios|CBASS|Dnd|Wadjet,AbiAlpha|Aristaios|CBASS_II_Phospholipase|Dnd_ABCDE|Wadjet_I,10,0,0,15,NA,M. abscessus,abscessus,Cleveland Clinic,USA,27,4,0.1481,DCC1,HA,1,phAK26|phAK2|phAK20|phAK29,4,NA,0,R,FALSE,TRUE,BPs|phAK2,2,TRUE,TRUE,FALSE,2,2,Aristaios|Dnd,spot_34
GD446,NA,NA,NA,NA,NA,NA,NA,NA,NA,NA,NA,NA,NA,NA,NA,0,NA,NA,NA,NA,UPMC Pittsburgh,NA,11,0,0,NA,NA,0,NA,0,NA,0,S,TRUE,FALSE,NA,0,FALSE,FALSE,FALSE,0,0,NA,NA
GD447,TRUE,4920845,1,0,0,NA,NA,NA,11,1,RM_IIG,AbiAlpha|AbiE|CBASS|Dag|Gabija|McrBC|RM_Type_IIG|Rhea|Thoeris|VP1853|Wadjet,AbiAlpha|AbiE|CBASS_II_Phospholipase|Dag|Gabija|McrBC|N6_RM_Type_IIG|Rhea|Thoeris_VII|VP1853|Wadjet_I,13,1,1,24,NA,M. abscessus,abscessus,"University hospital Bratislava, slovakia",Slovakia,27,6,0.2222,DCC5,NA,0,Muddy|Muddy_HRM-GD04|Muddy_HRM-N0052|phAK1|phAK2|phAK20,6,phAK29,1,R,TRUE,FALSE,NA,0,FALSE,TRUE,TRUE,5,5,AbiAlpha|CBASS|Gabija|McrBC|Thoeris,spot_22|spot_3|spot_4
GD448,NA,NA,NA,NA,NA,NA,NA,NA,NA,NA,NA,NA,NA,NA,NA,0,NA,NA,NA,NA,"Mayo Clinic of Rochester, Minnesota",USA,27,4,0.1481,NA,NA,0,Muddy|Muddy_HRM-GD04|Muddy_HRM-N0052|Fionnbharthdel45del47,4,BPsdel33HTH_HRM10|BPsdel33HTH_HRM-GD03|BPsREM1del33|BPsHRM10_pMC09|Fred313_cpm1,5,S,FALSE,FALSE,NA,0,FALSE,TRUE,TRUE,0,0,NA,NA
GD449A,TRUE,4904603,0,0,0,NA,NA,NA,9,2,RM_III|RM_IIG,AbiAlpha|CBASS|Dag|RM_Type_IIG|RM_Type_III|RloC|RosmerTA|VP1853|Wadjet,AbiAlpha|CBASS_II_Phospholipase|Dag|N6_N4_RM_Type_III|N6_RM_Type_IIG|RloC|RosmerTA|VP1853|Wadjet_I,14,2,2,23,NA,M. abscessus,abscessus,"University Health Network, Toronto, Canada",NA,27,3,0.1111,DCC4,NA,0,Muddy|Muddy_HRM-GD04|Muddy_HRM-N0052,3,NA,0,S,FALSE,FALSE,NA,0,FALSE,TRUE,FALSE,3,6,CBASS|Dag|RM_Type_IIG|RM_Type_III|RloC|VP1853,spot_0|spot_3|spot_34
GD449B,TRUE,4892894,0,0,0,NA,NA,NA,9,2,RM_III|RM_IIG,AbiAlpha|CBASS|Dag|RM_Type_IIG|RM_Type_III|RloC|RosmerTA|VP1853|Wadjet,AbiAlpha|CBASS_II_Phospholipase|Dag|N6_N4_RM_Type_III|N6_RM_Type_IIG|RloC|RosmerTA|VP1853|Wadjet_I,14,2,2,23,NA,M. abscessus,abscessus,"University Health Network, Toronto, Canada",NA,27,9,0.3333,DCC4,NA,0,BPsdel33HTH_HRM10|BPsdel33HTH_HRM-GD03|BPsREM1del33|BPsHRM10_pMC09|Muddy|Muddy_HRM-GD04|Muddy_HRM-N0052|Fionnbharthdel45del47|Fred313_cpm1,9,phiABC35,1,R,FALSE,TRUE,Muddy,1,TRUE,TRUE,TRUE,4,6,CBASS|Dag|RM_Type_IIG|RosmerTA|VP1853|Wadjet,spot_0|spot_3|spot_66
GD45,TRUE,5048326,2,1,1,prophiGD45-1,60697,1866983-2154186,11,4,RM_I|RM_IIG,AbiAlpha|Armada|DRT|RM_Type_I|RM_Type_IIG|RloC|Thoeris|VP1853|Wadjet,AbiAlpha|Armada_Type_II|DRT9|N6_RM_Type_I|N6_RM_Type_IIG|RloC|Thoeris_VII|VP1853|Wadjet_I,15,1,3,26,NA,M. abscessus,abscessus,University of Miami,USA,24,1,0.0417,DCC2,HE,1,Muddy,1,Muddy_HRM-GD04,1,R,FALSE,TRUE,BPs|Muddy,2,TRUE,TRUE,TRUE,2,4,RM_Type_IIG|RloC|Thoeris|VP1853,spot_0|spot_54
GD450,NA,NA,NA,NA,NA,NA,NA,NA,NA,NA,NA,NA,NA,NA,NA,0,NA,NA,NA,NA,Jefferson Hospital,USA,27,10,0.3704,NA,NA,0,BPsdel33HTH_HRM10|BPsdel33HTH_HRM-GD03|BPsREM1del33|BPsHRM10_pMC09|ZoeJdel43-45|Fionnbharthdel45del47|Itos|phAK20|phAK30|phi-T45,10,CrimD del del|Adephagiadel43del45,2,R,FALSE,TRUE,BPs|ZoeJ|phAK20,3,TRUE,TRUE,TRUE,0,0,NA,NA
GD451,NA,NA,NA,NA,NA,NA,NA,NA,NA,NA,NA,NA,NA,NA,NA,0,NA,NA,NA,NA,"University Health Network, Toronto, Canada",NA,10,0,0,NA,NA,0,NA,0,NA,0,S,TRUE,FALSE,NA,0,FALSE,FALSE,FALSE,0,0,NA,NA
GD452,NA,NA,NA,NA,NA,NA,NA,NA,NA,NA,NA,NA,NA,NA,NA,0,NA,NA,NA,NA,The University of North Carolina at Chapel Hill,NA,27,0,0,NA,NA,0,NA,0,Muddy|Muddy_HRM-GD04|Muddy_HRM-N0052,3,S,FALSE,FALSE,NA,0,FALSE,FALSE,TRUE,0,0,NA,NA
GD453,TRUE,5272703,0,3,3,prophiGD453_21-1|prophiGD453_4-1|prophiGD453_8-1,56337|43627|41944,264-56131|320916-363964|196153-237430,6,1,RM_IIG,AbiAlpha|Avs|CBASS|RM_Type_IIG|RosmerTA|Wadjet,AbiAlpha|Avs5|CBASS_II_Phospholipase|N6_RM_Type_IIG|RosmerTA|Wadjet_I,10,1,1,16,NA,M. abscessus,abscessus,The University of North Carolina at Chapel Hill,NA,27,0,0,DCC5,HC|HH|HN,3,NA,0,Muddy|Muddy_HRM-GD04|Muddy_HRM-N0052,3,No Morphology,FALSE,FALSE,NA,0,TRUE,FALSE,TRUE,1,1,RosmerTA,NA
GD454,NA,NA,NA,NA,NA,NA,NA,NA,NA,NA,NA,NA,NA,NA,NA,0,NA,NA,NA,NA,University of Rochester Medical Center,USA,27,0,0,NA,NA,0,NA,0,NA,0,S,FALSE,FALSE,NA,0,FALSE,FALSE,FALSE,0,0,NA,NA
GD455,NA,NA,NA,NA,NA,NA,NA,NA,NA,NA,NA,NA,NA,NA,NA,0,NA,NA,NA,NA,University of Washington Medical Center,NA,27,6,0.2222,NA,NA,0,BPsdel33HTH_HRM10|BPsdel33HTH_HRM-GD03|BPsREM1del33|BPsHRM10_pMC09|phAK20|phAK31,6,phAK30|phi-T45|phi-T46|phiABC35,4,R,FALSE,TRUE,BPs,1,TRUE,TRUE,TRUE,0,0,NA,NA
GD456,NA,NA,NA,NA,NA,NA,NA,NA,NA,NA,NA,NA,NA,NA,NA,0,NA,NA,NA,NA,National Jewish Health,NA,27,0,0,NA,NA,0,NA,0,NA,0,S,FALSE,FALSE,NA,0,FALSE,FALSE,FALSE,0,0,NA,NA
GD457,NA,NA,NA,NA,NA,NA,NA,NA,NA,NA,NA,NA,NA,NA,NA,0,NA,NA,NA,NA,"St Bartholomew's Hospital, United Kingdom",United Kingdom,27,3,0.1111,NA,NA,0,Muddy|Muddy_HRM-GD04|Muddy_HRM-N0052,3,phAK1,1,No Morphology,FALSE,FALSE,NA,0,TRUE,TRUE,TRUE,0,0,NA,NA
GD458,NA,NA,NA,NA,NA,NA,NA,NA,NA,NA,NA,NA,NA,NA,NA,0,NA,NA,NA,NA,"St Bartholomew's Hospital, United Kingdom",United Kingdom,27,0,0,NA,NA,0,NA,0,NA,0,R,FALSE,FALSE,NA,0,FALSE,FALSE,FALSE,0,0,NA,NA
GD459,NA,NA,NA,NA,NA,NA,NA,NA,NA,NA,NA,NA,NA,NA,NA,0,NA,NA,NA,NA,University of Kansas,USA,10,0,0,NA,NA,0,NA,0,ZoeJdel43-45,1,No Morphology,FALSE,FALSE,NA,0,FALSE,TRUE,TRUE,0,0,NA,NA
GD46,TRUE,5105142,1,2,2,prophiGD46_1-1|prophiGD46_5-1,52591|57531,743260-795703|2961-59151,6,0,NA,AbiAlpha|Aristaios|CBASS|Dnd|Hna|Wadjet,AbiAlpha|Aristaios|CBASS_II_Phospholipase|Dnd_ABCDE|Hna|Wadjet_I,11,0,0,17,NA,M. abscessus,abscessus,St. Vincent's Hospital -Australia,NA,34,0,0,DCC1,HC|HA,2,NA,0,NA,0,R,FALSE,FALSE,NA,0,FALSE,FALSE,FALSE,2,2,AbiAlpha|Hna,spot_32
GD460,TRUE,4807800,0,0,0,NA,NA,NA,4,0,NA,BREX|Ceres|Esos,BREX_II|Ceres|Esos,16,0,0,20,NA,M. xenopi,NA,UC irvine,USA,12,2,0.1667,NA,NA,0,phMGD1|phMGD2,2,NA,0,No Morphology,FALSE,TRUE,Fionnbharth,1,TRUE,TRUE,FALSE,0,0,NA,NA
GD461,NA,NA,NA,NA,NA,NA,NA,NA,NA,NA,NA,NA,NA,NA,NA,0,NA,NA,NA,NA,National Jewish Health,NA,10,0,0,NA,NA,0,NA,0,NA,0,S,FALSE,FALSE,NA,0,FALSE,FALSE,FALSE,0,0,NA,NA
GD462,TRUE,5122084,0,2,2,prophiGD462_1-1|prophiGD462_10-1,66288|35990,659525-725556|66426-101864,6,0,NA,AbiAlpha|Avs|Ceres|MMB_gp29_gp30|Other_Type_IV|Wadjet,AbiAlpha|Avs3|Ceres|MMB_gp29_gp30|Other_Type_IV|Wadjet_I,10,0,0,16,NA,M. abscessus,massiliense,National Jewish Health,NA,27,3,0.1111,Non-DCC,AD|HB,2,Muddy|Muddy_HRM-GD04|Muddy_HRM-N0052,3,NA,0,S,FALSE,TRUE,Muddy,1,TRUE,TRUE,FALSE,1,1,MMB_gp29_gp30,spot_60
GD463,NA,NA,NA,NA,NA,NA,NA,NA,NA,NA,NA,NA,NA,NA,NA,0,NA,NA,NA,NA,National Jewish Health,NA,27,0,0,NA,NA,0,NA,0,NA,0,S,FALSE,FALSE,NA,0,FALSE,FALSE,FALSE,0,0,NA,NA
GD464,NA,NA,NA,NA,NA,NA,NA,NA,NA,NA,NA,NA,NA,NA,NA,0,NA,NA,NA,NA,"University of California, Los Angeles",NA,NA,NA,NA,NA,NA,0,NA,NA,NA,NA,NA,NA,FALSE,NA,0,FALSE,FALSE,NA,0,0,NA,NA
GD464A,NA,NA,NA,NA,NA,NA,NA,NA,NA,NA,NA,NA,NA,NA,NA,0,NA,NA,NA,NA,"University of California, Los Angeles",NA,NA,NA,NA,NA,NA,0,ZoeJdel43-45,1,NA,0,S,TRUE,NA,NA,NA,NA,NA,FALSE,0,0,NA,NA
GD464B,NA,NA,NA,NA,NA,NA,NA,NA,NA,NA,NA,NA,NA,NA,NA,0,NA,NA,NA,NA,"University of California, Los Angeles",NA,NA,NA,NA,NA,NA,0,ZoeJdel43-45,1,NA,0,S,TRUE,NA,NA,NA,NA,NA,FALSE,0,0,NA,NA
GD465,NA,NA,NA,NA,NA,NA,NA,NA,NA,NA,NA,NA,NA,NA,NA,0,NA,NA,NA,NA,Indianna University,USA,27,6,0.2222,NA,NA,0,Muddy|Muddy_HRM-GD04|Muddy_HRM-N0052|phi-T45|phi-T46|phiABC35,6,CrimD del del|Adephagiadel43del45,2,R,FALSE,TRUE,Muddy|CrimD|Adephagia|phAK2,4,TRUE,TRUE,TRUE,0,0,NA,NA
GD466,TRUE,5134287,2,2,2,prophiGD466_10-1|prophiGD466_3-1,51214|51838,64708-115774|89380-140794,7,2,RM_IIG,AbiAlpha|Armada|Hna|RM_Type_IIG|Thoeris|Wadjet,AbiAlpha|Armada_Type_II|Hna|N6_RM_Type_IIG|Thoeris_II|Wadjet_I,10,1,1,17,NA,M. abscessus,abscessus,National Jewish Health,NA,26,1,0.0385,Non-DCC,HC|HP,2,Muddy_HRM-N0052,1,Muddy|Muddy_HRM-GD04,2,S,FALSE,TRUE,Muddy,1,TRUE,TRUE,TRUE,0,0,NA,NA
GD466post,NA,NA,NA,NA,NA,NA,NA,NA,NA,NA,NA,NA,NA,NA,NA,0,NA,NA,NA,NA,National Jewish Health,NA,NA,NA,NA,NA,NA,0,NA,NA,NA,NA,NA,NA,NA,NA,NA,NA,NA,NA,0,0,NA,NA
GD467A,TRUE,5212045,0,1,1,prophiGD467A_1-1,60696,381577-441692,9,4,RM_I|RM_IIG,AbiAlpha|Armada|RM_Type_I|RM_Type_IIG|RloC|Thoeris|Wadjet,AbiAlpha|Armada_Type_II|N6_RM_Type_I|N6_RM_Type_IIG|RloC|Thoeris_VII|Wadjet_I,11,1,3,20,NA,M. abscessus,abscessus,The Children’s Hospital at Westmead,Australia,27,8,0.2963,DCC2,HE,1,BPsdel33HTH_HRM10|BPsdel33HTH_HRM-GD03|BPsREM1del33|BPsHRM10_pMC09|Muddy|Muddy_HRM-GD04|Muddy_HRM-N0052|Snailtales,8,phAK20,1,R,FALSE,NA,NA,NA,NA,NA,TRUE,2,4,Armada|RM_Type_IIG,spot_22
GD467B,NA,NA,NA,NA,NA,NA,NA,NA,NA,NA,NA,NA,NA,NA,NA,0,NA,NA,NA,NA,The Children’s Hospital at Westmead,Australia,27,8,0.2963,NA,NA,0,BPsdel33HTH_HRM10|BPsdel33HTH_HRM-GD03|BPsREM1del33|BPsHRM10_pMC09|Muddy|Muddy_HRM-GD04|Muddy_HRM-N0052|Snailtales,8,phAK20,1,R,FALSE,NA,NA,NA,NA,NA,TRUE,0,0,NA,NA
GD468,TRUE,5123202,0,2,2,prophiGD468-1|prophiGD468-2,41258|54451,465736-506369|3481362-3534256,6,0,NA,AbiAlpha|Aristaios|Dnd|Hna|McrBC|Wadjet,AbiAlpha|Aristaios|Dnd_ABCDE|Hna|McrBC|Wadjet_I,11,0,0,17,NA,M. abscessus,abscessus,The Children’s Hospital at Westmead,Australia,26,0,0,DCC1,HB|HG,2,NA,0,NA,0,R,FALSE,FALSE,NA,0,FALSE,FALSE,FALSE,2,2,AbiAlpha|McrBC,spot_26|spot_32
GD469,NA,NA,NA,NA,NA,NA,NA,NA,NA,NA,NA,NA,NA,NA,NA,0,NA,NA,NA,NA,The Children’s Hospital at Westmead,Australia,27,0,0,NA,NA,0,NA,0,NA,0,S,FALSE,FALSE,NA,0,FALSE,FALSE,FALSE,0,0,NA,NA
GD470,NA,NA,NA,NA,NA,NA,NA,NA,NA,NA,NA,NA,NA,NA,NA,0,NA,NA,NA,NA,UPMC Pittsburgh,NA,27,1,0.037,NA,NA,0,Muddy_HRM-N0052,1,NA,0,R,FALSE,FALSE,NA,0,FALSE,TRUE,FALSE,0,0,NA,NA
GD471A,TRUE,5096925,0,2,2,prophiGD471A_2-1|prophiGD471A_6-1,51838|51214,89380-140794|65135-115829,7,2,RM_IIG,AbiAlpha|Armada|Hna|RM_Type_IIG|Thoeris|Wadjet,AbiAlpha|Armada_Type_II|Hna|N6_RM_Type_IIG|Thoeris_II|Wadjet_I,10,1,1,17,NA,M. abscessus,abscessus,UNIVERSITY OF AUCKLAND,NA,27,2,0.0741,Non-DCC,HP|HC,2,Muddy|Muddy_HRM-GD04,2,Muddy_HRM-N0052,1,I,FALSE,NA,NA,NA,NA,NA,TRUE,1,1,AbiAlpha,NA
GD471B,TRUE,5181494,0,2,2,prophiGD471B_5-1|prophiGD471B_6-1,51838|51214,179663-231077|180013-230707,7,2,RM_IIG,AbiAlpha|Armada|Hna|RM_Type_IIG|Thoeris|Wadjet,AbiAlpha|Armada_Type_II|Hna|N6_RM_Type_IIG|Thoeris_II|Wadjet_I,10,1,1,17,NA,M. abscessus,abscessus,UNIVERSITY OF AUCKLAND,NA,27,2,0.0741,Non-DCC,HP|HC,2,Muddy|Muddy_HRM-GD04,2,Muddy_HRM-N0052,1,I,FALSE,NA,NA,NA,NA,NA,TRUE,3,3,AbiAlpha|Hna|Wadjet,NA
GD471C,TRUE,5119296,0,2,2,prophiGD471C_1-1|prophiGD471C_1-2,51214|51838,671034-722100|2307103-2358517,7,2,RM_IIG,AbiAlpha|Armada|Hna|RM_Type_IIG|Thoeris|Wadjet,AbiAlpha|Armada_Type_II|Hna|N6_RM_Type_IIG|Thoeris_II|Wadjet_I,10,1,1,17,NA,M. abscessus,abscessus,UNIVERSITY OF AUCKLAND,NA,27,2,0.0741,Non-DCC,HC|HP,2,Muddy|Muddy_HRM-GD04,2,Muddy_HRM-N0052,1,S,FALSE,NA,NA,NA,NA,NA,TRUE,0,0,NA,NA
GD471D,TRUE,5119438,0,2,2,prophiGD471D_4-1|prophiGD471D_6-1,51214|51838,50120-101186|211770-263184,7,2,RM_IIG,AbiAlpha|Armada|Hna|RM_Type_IIG|Thoeris|Wadjet,AbiAlpha|Armada_Type_II|Hna|N6_RM_Type_IIG|Thoeris_II|Wadjet_I,10,1,1,17,NA,M. abscessus,abscessus,UNIVERSITY OF AUCKLAND,NA,27,2,0.0741,Non-DCC,HC|HP,2,Muddy|Muddy_HRM-GD04,2,Muddy_HRM-N0052,1,S,FALSE,NA,NA,NA,NA,NA,TRUE,2,2,Hna|Thoeris,spot_63
GD471E,TRUE,5049408,1,2,2,prophiGD471E_10-1|prophiGD471E_9-1,51838|51214,26182-77596|180062-231128,7,2,RM_IIG,AbiAlpha|Armada|Hna|RM_Type_IIG|Thoeris|Wadjet,AbiAlpha|Armada_Type_II|Hna|N6_RM_Type_IIG|Thoeris_II|Wadjet_I,10,1,1,17,NA,M. abscessus,abscessus,UNIVERSITY OF AUCKLAND,NA,27,0,0,Non-DCC,HP|HC,2,NA,0,NA,0,S,FALSE,NA,NA,NA,NA,NA,FALSE,2,2,AbiAlpha|Hna,spot_135
GD471F,TRUE,5117359,0,2,2,prophiGD471F_10-1|prophiGD471F_8-1,51214|51838,50099-101165|45307-96721,7,2,RM_IIG,AbiAlpha|Armada|Hna|RM_Type_IIG|Thoeris|Wadjet,AbiAlpha|Armada_Type_II|Hna|N6_RM_Type_IIG|Thoeris_II|Wadjet_I,10,1,1,17,NA,M. abscessus,abscessus,UNIVERSITY OF AUCKLAND,NA,27,2,0.0741,Non-DCC,HC|HP,2,Muddy|Muddy_HRM-GD04,2,Muddy_HRM-N0052,1,I,FALSE,NA,NA,NA,NA,NA,TRUE,2,2,AbiAlpha|Hna,NA
GD471G,TRUE,5107496,0,2,2,prophiGD471G_1-1|prophiGD471G_4-1,51214|51838,50109-101175|229142-280556,7,2,RM_IIG,AbiAlpha|Armada|Hna|RM_Type_IIG|Thoeris|Wadjet,AbiAlpha|Armada_Type_II|Hna|N6_RM_Type_IIG|Thoeris_II|Wadjet_I,10,1,1,17,NA,M. abscessus,abscessus,UNIVERSITY OF AUCKLAND,NA,27,2,0.0741,Non-DCC,HC|HP,2,Muddy|Muddy_HRM-GD04,2,Muddy_HRM-N0052,1,S,FALSE,NA,NA,NA,NA,NA,TRUE,1,1,Thoeris,spot_103
GD471H,TRUE,5181630,0,2,2,prophiGD471H_1-1|prophiGD471H_7-1,51214|51838,50139-101205|177723-229137,7,2,RM_IIG,AbiAlpha|Armada|Hna|RM_Type_IIG|Thoeris|Wadjet,AbiAlpha|Armada_Type_II|Hna|N6_RM_Type_IIG|Thoeris_II|Wadjet_I,10,1,1,17,NA,M. abscessus,abscessus,UNIVERSITY OF AUCKLAND,NA,27,0,0,Non-DCC,HC|HP,2,NA,0,NA,0,R,FALSE,NA,NA,NA,NA,NA,FALSE,2,2,AbiAlpha|Thoeris,spot_103
GD471I,TRUE,5043296,1,2,2,prophiGD471I_2-1|prophiGD471I_3-1,51214|51838,934938-986004|459318-510732,7,2,RM_IIG,AbiAlpha|Armada|Hna|RM_Type_IIG|Thoeris|Wadjet,AbiAlpha|Armada_Type_II|Hna|N6_RM_Type_IIG|Thoeris_II|Wadjet_I,10,1,1,17,NA,M. abscessus,abscessus,UNIVERSITY OF AUCKLAND,NA,27,2,0.0741,Non-DCC,HC|HP,2,Muddy|Muddy_HRM-GD04,2,Muddy_HRM-N0052,1,S,FALSE,NA,NA,NA,NA,NA,TRUE,3,3,AbiAlpha|Armada|Wadjet,spot_135|spot_39
GD472A,NA,NA,NA,NA,NA,NA,NA,NA,NA,NA,NA,NA,NA,NA,NA,0,NA,NA,NA,NA,The Children’s Hospital at Westmead,Australia,27,0,0,NA,NA,0,NA,0,NA,0,R,FALSE,NA,NA,NA,NA,NA,FALSE,0,0,NA,NA
GD472B,NA,NA,NA,NA,NA,NA,NA,NA,NA,NA,NA,NA,NA,NA,NA,0,NA,NA,NA,NA,The Children’s Hospital at Westmead,Australia,27,0,0,NA,NA,0,NA,0,NA,0,R,FALSE,NA,NA,NA,NA,NA,FALSE,0,0,NA,NA
GD473,TRUE,5046100,1,1,1,prophiGD473_13-1,56085,101103-156813,9,3,RM_I|RM_IIG,AbiAlpha|CBASS|Lamassu-Fam|Other_Type_IV|RM_Type_I|RM_Type_IIG|Wadjet,AbiAlpha|CBASS_II_Phospholipase|CBASS_I_TM|Lamassu_Cap4|N6_RM_Type_I|N6_RM_Type_IIG|Other_Type_IV|Wadjet_I,15,1,3,24,NA,M. abscessus,massiliense,The University of North Carolina at Chapel Hill,NA,27,3,0.1111,DCC7,HG,1,Muddy|Muddy_HRM-GD04|Muddy_HRM-N0052,3,NA,0,R,FALSE,FALSE,NA,0,FALSE,TRUE,FALSE,2,3,CBASS|RM_Type_I,spot_44
GD475,NA,NA,NA,NA,NA,NA,NA,NA,NA,NA,NA,NA,NA,NA,NA,0,NA,NA,NA,NA,"Johns Hopkins, MD",USA,10,0,0,NA,NA,0,NA,0,NA,0,S,TRUE,FALSE,NA,0,FALSE,FALSE,FALSE,0,0,NA,NA
GD476,NA,NA,NA,NA,NA,NA,NA,NA,NA,NA,NA,NA,NA,NA,NA,0,NA,NA,NA,NA,University Medical Center Phoenix,USA,15,6,0.4,NA,NA,0,Muddy|Muddy_HRM-GD04|Muddy_HRM-N0052|D29_HRM_GD40|Fred313_cpm1|Isca_cpm1,6,NA,0,R,FALSE,FALSE,NA,0,FALSE,TRUE,FALSE,0,0,NA,NA
GD477,TRUE,5161791,0,3,3,prophiGD477_1-1|prophiGD477_1-2|prophiGD477_8-1,49619|56881|43429,67821-116874|474773-530009|81478-124351,8,2,RM_II|RM_III,AbiAlpha|AbiD|Aristaios|Dnd|Hna|RM_Type_II|RM_Type_III|Wadjet,AbiAlpha|AbiD|Aristaios|Dnd_ABCDE|Hna|N6_N4_RM_Type_III|N6_RM_Type_II_PDDEXK|Wadjet_I,12,1,2,20,NA,M. abscessus,abscessus,"Kaiser Permanente, San Jose",USA,27,0,0,DCC1,HC|HG|HH,3,NA,0,NA,0,S,FALSE,FALSE,NA,0,FALSE,FALSE,FALSE,3,4,AbiD|Aristaios|RM_Type_II|RM_Type_III,spot_0|spot_49|spot_50
GD478,NA,NA,NA,NA,NA,NA,NA,NA,NA,NA,NA,NA,NA,NA,NA,0,NA,NA,NA,NA,"National Institute of Allergy and Infectious Diseases, Rockville, Maryland",NA,28,4,0.1429,NA,NA,0,Muddy|Muddy_HRM-GD04|Muddy_HRM-N0052|phMEW1,4,NA,0,S,FALSE,FALSE,NA,0,FALSE,TRUE,FALSE,0,0,NA,NA
GD479,TRUE,5082078,1,3,3,prophiGD479-1|prophiGD479-2|prophiGD479-3,49178|61838|43289,311279-359815|1841710-1903094|3124627-3167761,6,2,RM_I|RM_IIG,AbiAlpha|CBASS|Other_Type_IV|RM_Type_I|RM_Type_IIG|Wadjet,AbiAlpha|CBASS_II_Phospholipase|N6_RM_Type_I|N6_RM_Type_IIG|Other_Type_IV|Wadjet_I,11,0,2,17,NA,M. abscessus,massiliense,University of Washington,NA,28,11,0.3929,DCC7,HC|HA|HH,3,BPsdel33HTH_HRM10|BPsdel33HTH_HRM-GD03|phKSW1|BPsHRM10_pMC09|Muddy|Muddy_HRM-GD04|Muddy_HRM-N0052|phMEW1|ZoeJdel43-45|Itos|phAK2,11,NA,0,R,FALSE,TRUE,BPs|Muddy,2,TRUE,TRUE,FALSE,2,2,AbiAlpha|Other_Type_IV,spot_14
GD47A,TRUE,5059752,1,1,1,prophiGD47A_2-1,61802,292354-353703,7,0,NA,AbiAlpha|Aristaios|CBASS|Dnd|Hna|VP1853|Wadjet,AbiAlpha|Aristaios|CBASS_II_Phospholipase|Dnd_ABCDE|Hna|VP1853|Wadjet_I,11,0,0,18,NA,M. abscessus,abscessus,"UT Southwest Medical, Dallas, Texas",NA,27,0,0,DCC1,HA,1,NA,0,NA,0,No Morphology,FALSE,NA,NA,NA,NA,NA,FALSE,2,2,AbiAlpha|Aristaios,spot_32|spot_49
GD47B,NA,NA,NA,NA,NA,NA,NA,NA,NA,NA,NA,NA,NA,NA,NA,0,NA,NA,NA,NA,"UT Southwest Medical, Dallas, Texas",NA,27,0,0,NA,NA,0,NA,0,NA,0,No Morphology,FALSE,NA,NA,NA,NA,NA,FALSE,0,0,NA,NA
GD48,NA,NA,NA,NA,NA,NA,NA,NA,NA,NA,NA,NA,NA,NA,NA,0,NA,NA,NA,NA,UC San Diego Health,USA,24,0,0,NA,NA,0,NA,0,NA,0,R,FALSE,FALSE,NA,0,FALSE,FALSE,FALSE,0,0,NA,NA
GD480A,NA,NA,NA,NA,NA,NA,NA,NA,NA,NA,NA,NA,NA,NA,NA,0,NA,NA,NA,NA,"Hadassah Medical Center, Israel",NA,10,0,0,NA,NA,0,NA,0,NA,0,R,TRUE,NA,NA,NA,NA,NA,FALSE,0,0,NA,NA
GD480B,NA,NA,NA,NA,NA,NA,NA,NA,NA,NA,NA,NA,NA,NA,NA,0,NA,NA,NA,NA,"Hadassah Medical Center, Israel",NA,10,0,0,NA,NA,0,NA,0,NA,0,S,TRUE,NA,NA,NA,NA,NA,FALSE,0,0,NA,NA
GD481,NA,NA,NA,NA,NA,NA,NA,NA,NA,NA,NA,NA,NA,NA,NA,0,NA,NA,NA,NA,"Hadassah Medical Center, Israel",NA,10,0,0,NA,NA,0,NA,0,NA,0,No Morphology,FALSE,FALSE,NA,0,FALSE,FALSE,FALSE,0,0,NA,NA
GD482,NA,NA,NA,NA,NA,NA,NA,NA,NA,NA,NA,NA,NA,NA,NA,0,NA,NA,NA,NA,"Mayo Clinic of Rochester, Minnesota",USA,28,8,0.2857,NA,NA,0,BPsdel33HTH_HRM10|BPsdel33HTH_HRM-GD03|phKSW1|BPsHRM10_pMC09|phAK2|phAK20|phi-T45|phTGR04,8,NA,0,No Morphology,FALSE,TRUE,BPs,1,TRUE,TRUE,FALSE,0,0,NA,NA
GD483,NA,NA,NA,NA,NA,NA,NA,NA,NA,NA,NA,NA,NA,NA,NA,0,NA,NA,NA,NA,National Jewish Health,NA,10,0,0,NA,NA,0,NA,0,NA,0,No Morphology,FALSE,FALSE,NA,0,FALSE,FALSE,FALSE,0,0,NA,NA
GD484,NA,NA,NA,NA,NA,NA,NA,NA,NA,NA,NA,NA,NA,NA,NA,0,NA,NA,NA,NA,National Jewish Health,NA,28,4,0.1429,NA,NA,0,Muddy|Muddy_HRM-GD04|Muddy_HRM-N0052|phMEW1,4,NA,0,R,FALSE,FALSE,NA,0,FALSE,TRUE,FALSE,0,0,NA,NA
GD485,NA,NA,NA,NA,NA,NA,NA,NA,NA,NA,NA,NA,NA,NA,NA,0,NA,NA,NA,NA,National Jewish Health,NA,28,4,0.1429,NA,NA,0,BPsdel33HTH_HRM10|BPsdel33HTH_HRM-GD03|phKSW1|BPsHRM10_pMC09,4,phTGR04,1,S,FALSE,FALSE,NA,0,FALSE,TRUE,TRUE,0,0,NA,NA
GD486,TRUE,6098586,0,0,0,NA,NA,NA,3,0,RM_IIG,Esos|Gabija|Lamassu-Fam,Esos|Gabija|Lamassu_Sir2,15,1,1,18,NA,M. simiae,NA,National Jewish Health,NA,28,0,0,NA,NA,0,NA,0,NA,0,R,TRUE,FALSE,NA,0,FALSE,FALSE,FALSE,0,0,NA,NA
GD487,TRUE,5051966,0,1,1,prophiGD487_1-1,60432,449130-509174,5,1,RM_I,AbiAlpha|Butters_gp57r|RM_Type_I|Wadjet,AbiAlpha|Butters_gp57r|N6_RM_Type_I|Wadjet_I,8,0,1,13,NA,M. abscessus,massiliense,"University of San Francisco, Fresno",USA,28,1,0.0357,DCC3,HE,1,Muddy_HRM-GD04,1,NA,0,R,FALSE,TRUE,Muddy,1,TRUE,TRUE,FALSE,2,2,AbiAlpha|Butters_gp57r,spot_46
GD488,NA,NA,NA,NA,NA,NA,NA,NA,NA,NA,NA,NA,NA,NA,NA,0,NA,NA,NA,NA,"University College London, UK",NA,31,0,0,NA,NA,0,NA,0,NA,0,R,FALSE,FALSE,NA,0,FALSE,FALSE,FALSE,0,0,NA,NA
GD489,TRUE,5061605,0,1,1,prophiGD489_9-1,60432,67799-127843,5,1,RM_I,AbiAlpha|Butters_gp57r|RM_Type_I|Wadjet,AbiAlpha|Butters_gp57r|N6_RM_Type_I|Wadjet_I,8,0,1,13,NA,M. abscessus,massiliense,The Children’s Hospital at Westmead,Australia,30,2,0.0667,DCC3,HE,1,Muddy|Muddy_HRM-GD04,2,NA,0,R,FALSE,TRUE,Muddy,1,TRUE,TRUE,FALSE,1,1,Butters_gp57r,spot_17
GD489-2,NA,NA,NA,NA,NA,NA,NA,NA,NA,NA,NA,NA,NA,NA,NA,0,NA,NA,NA,NA,The Children’s Hospital at Westmead,Australia,17,4,0.2353,NA,NA,0,Muddy|Muddy_HRM-GD04|Muddy_HRM-N0052|phMEW1,4,NA,0,R,FALSE,NA,NA,NA,NA,NA,FALSE,0,0,NA,NA
GD489-3,NA,NA,NA,NA,NA,NA,NA,NA,NA,NA,NA,NA,NA,NA,NA,0,NA,NA,NA,NA,The Children’s Hospital at Westmead,Australia,17,4,0.2353,NA,NA,0,Muddy|Muddy_HRM-GD04|Muddy_HRM-N0052|phMEW1,4,NA,0,R,FALSE,NA,NA,NA,NA,NA,FALSE,0,0,NA,NA
GD49,NA,NA,NA,NA,NA,NA,NA,NA,NA,NA,NA,NA,NA,NA,NA,0,NA,NA,NA,NA,UC San Diego Health,USA,35,2,0.0571,NA,NA,0,Muddy|Muddy_HRM-GD04,2,NA,0,R,FALSE,TRUE,Muddy,1,TRUE,TRUE,FALSE,0,0,NA,NA
GD490A,TRUE,5161920,0,1,1,prophiGD409A_21-1,64497,25497-88803,8,1,RM_IIG,AbiAlpha|Aristaios|CBASS|Dnd|HEC-09|Hna|RM_Type_IIG|Wadjet,AbiAlpha|Aristaios|CBASS_II_Phospholipase|Dnd_ABCDE|HEC-09|Hna|N6_RM_Type_IIG|Wadjet_I,13,1,1,21,NA,M. abscessus,abscessus,UPMC Pittsburgh,NA,28,1,0.0357,DCC1,HA,1,phMGD4,1,NA,0,R,FALSE,TRUE,BPs,1,TRUE,TRUE,FALSE,2,2,Hna|Wadjet,NA
GD490B,TRUE,5160985,0,1,1,prophiGD409B_20-1,64498,52-63358,8,1,RM_IIG,AbiAlpha|Aristaios|CBASS|Dnd|HEC-09|Hna|RM_Type_IIG|Wadjet,AbiAlpha|Aristaios|CBASS_II_Phospholipase|Dnd_ABCDE|HEC-09|Hna|N6_RM_Type_IIG|Wadjet_I,13,1,1,21,NA,M. abscessus,abscessus,UPMC Pittsburgh,NA,28,1,0.0357,DCC1,HA,1,phMGD4,1,BPsdel33HTH_HRM10,1,R,FALSE,FALSE,NA,0,FALSE,TRUE,TRUE,4,4,CBASS|HEC-09|Hna|Wadjet,spot_3
GD491,NA,NA,NA,NA,NA,NA,NA,NA,NA,NA,NA,NA,NA,NA,NA,0,NA,NA,NA,NA,National Jewish Health,NA,10,0,0,NA,NA,0,NA,0,NA,0,S,TRUE,FALSE,NA,0,FALSE,FALSE,FALSE,0,0,NA,NA
GD492,NA,NA,NA,NA,NA,NA,NA,NA,NA,NA,NA,NA,NA,NA,NA,0,NA,NA,NA,NA,National Jewish Health,NA,28,4,0.1429,NA,NA,0,BPsdel33HTH_HRM10|BPsdel33HTH_HRM-GD03|phKSW1|BPsHRM10_pMC09,4,NA,0,S,FALSE,FALSE,NA,0,FALSE,TRUE,FALSE,0,0,NA,NA
GD493,NA,NA,NA,NA,NA,NA,NA,NA,NA,NA,NA,NA,NA,NA,NA,0,NA,NA,NA,NA,National Jewish Health,NA,28,0,0,NA,NA,0,NA,0,NA,0,S,FALSE,FALSE,NA,0,FALSE,FALSE,FALSE,0,0,NA,NA
GD494,TRUE,5099561,1,1,1,prophiGD494-1,72539,1769023-2656162,7,0,NA,AbiAlpha|Aristaios|CBASS|Dag|Dnd|Hna|Wadjet,AbiAlpha|Aristaios|CBASS_II_Phospholipase|Dag|Dnd_ABCDE|Hna|Wadjet_I,13,0,0,20,NA,M. abscessus,abscessus,National Jewish Health,NA,28,0,0,DCC1,HA,1,NA,0,NA,0,R,FALSE,FALSE,NA,0,FALSE,FALSE,FALSE,2,2,AbiAlpha|Dag,spot_0|spot_32
GD495,NA,NA,NA,NA,NA,NA,NA,NA,NA,NA,NA,NA,NA,NA,NA,0,NA,NA,NA,NA,"University Health Network, Toronto, Canada",NA,30,0,0,NA,NA,0,NA,0,NA,0,S,FALSE,FALSE,NA,0,FALSE,FALSE,FALSE,0,0,NA,NA
GD496,TRUE,4727754,0,0,0,NA,NA,NA,3,0,NA,AbiAlpha|PD-Lambda-5|Wadjet,AbiAlpha|PD-Lambda-5|Wadjet_I,7,0,0,10,NA,M. abscessus,abscessus,National Jewish Health,NA,30,9,0.3,DCC4,NA,0,BPsdel33HTH_HRM10|BPsdel33HTH_HRM-GD03|Muddy|Muddy_HRM-GD04|Muddy_HRM-N0052|phMEW1|Itos|Fred313_cpm1|phTGR7,9,phKSW1|BPsHRM10_pMC09|phTGR04,3,R,FALSE,TRUE,Muddy,1,TRUE,TRUE,TRUE,1,1,PD-Lambda-5,spot_9
GD497,TRUE,4904645,0,0,0,NA,NA,NA,9,2,RM_III|RM_IIG,AbiAlpha|CBASS|Dag|RM_Type_IIG|RM_Type_III|RloC|RosmerTA|VP1853|Wadjet,AbiAlpha|CBASS_II_Phospholipase|Dag|N6_N4_RM_Type_III|N6_RM_Type_IIG|RloC|RosmerTA|VP1853|Wadjet_I,14,2,2,23,NA,M. abscessus,abscessus,NYU Langone Medical Center,USA,30,1,0.0333,DCC4,NA,0,phTGR7,1,BPsdel33HTH_HRM10|phAK2|phAK20|phAK31,4,R,FALSE,TRUE,Muddy|phAK2|phAK20|phAK29|phTGR07,5,TRUE,TRUE,TRUE,4,4,AbiAlpha|CBASS|RosmerTA|Wadjet,spot_3
GD498,TRUE,4972663,0,0,0,NA,NA,NA,8,3,RM_I|RM_IIG,AbiAlpha|CBASS|Other_Type_IV|RM_Type_I|RM_Type_IIG|Wadjet,AbiAlpha|CBASS_II_Phospholipase|CBASS_I_TM|N6_RM_Type_I|N6_RM_Type_IIG|Other_Type_IV|Wadjet_I,13,1,3,21,NA,M. abscessus,massiliense,NYU Langone Medical Center,USA,30,2,0.0667,DCC7,NA,0,Muddy_HRM-N0052|phMEW1,2,ZoeJdel43-45,1,R,FALSE,TRUE,Muddy,1,TRUE,TRUE,TRUE,1,1,RM_Type_IIG,spot_44
GD499,TRUE,5111262,0,2,2,prophiGD499_3-1|prophiGD499_4-1,51351|40363,520900-572103|111841-151639,6,0,NA,AbiAlpha|Aristaios|CBASS|Dnd|Hna|Wadjet,AbiAlpha|Aristaios|CBASS_II_Phospholipase|Dnd_ABCDE|Hna|Wadjet_I,11,0,0,17,NA,M. abscessus,abscessus,NYU Langone Medical Center,USA,30,0,0,DCC1,HC|HB,2,NA,0,NA,0,S,FALSE,FALSE,NA,0,FALSE,FALSE,FALSE,4,4,AbiAlpha|CBASS|Dnd|Wadjet,spot_3|spot_32|spot_34
GD50,NA,NA,NA,NA,NA,NA,NA,NA,NA,NA,NA,NA,NA,NA,NA,0,NA,NA,NA,NA,"Toronto, Canada",NA,NA,NA,NA,NA,NA,0,NA,NA,NA,NA,NA,NA,FALSE,NA,0,NA,NA,NA,0,0,NA,NA
GD500,TRUE,5074357,0,1,1,prophiGD500-1,72523,1736506-4957676,6,0,NA,AbiAlpha|Aristaios|CBASS|Dnd|Hna|Wadjet,AbiAlpha|Aristaios|CBASS_II_Phospholipase|Dnd_ABCDE|Hna|Wadjet_I,11,0,0,17,NA,M. abscessus,abscessus,NYU Langone Medical Center,USA,30,7,0.2333,DCC1,HA,1,BPsdel33HTH_HRM10|BPsdel33HTH_HRM-GD03|phKSW1|BPsHRM10_pMC09|phAK20|phAK30|phAK29,7,phAK2|phi-T45|phTGR04,3,R,FALSE,TRUE,BPs|D29|phAK2|phAK20|phAK29|phTGR04,6,TRUE,TRUE,TRUE,3,3,AbiAlpha|Aristaios|CBASS,spot_3|spot_32|spot_49
GD501,NA,NA,NA,NA,NA,NA,NA,NA,NA,NA,NA,NA,NA,NA,NA,0,NA,NA,NA,NA,"Pacific Diagnostic Laboratories, CA",USA,30,0,0,NA,NA,0,NA,0,Muddy|Muddy_HRM-GD04|Muddy_HRM-N0052,3,S,FALSE,FALSE,NA,0,FALSE,TRUE,TRUE,0,0,NA,NA
GD502A,TRUE,44886,2,5,5,prophiGD502A_1-1|prophiGD502A_1-2|prophiGD502A_1-3|prophiGD502A_2-1|prophiGD502A_3-1,60552|64402|49431|22322|43270,1141816-1202007|1775892-1838738|98-4005762|7407-43727|1632-44631,5,2,RM_I|RM_IIG,AbiAlpha|RM_Type_I|RM_Type_IIG|Shedu|Wadjet,AbiAlpha|N6_RM_Type_I|N6_RM_Type_IIG|Shedu|Wadjet_I,12,1,2,17,NA,M. abscessus,massiliense,The Children’s Hospital at Westmead,Australia,30,0,0,DCC3,IA|A1|HO|HO|HO,3,NA,0,NA,0,S,FALSE,NA,NA,NA,NA,NA,FALSE,1,1,AbiAlpha,spot_14
GD502B,TRUE,4463440,1,4,4,prophiGD502B_1-1|prophiGD502B_1-2|prophiGD502B_27-1|prophiGD502B_28-1,45758|60552|22322|44803,65-45418|1648897-1709088|7407-44744|100-44744,5,2,RM_I|RM_IIG,AbiAlpha|RM_Type_I|RM_Type_IIG|Shedu|Wadjet,AbiAlpha|N6_RM_Type_I|N6_RM_Type_IIG|Shedu|Wadjet_I,12,1,2,17,NA,M. abscessus,massiliense,The Children’s Hospital at Westmead,Australia,30,0,0,DCC3,HO|IA|HO|HO,2,NA,0,NA,0,S,FALSE,NA,NA,NA,NA,NA,FALSE,0,0,NA,NA
GD503A,NA,NA,NA,NA,NA,NA,NA,NA,NA,NA,NA,NA,NA,NA,NA,0,NA,NA,NA,NA,The Children’s Hospital at Westmead,Australia,11,0,0,NA,NA,0,NA,0,NA,0,S,TRUE,NA,NA,NA,NA,NA,FALSE,0,0,NA,NA
GD503B,TRUE,5580914,2,0,0,NA,NA,NA,2,0,RM_IV,Ceres|Esos,Ceres|Esos,11,1,1,13,NA,M. intracellulare,NA,The Children’s Hospital at Westmead,Australia,11,0,0,NA,NA,0,NA,0,NA,0,S,TRUE,NA,NA,NA,NA,NA,FALSE,0,0,NA,NA
GD504,TRUE,4857867,0,1,1,prophiGD504_2-1,40549,265272-305014,7,1,RM_III,AbiAlpha|Avs|DS-20|RM_Type_III|RosmerTA|Wadjet,AbiAlpha|Avs5|Avs7|DS-20|N6_N4_RM_Type_III|RosmerTA|Wadjet_I,8,0,1,15,NA,M. abscessus,abscessus,National Jewish Health,NA,30,1,0.0333,DCC4,HB,1,phTGR7,1,NA,0,S,FALSE,FALSE,NA,0,FALSE,TRUE,FALSE,3,3,Avs|RM_Type_III|RosmerTA,spot_124|spot_19|spot_39
GD505,TRUE,5008299,0,1,1,prophiGD505_16-1,41617,46015-87268,5,0,NA,Aristaios|CBASS|Dnd|Hna|Wadjet,Aristaios|CBASS_II_Phospholipase|Dnd_ABCDE|Hna|Wadjet_I,11,0,0,16,NA,M. abscessus,abscessus,National Jewish Health,NA,30,11,0.3667,DCC1,HA,1,BPsdel33HTH_HRM10|BPsdel33HTH_HRM-GD03|phAK26|phAK27|phAK2|phAK20|phAK31|phAK29|phi-T45|Snailtales|phTGR04,11,phKSW1|BPsHRM10_pMC09|Itos|D29_HRM_GD40|phAK30,5,R,FALSE,TRUE,BPs|phAK29|phTGR04,3,TRUE,TRUE,TRUE,2,2,CBASS|Hna,spot_3
GD506,NA,NA,NA,NA,NA,NA,NA,NA,NA,NA,NA,NA,NA,NA,NA,0,NA,NA,NA,NA,"Nationwide Children's hospital, OH",USA,29,7,0.2414,NA,NA,0,Muddy|Muddy_HRM-GD04|Muddy_HRM-N0052|phMEW1|phAK29|Snailtales|phTGR7,7,phAK2|phAK20,2,R,FALSE,FALSE,NA,0,NA,NA,TRUE,0,0,NA,NA
GD506A,NA,NA,NA,NA,NA,NA,NA,NA,NA,NA,NA,NA,NA,NA,NA,0,NA,NA,NA,NA,"Nationwide Children's hospital, OH",USA,NA,NA,NA,NA,NA,0,NA,NA,NA,NA,NA,NA,TRUE,Muddy,1,TRUE,TRUE,NA,0,0,NA,NA
GD506B,TRUE,4889424,0,0,0,NA,NA,NA,9,1,RM_IIG,AbiAlpha|AbiE|CBASS|Dag|Gabija|McrBC|RM_Type_IIG|VP1853|Wadjet,AbiAlpha|AbiE|CBASS_II_Phospholipase|Dag|Gabija|McrBC|N6_RM_Type_IIG|VP1853|Wadjet_I,13,1,1,22,NA,M. abscessus,abscessus,"Nationwide Children's hospital, OH",USA,29,5,0.1724,DCC5,NA,0,Muddy|Muddy_HRM-GD04|Muddy_HRM-N0052|phMEW1|phTGR7,5,NA,0,S,FALSE,TRUE,Muddy,1,TRUE,TRUE,FALSE,3,4,AbiAlpha|Gabija|RM_Type_IIG|VP1853,spot_0|spot_32|spot_55
GD507,TRUE,5187592,1,4,4,prophiGD507_1-1|prophiGD507_1-2|prophiGD507_1-3|prophiGD507_1-4,51135|62493|54738|40049,931162-982170|1888863-3073161|2398935-2453256|3064132-3103664,8,0,NA,AbiAlpha|Aristaios|CBASS|Dnd|HEC-09|Hna|Shedu|Wadjet,AbiAlpha|Aristaios|CBASS_II_Phospholipase|Dnd_ABCDE|HEC-09|Hna|Shedu|Wadjet_I,13,0,0,21,NA,M. abscessus,abscessus,National Jewish Health,NA,NA,NA,NA,DCC1,A1|HA|HF|HB,4,NA,0,NA,0,S,TRUE,FALSE,NA,0,FALSE,TRUE,FALSE,4,4,Aristaios|CBASS|HEC-09|Hna,spot_133|spot_3|spot_32|spot_49
GD508,NA,NA,NA,NA,NA,NA,NA,NA,NA,NA,NA,NA,NA,NA,NA,0,NA,NA,NA,NA,National Jewish Health,NA,30,0,0,NA,NA,0,NA,0,NA,0,S,FALSE,FALSE,NA,0,FALSE,FALSE,FALSE,0,0,NA,NA
GD509,TRUE,5242293,1,4,4,prophiGD509-1|prophiGD509-2|prophiGD509-3|prophiGD509-4,40049|54738|62493|51135,491308-1695549|1141716-1196037|1643923-1706109|2612802-2663810,8,0,NA,AbiAlpha|Aristaios|CBASS|Dnd|HEC-09|Hna|Shedu|Wadjet,AbiAlpha|Aristaios|CBASS_II_Phospholipase|Dnd_ABCDE|HEC-09|Hna|Shedu|Wadjet_I,13,0,0,21,NA,M. abscessus,abscessus,National Jewish Health,NA,28,13,0.4643,DCC1,HB|HF|HA|A1,4,BPsdel33HTH_HRM10|BPsdel33HTH_HRM-GD03|phKSW1|BPsHRM10_pMC09|Itos|D29_HRM_GD40|phAK2|phAK20|phAK31|phAK29|phi-T45|Snailtales|phTGR04,13,phAK27,1,R,FALSE,TRUE,BPs,1,TRUE,TRUE,TRUE,2,2,AbiAlpha|CBASS,spot_3|spot_32
GD51,TRUE,5076176,0,2,2,prophiGD51_1-1|prophiGD51_9-1,51214|51838,769800-820866|89380-140794,6,2,RM_IIG,AbiAlpha|Armada|RM_Type_IIG|Thoeris|Wadjet,AbiAlpha|Armada_Type_II|N6_RM_Type_IIG|Thoeris_II|Wadjet_I,9,1,1,15,NA,M. abscessus,abscessus,Oregon Health and Science University,USA,32,2,0.0625,Non-DCC,HC|HP,2,Muddy|Muddy_HRM-GD04,2,NA,0,R,FALSE,TRUE,Muddy,1,TRUE,TRUE,FALSE,2,2,Thoeris|Wadjet,spot_63
GD510,TRUE,5358341,1,3,3,prophiGD510_20-1|prophiGD510_8-1|prophiGD510_9-1,56337|40096|41944,264-56131|195085-234419|17700-58977,6,1,RM_IIG,AbiAlpha|Avs|CBASS|RM_Type_IIG|RosmerTA|Wadjet,AbiAlpha|Avs5|CBASS_II_Phospholipase|N6_RM_Type_IIG|RosmerTA|Wadjet_I,10,1,1,16,NA,M. abscessus,abscessus,"Mayo Clinic of Rochester, Minnesota",USA,28,0,0,DCC5,HC|HB|HN,3,NA,0,NA,0,R,FALSE,FALSE,NA,0,FALSE,FALSE,FALSE,3,4,CBASS|RM_Type_IIG|RosmerTA|Wadjet,NA
GD511A,TRUE,6329456,0,0,0,NA,NA,NA,12,4,RM_I|RM_II|RM_IIG|RM_IV,AbiAlpha|CBASS|Ceres|Dag|Esos|McrBC|RM_Type_I|RM_Type_II|RM_Type_IIG|SoFIC|Wadjet,AbiAlpha|CBASS_II_Cap4|Ceres|Dag|Esos|McrBC|N6_RM_Type_I|N6_RM_Type_IIG|N6_RM_Type_II_PDDEXK|SoFic|Wadjet_I,22,2,5,34,NA,M. fortuitum,NA,"SeaWorld Orlando, FL",USA,16,4,0.25,NA,NA,0,Muddy|Muddy_HRM-GD04|Muddy_HRM-N0052|phMEW1,4,CrimD del del|Adephagiadel43del45,2,S,FALSE,NA,NA,NA,NA,NA,TRUE,0,0,NA,NA
GD511B,TRUE,6329397,0,0,0,NA,NA,NA,12,4,RM_I|RM_II|RM_IIG|RM_IV,AbiAlpha|CBASS|Ceres|Dag|Esos|McrBC|RM_Type_I|RM_Type_II|RM_Type_IIG|SoFIC|Wadjet,AbiAlpha|CBASS_II_Cap4|Ceres|Dag|Esos|McrBC|N6_RM_Type_I|N6_RM_Type_IIG|N6_RM_Type_II_PDDEXK|SoFic|Wadjet_I,22,2,5,34,NA,M. fortuitum,NA,"SeaWorld Orlando, FL",USA,16,4,0.25,NA,NA,0,Muddy|Muddy_HRM-GD04|Muddy_HRM-N0052|phMEW1,4,CrimD del del|Adephagiadel43del45,2,S,FALSE,NA,NA,NA,NA,NA,TRUE,0,0,NA,NA
GD511post,NA,NA,NA,NA,NA,NA,NA,NA,NA,NA,NA,NA,NA,NA,NA,0,NA,NA,NA,NA,"SeaWorld Orlando, FL",USA,NA,NA,NA,NA,NA,0,NA,NA,NA,NA,NA,NA,NA,NA,NA,NA,NA,NA,0,0,NA,NA
GD512,TRUE,5288633,0,2,2,prophiGD512_1-1|prophiGD512_1-2,60696|62980,277603-337718|353069-415600,4,1,RM_I,AbiAlpha|RM_Type_I|Thoeris|Wadjet,AbiAlpha|N6_RM_Type_I|Thoeris_VII|Wadjet_I,11,0,1,15,NA,M. abscessus,abscessus,"Children's Mercy, Kansas City, KS",USA,28,0,0,DCC2,HE|HA,2,NA,0,NA,0,S,FALSE,FALSE,NA,0,FALSE,FALSE,FALSE,2,2,RM_Type_I|Thoeris,spot_49
GD513,TRUE,5086996,1,3,3,prophiGD513_13-1|prophiGD513_4-1|prophiGD513_5-1,40078|58479|52601,69020-108491|2700-59837|115517-167701,6,0,NA,AbiAlpha|Aristaios|CBASS|Dag|Dnd|Wadjet,AbiAlpha|Aristaios|CBASS_II_Phospholipase|Dag|Dnd_ABCDE|Wadjet_I,12,0,0,18,NA,M. abscessus,abscessus,National Jewish Health,NA,28,0,0,DCC1,HB|HA|HF,3,NA,0,NA,0,R,FALSE,FALSE,NA,0,FALSE,FALSE,FALSE,3,3,AbiAlpha|Aristaios|Dnd,spot_139|spot_34
GD514,NA,NA,NA,NA,NA,NA,NA,NA,NA,NA,NA,NA,NA,NA,NA,0,NA,NA,NA,NA,National Jewish Health,NA,11,0,0,NA,NA,0,NA,0,NA,0,R,TRUE,TRUE,Muddy,1,TRUE,TRUE,FALSE,0,0,NA,NA
GD515,TRUE,5218806,0,0,0,NA,NA,NA,9,3,RM_II|RM_IIG,AbiAlpha|Armada|Dag|Gao_Qat|RM_Type_II|RM_Type_IIG|Sirona|Wadjet,AbiAlpha|Armada_Type_II|DNA_met_RM_Type_II_HATPase|Dag|Gao_Qat|N6_RM_Type_IIG|Sirona|Wadjet_I,10,1,2,19,NA,M. chelonae,NA,Medical College of Wisconsin,USA,16,0,0,NA,NA,0,NA,0,NA,0,S,FALSE,FALSE,NA,0,FALSE,FALSE,FALSE,0,0,NA,NA
GD516A,NA,NA,NA,NA,NA,NA,NA,NA,NA,NA,NA,NA,NA,NA,NA,0,NA,NA,NA,NA,"Hadassah Medical Center, Israel",NA,30,0,0,NA,NA,0,NA,0,NA,0,S,FALSE,NA,NA,NA,NA,NA,FALSE,0,0,NA,NA
GD516B,TRUE,5011129,0,0,0,NA,NA,NA,5,0,NA,AbiAlpha|Aristaios|Dnd|Hna|Wadjet,AbiAlpha|Aristaios|Dnd_ABCDE|Hna|Wadjet_I,10,0,0,15,NA,M. abscessus,abscessus,"Hadassah Medical Center, Israel",NA,30,0,0,DCC1,NA,0,NA,0,NA,0,S,FALSE,NA,NA,NA,NA,NA,FALSE,0,0,NA,NA
GD517A,TRUE,5459155,0,0,0,NA,NA,NA,4,0,RM_IV,BREX|CBASS|Ceres|Esos,BREX_II|CBASS_II_Phospholipase|Ceres|Esos,11,1,1,15,NA,M. intracellulare,NA,"Hadassah Medical Center, Israel",NA,11,0,0,NA,NA,0,NA,0,NA,0,S,TRUE,NA,NA,NA,NA,NA,FALSE,0,0,NA,NA
GD517B,TRUE,5459464,0,0,0,NA,NA,NA,4,0,RM_IV,BREX|CBASS|Ceres|Esos,BREX_II|CBASS_II_Phospholipase|Ceres|Esos,11,1,1,15,NA,M. intracellulare,NA,"Hadassah Medical Center, Israel",NA,11,0,0,NA,NA,0,NA,0,NA,0,S,TRUE,NA,NA,NA,NA,NA,FALSE,0,0,NA,NA
GD518,TRUE,5986713,0,0,0,NA,NA,NA,6,0,NA,Esos|Gabija|Lamassu-Fam|SNIPE|Wadjet,Esos|Gabija|Lamassu_Mrr|SNIPE|Wadjet_III,19,0,0,25,NA,M. simiae,NA,"Hadassah Medical Center, Israel",NA,17,0,0,NA,NA,0,NA,0,NA,0,S,TRUE,FALSE,NA,0,FALSE,FALSE,FALSE,0,0,NA,NA
GD519,TRUE,5038864,0,1,1,prophiGD519_3-1,48755,6424-54574,3,1,RM_I,Ceres|Esos|RM_Type_I,Ceres|Esos|N6_RM_Type_I,9,1,1,12,NA,M. avium,NA,"University Health Network, Toronto, Canada",NA,11,0,0,NA,HI,1,NA,0,NA,0,S,TRUE,FALSE,NA,0,FALSE,FALSE,FALSE,0,0,NA,NA
GD52,TRUE,5353827,1,2,2,prophiGD52_2-1|prophiGD52_6-1,49806|47085,1050488-1100146|197507-244304,10,3,RM_I|RM_IIG,AbiAlpha|Armada|DRT|Dag|RM_Type_I|RM_Type_IIG|RloC|Thoeris|Wadjet,AbiAlpha|Armada_Type_II|DRT9|Dag|N6_RM_Type_I|N6_RM_Type_IIG|RloC|Thoeris_VII|Wadjet_I,12,1,2,22,NA,M. abscessus,abscessus,"Sheffield, UK",NA,33,6,0.1818,DCC2,HC|HE,2,BPsdel33HTH_HRM10|BPsdel33HTH_HRM-GD03|Adephagiadel43del45|Itos|Faith1|CrimD,6,NA,0,R,FALSE,TRUE,BPs|Itos|CrimD|Fionnbharth,4,TRUE,TRUE,FALSE,3,5,Armada|Dag|RM_Type_IIG|Wadjet,spot_26|spot_88
GD520,TRUE,4781816,1,2,2,prophiGD520_4-1|prophiGD520_5-1,65732|54779,284930-350163|248212-302832,4,0,NA,Aristaios|CBASS|Dnd|Wadjet,Aristaios|CBASS_II_Phospholipase|Dnd_ABCDE|Wadjet_I,9,0,0,13,NA,M. abscessus,abscessus,"University Hospital East, Columbus OH",USA,29,0,0,DCC1,HA|A1,2,NA,0,NA,0,S,FALSE,FALSE,NA,0,FALSE,FALSE,FALSE,0,0,NA,NA
GD521,TRUE,4948319,1,0,0,NA,NA,NA,11,3,RM_I|RM_IIG,AbiAlpha|Armada|Dag|PhiR47_GevAT|RM_Type_I|RM_Type_IIG|RosmerTA|VP1853|Wadjet,AbiAlpha|Armada_Type_II|Dag|N6_RM_Type_I|N6_RM_Type_IIG|PhiR47_GevAT|RosmerTA|VP1853|Wadjet_I,12,1,2,23,NA,M. abscessus,abscessus,University of Miami,USA,NA,NA,NA,DCC5,NA,0,NA,0,NA,0,R,FALSE,FALSE,NA,0,FALSE,TRUE,FALSE,5,5,Dag|PhiR47_GevAT|RosmerTA|VP1853|Wadjet,spot_60|spot_88
GD522,NA,NA,NA,NA,NA,NA,NA,NA,NA,NA,NA,NA,NA,NA,NA,0,NA,NA,NA,NA,"SeaWorld Antionio, TX",USA,10,0,0,NA,NA,0,NA,0,NA,0,S,TRUE,FALSE,NA,0,FALSE,FALSE,FALSE,0,0,NA,NA
GD523,TRUE,5029804,1,0,0,NA,NA,NA,10,4,RM_I|RM_IIG,AbiAlpha|Armada|RM_Type_I|RM_Type_IIG|RloC|Thoeris|VP1853|Wadjet,AbiAlpha|Armada_Type_II|N6_RM_Type_I|N6_RM_Type_IIG|RloC|Thoeris_VII|VP1853|Wadjet_I,14,1,3,24,NA,M. abscessus,abscessus,University of Miami,USA,29,0,0,DCC2,NA,0,NA,0,Itos,1,R,FALSE,TRUE,BPs,1,TRUE,TRUE,TRUE,2,4,RM_Type_IIG|RloC|VP1853|Wadjet,spot_0
GD524,TRUE,4895802,0,0,0,NA,NA,NA,6,2,RM_I|RM_II|RM_IV,AbiAlpha|Aristaios|DS-29|RM_Type_I|RM_Type_II|Wadjet,AbiAlpha|Aristaios|DNA_met_RM_Type_II_HATPase|DS-29|N6_RM_Type_I|Wadjet_I,11,3,3,17,NA,M. chelonae,NA,UPenn,USA,17,3,0.1765,NA,NA,0,CrimD del del|phML2|Itos,3,phML1,1,R,FALSE,TRUE,CrimD|Adephagia,2,TRUE,TRUE,TRUE,0,0,NA,NA
GD525,TRUE,5197512,0,4,4,prophiGD525_1-1|prophiGD525_1-2|prophiGD525_1-3|prophiGD525_10-1,54460|54613|51351|34445,239621-293576|315625-368778|852231-903434|15785-49350,7,0,NA,AbiAlpha|Aristaios|CBASS|Charlie_gp32|Dnd|Hna|Wadjet,AbiAlpha|Aristaios|CBASS_II_Phospholipase|Charlie_gp32|Dnd_ABCDE|Hna|Wadjet_I,12,0,0,19,NA,M. abscessus,abscessus,Children’s Hospital Los Angeles,NA,29,2,0.069,DCC1,HD|HG|HC|HA,4,phAK2|phAK20,2,phAK29|phi-T45|MyMabF,3,S,FALSE,FALSE,NA,0,FALSE,TRUE,TRUE,2,2,AbiAlpha|Aristaios,spot_32
GD526A,TRUE,5160667,0,2,2,prophiGD526A_14-1|prophiGD526A_23-1,64499|38415,52-63359|967-38215,8,1,RM_IIG,AbiAlpha|Aristaios|CBASS|Dnd|HEC-09|Hna|RM_Type_IIG|Wadjet,AbiAlpha|Aristaios|CBASS_II_Phospholipase|Dnd_ABCDE|HEC-09|Hna|N6_RM_Type_IIG|Wadjet_I,13,1,1,21,NA,M. abscessus,abscessus,University of Washington Medical Centers,NA,NA,NA,NA,DCC1,HA|HB,2,NA,NA,NA,NA,NA,NA,NA,NA,NA,NA,NA,NA,1,1,CBASS,spot_3
GD526A-1,NA,NA,NA,NA,NA,NA,NA,NA,NA,NA,NA,NA,NA,NA,NA,0,NA,NA,NA,NA,University of Washington Medical Centers,NA,29,1,0.0345,NA,NA,0,phMGD4,1,NA,0,R,FALSE,NA,NA,NA,NA,NA,FALSE,0,0,NA,NA
GD526A-2,NA,NA,NA,NA,NA,NA,NA,NA,NA,NA,NA,NA,NA,NA,NA,0,NA,NA,NA,NA,University of Washington Medical Centers,NA,29,1,0.0345,NA,NA,0,phMGD4,1,NA,0,R,FALSE,NA,NA,NA,NA,NA,FALSE,0,0,NA,NA
GD526B,TRUE,5153485,0,1,1,prophiGD526B_13-1,64498,56942-120249,8,1,RM_IIG,AbiAlpha|Aristaios|CBASS|Dnd|HEC-09|Hna|RM_Type_IIG|Wadjet,AbiAlpha|Aristaios|CBASS_II_Phospholipase|Dnd_ABCDE|HEC-09|Hna|N6_RM_Type_IIG|Wadjet_I,13,1,1,21,NA,M. abscessus,abscessus,University of Washington Medical Centers,NA,29,1,0.0345,DCC1,HA,1,phMGD4,1,NA,0,S,FALSE,NA,NA,NA,NA,NA,FALSE,3,3,CBASS|HEC-09|Hna,spot_3
GD526C,NA,NA,NA,NA,NA,NA,NA,NA,NA,NA,NA,NA,NA,NA,NA,0,NA,NA,NA,NA,University of Washington Medical Centers,NA,NA,NA,NA,NA,NA,0,NA,NA,NA,NA,NA,NA,NA,NA,NA,NA,NA,NA,0,0,NA,NA
GD527A,NA,NA,NA,NA,NA,NA,NA,NA,NA,NA,NA,NA,NA,NA,NA,0,NA,NA,NA,NA,Indianna University,USA,11,0,0,NA,NA,0,NA,0,NA,0,No Morphology,FALSE,NA,NA,NA,NA,NA,FALSE,0,0,NA,NA
GD527B,NA,NA,NA,NA,NA,NA,NA,NA,NA,NA,NA,NA,NA,NA,NA,0,NA,NA,NA,NA,Indianna University,USA,11,0,0,NA,NA,0,NA,0,NA,0,No Morphology,FALSE,NA,NA,NA,NA,NA,FALSE,0,0,NA,NA
GD528,TRUE,4808749,0,0,0,NA,NA,NA,4,0,NA,BREX|Ceres|Esos,BREX_II|Ceres|Esos,17,0,0,21,NA,M. xenopi,NA,UC irvine,USA,13,0,0,NA,NA,0,NA,0,phMGD1|phMGD2,2,R,FALSE,TRUE,Fionnbharth,1,TRUE,TRUE,TRUE,0,0,NA,NA
GD529,TRUE,5100230,0,2,2,prophiGD529_2-1|prophiGD529_3-1,41229|52085,341734-382824|609005-660569,8,3,RM_I|RM_IIG,AbiAlpha|CBASS|Other_Type_IV|RM_Type_I|RM_Type_IIG|Wadjet,AbiAlpha|CBASS_II_Phospholipase|CBASS_I_TM|N6_RM_Type_I|N6_RM_Type_IIG|Other_Type_IV|Wadjet_I,13,1,3,21,NA,M. abscessus,massiliense,UPMC Pittsburgh,NA,28,2,0.0714,DCC7,HN|HD,2,Muddy_HRM-N0052|phMEW1,2,NA,0,I,FALSE,FALSE,NA,0,FALSE,TRUE,FALSE,4,5,AbiAlpha|CBASS|RM_Type_I|Wadjet,spot_44
GD53,TRUE,5095263,0,3,3,prophiGD53_1-1|prophiGD53_1-2|prophiGD53_1-3,78799|60432|41928,838471-3629840|2352841-2412885|4831106-4872468,5,1,RM_I,AbiAlpha|Butters_gp57r|RM_Type_I|Wadjet,AbiAlpha|Butters_gp57r|N6_RM_Type_I|Wadjet_I,8,0,1,13,NA,M. abscessus,massiliense,"Lebanon, NH",USA,38,0,0,DCC3,HK|HE|HN,3,NA,0,Muddy|Muddy_HRM-GD04,2,S,FALSE,FALSE,NA,0,FALSE,FALSE,TRUE,0,0,NA,NA
GD530,TRUE,5084734,1,2,2,prophiGD530_1-1|prophiGD530_7-1,41229|52085,369615-410705|121040-172559,7,2,RM_I|RM_IIG,AbiAlpha|AbiD|CBASS|Other_Type_IV|RM_Type_I|RM_Type_IIG|Wadjet,AbiAlpha|AbiD|CBASS_II_Phospholipase|N6_RM_Type_I|N6_RM_Type_IIG|Other_Type_IV|Wadjet_I,12,0,2,19,NA,M. abscessus,massiliense,UPMC Pittsburgh,NA,28,2,0.0714,DCC7,HN|HD,2,Muddy_HRM-N0052|phMEW1,2,NA,0,I,FALSE,FALSE,NA,0,FALSE,TRUE,FALSE,2,2,AbiD|CBASS,spot_44
GD531,TRUE,5089917,1,2,2,prophiGD531_1-1|prophiGD531_3-1,41229|52085,464525-505615|20616-72135,8,3,RM_I|RM_IIG,AbiAlpha|CBASS|Other_Type_IV|RM_Type_I|RM_Type_IIG|Wadjet,AbiAlpha|CBASS_II_Phospholipase|CBASS_I_TM|N6_RM_Type_I|N6_RM_Type_IIG|Other_Type_IV|Wadjet_I,13,1,3,21,NA,M. abscessus,massiliense,UPMC Pittsburgh,NA,28,2,0.0714,DCC7,HN|HD,2,Muddy_HRM-N0052|phMEW1,2,NA,0,I,FALSE,FALSE,NA,0,FALSE,TRUE,FALSE,2,3,AbiAlpha|CBASS|RM_Type_IIG,spot_44
GD532,TRUE,5090506,1,2,2,prophiGD532_1-1|prophiGD532_8-1,41229|52085,409751-450841|20616-72135,8,3,RM_I|RM_IIG,AbiAlpha|CBASS|Other_Type_IV|RM_Type_I|RM_Type_IIG|Wadjet,AbiAlpha|CBASS_II_Phospholipase|CBASS_I_TM|N6_RM_Type_I|N6_RM_Type_IIG|Other_Type_IV|Wadjet_I,13,1,3,21,NA,M. abscessus,massiliense,UPMC Pittsburgh,NA,28,2,0.0714,DCC7,HN|HD,2,Muddy_HRM-N0052|phMEW1,2,NA,0,I,FALSE,FALSE,NA,0,FALSE,TRUE,FALSE,2,2,AbiAlpha|CBASS,NA
GD533,TRUE,5072046,0,3,3,prophiGD533_1-1|prophiGD533_4-1|prophiGD533_8-1,41229|64282|52085,369615-410705|73191-137111|177482-229001,8,3,RM_I|RM_IIG,AbiAlpha|CBASS|Other_Type_IV|RM_Type_I|RM_Type_IIG|Wadjet,AbiAlpha|CBASS_II_Phospholipase|CBASS_I_TM|N6_RM_Type_I|N6_RM_Type_IIG|Other_Type_IV|Wadjet_I,13,1,3,21,NA,M. abscessus,massiliense,UPMC Pittsburgh,NA,28,2,0.0714,DCC7,HN|HA|HD,3,Muddy_HRM-N0052|phMEW1,2,NA,0,I,FALSE,FALSE,NA,0,FALSE,TRUE,FALSE,3,5,AbiAlpha|CBASS|Other_Type_IV|RM_Type_I|RM_Type_IIG,spot_14|spot_44
GD534,TRUE,7060970,1,2,2,prophiGD543-1|prophiGD543-2,94976|54859,1570426-6666473|2978245-3032928,11,3,RM_I|RM_II,AbiAlpha|Avs|CBASS|Ceres|Dag|Esos|McrBC|RM_Type_I|RM_Type_II|Wadjet,AbiAlpha|Avs4|CBASS_I_TM|Ceres|Dag|Esos|McrBC|N6_N4_RM_Type_II_HATPase|N6_RM_Type_I|N6_RM_Type_II_PDDEXK|Wadjet_I,18,0,3,29,NA,boenickei,NA,"Mayo Clinic of Rochester, Minnesota",USA,16,1,0.0625,NA,X|unclustered,1,Itos,1,NA,0,S,FALSE,FALSE,NA,0,FALSE,TRUE,FALSE,0,0,NA,NA
GD535,TRUE,4833248,0,0,0,NA,NA,NA,4,0,NA,BREX|Ceres|Esos,BREX_II|Ceres|Esos,16,0,0,20,NA,M. xenopi,NA,Queen Elizabeth University Hospital,United Kingdom,11,0,0,NA,NA,0,NA,0,NA,0,S,FALSE,FALSE,NA,0,FALSE,FALSE,FALSE,0,0,NA,NA
GD536,TRUE,5172655,0,1,1,prophiGD536_1-1,54448,557901-612016,10,1,RM_IIG,AbiAlpha|Aristaios|CBASS|Dag|DarTG|Dnd|Hna|RM_Type_IIG|VP1853|Wadjet,AbiAlpha|Aristaios|CBASS_II_Phospholipase|Dag|DarTG|Dnd_ABCDE|Hna|N6_RM_Type_IIG|VP1853|Wadjet_I,14,1,1,24,NA,M. abscessus,abscessus,Queen Elizabeth University Hospital,United Kingdom,30,4,0.1333,DCC1,HG,1,BPsdel33HTH_HRM10|BPsdel33HTH_HRM-GD03|phKSW1|BPsHRM10_pMC09,4,NA,0,R,FALSE,FALSE,NA,0,FALSE,TRUE,FALSE,4,6,AbiAlpha|CBASS|Dag|DarTG|RM_Type_IIG|VP1853,spot_0|spot_3
GD537,TRUE,5190523,1,3,3,prophiGD537_1-1|prophiGD537_5-1|prophiGD537_8-1,52874|65726|54885,261244-313785|74-65346|153153-207888,6,0,NA,AbiAlpha|Aristaios|CBASS|Dnd|Hna|Wadjet,AbiAlpha|Aristaios|CBASS_II_Phospholipase|Dnd_ABCDE|Hna|Wadjet_I,11,0,0,17,NA,M. abscessus,abscessus,Queen Elizabeth University Hospital,United Kingdom,29,4,0.1379,DCC1,HG|HA|A1,3,BPsdel33HTH_HRM10|BPsdel33HTH_HRM-GD03|phKSW1|BPsHRM10_pMC09,4,NA,0,S,FALSE,FALSE,NA,0,FALSE,TRUE,FALSE,2,2,AbiAlpha|CBASS,spot_3|spot_32
GD538,TRUE,5204296,1,3,3,prophiGD538-1|prophiGD538-2|prophiGD538-3,61572|64701|66366,1753000-1814123|1884100-1948544|3563436-3629545,6,0,NA,AbiAlpha|Aristaios|CBASS|Dnd|Hna|Wadjet,AbiAlpha|Aristaios|CBASS_II_Phospholipase|Dnd_ABCDE|Hna|Wadjet_I,11,0,0,17,NA,M. abscessus,abscessus,UC San Diego Health,USA,29,6,0.2069,DCC1,HA|AD|AD,2,BPsdel33HTH_HRM10|BPsdel33HTH_HRM-GD03|phKSW1|BPsHRM10_pMC09|phAK2|Snailtales,6,NA,0,R,FALSE,TRUE,BPs,1,TRUE,TRUE,FALSE,3,3,AbiAlpha|Aristaios|CBASS,spot_3|spot_32|spot_49
GD539,TRUE,5204296,1,3,3,prophiGD539-1|prophiGD539-2|prophiGD539-3,61572|64701|66366,1753000-1814123|1884100-1948544|3563436-3629545,6,0,NA,AbiAlpha|Aristaios|CBASS|Dnd|Hna|Wadjet,AbiAlpha|Aristaios|CBASS_II_Phospholipase|Dnd_ABCDE|Hna|Wadjet_I,11,0,0,17,NA,M. abscessus,abscessus,UC San Diego Health,USA,29,6,0.2069,DCC1,HA|AD|AD,2,BPsdel33HTH_HRM10|BPsdel33HTH_HRM-GD03|phKSW1|BPsHRM10_pMC09|phAK2|Snailtales,6,NA,0,R,FALSE,TRUE,BPs,1,TRUE,TRUE,FALSE,3,3,AbiAlpha|Aristaios|CBASS,spot_3|spot_32|spot_49
GD540,TRUE,5191317,1,1,1,prophiGD540_3-1,61572,308311-369434,6,0,NA,AbiAlpha|Aristaios|CBASS|Dnd|Hna|Wadjet,AbiAlpha|Aristaios|CBASS_II_Phospholipase|Dnd_ABCDE|Hna|Wadjet_I,11,0,0,17,NA,M. abscessus,abscessus,UC San Diego Health,USA,29,6,0.2069,DCC1,HA,1,BPsdel33HTH_HRM10|BPsdel33HTH_HRM-GD03|phKSW1|BPsHRM10_pMC09|phAK2|Snailtales,6,NA,0,R,FALSE,TRUE,BPs,1,TRUE,TRUE,FALSE,2,2,Aristaios|CBASS,spot_3|spot_49
GD541A,TRUE,4959914,0,2,2,prophiGD541A_2-1|prophiGD541A_8-1,64402|60552,393466-456312|73147-133338,5,2,RM_I|RM_IIG,AbiAlpha|RM_Type_I|RM_Type_IIG|Shedu|Wadjet,AbiAlpha|N6_RM_Type_I|N6_RM_Type_IIG|Shedu|Wadjet_I,12,1,2,17,NA,M. abscessus,massiliense,The Children’s Hospital at Westmead,Australia,31,0,0,DCC3,A1|IA,2,NA,0,NA,0,I,FALSE,NA,NA,NA,NA,NA,FALSE,3,3,AbiAlpha|RM_Type_I|Shedu,spot_13|spot_14|spot_39
GD541B,TRUE,4473630,1,4,4,prophiGD541B-1|prophiGD541B-2|prophiGD541B-3|prophipGD541B-1,60552|64402|49443|22335,1141816-1202007|1775892-1838738|1-4005773|7018-28134,5,2,RM_I|RM_IIG,AbiAlpha|RM_Type_I|RM_Type_IIG|Shedu|Wadjet,AbiAlpha|N6_RM_Type_I|N6_RM_Type_IIG|Shedu|Wadjet_I,12,1,2,17,NA,M. abscessus,massiliense,The Children’s Hospital at Westmead,Australia,31,0,0,Unassigned,IA|A1|HO|HO,3,NA,0,NA,0,I,FALSE,NA,NA,NA,NA,NA,FALSE,0,0,NA,NA
GD542A,NA,NA,NA,NA,NA,NA,NA,NA,NA,NA,NA,NA,NA,NA,NA,0,NA,NA,NA,NA,The Children’s Hospital at Westmead,Australia,31,0,0,NA,NA,0,NA,0,NA,0,I,FALSE,NA,NA,NA,NA,NA,FALSE,0,0,NA,NA
GD542B,NA,NA,NA,NA,NA,NA,NA,NA,NA,NA,NA,NA,NA,NA,NA,0,NA,NA,NA,NA,The Children’s Hospital at Westmead,Australia,31,0,0,NA,NA,0,NA,0,NA,0,I,FALSE,NA,NA,NA,NA,NA,FALSE,0,0,NA,NA
GD542C,NA,NA,NA,NA,NA,NA,NA,NA,NA,NA,NA,NA,NA,NA,NA,0,NA,NA,NA,NA,The Children’s Hospital at Westmead,Australia,31,0,0,NA,NA,0,NA,0,NA,0,I,FALSE,NA,NA,NA,NA,NA,FALSE,0,0,NA,NA
GD542D,TRUE,4903888,0,2,2,prophiGD542D-1|prophiGD542D-2,60552|48101,1141816-1202007|3902371-3950332,5,2,RM_I|RM_IIG,AbiAlpha|RM_Type_I|RM_Type_IIG|Shedu|Wadjet,AbiAlpha|N6_RM_Type_I|N6_RM_Type_IIG|Shedu|Wadjet_I,12,1,2,17,NA,M. abscessus,massiliense,The Children’s Hospital at Westmead,Australia,31,0,0,DCC3,IA|HO,2,NA,0,NA,0,I,FALSE,NA,NA,NA,NA,NA,FALSE,1,1,AbiAlpha,spot_14
GD543,TRUE,5118253,0,2,0,prophiGD543-1|prophiGD543-2,NA,NA,9,2,RM_III|RM_IIG,AbiAlpha|CBASS|Dag|RM_Type_IIG|RM_Type_III|RloC|RosmerTA|VP1853|Wadjet,AbiAlpha|CBASS_II_Phospholipase|Dag|N6_N4_RM_Type_III|N6_RM_Type_IIG|RloC|RosmerTA|VP1853|Wadjet_I,15,2,2,24,NA,M. abscessus,abscessus,"BC Center for Disease Control, Vancuver, Canada",NA,31,6,0.1935,DCC4,X|unclustered,1,Muddy|Muddy_HRM-GD04|Muddy_HRM-N0052|phMEW1|phi-T45|phTGR04,6,phAK2|phAK20|phTGR7,3,R,FALSE,TRUE,BPs|Muddy|phAK20|phTGR07,4,TRUE,TRUE,TRUE,3,4,CBASS|RM_Type_IIG|RosmerTA|VP1853,spot_0|spot_3|spot_66
GD544,TRUE,4952699,0,2,2,prophiGD544-1|prophiGD544-2,92318|77687,750255-2959566|3244749-3319408,5,1,RM_II,AbiAlpha|Gabija|RM_Type_II|Wadjet,AbiAlpha|DNA_met_RM_Type_II_PDDEXK|Gabija|Wadjet_I,12,1,1,17,NA,M. abscessus,abscessus,"Radboud University Medical Center, Netherlands",NA,31,0,0,DCC4,HC|M,2,NA,0,NA,0,S,FALSE,FALSE,NA,0,FALSE,FALSE,FALSE,1,1,RM_Type_II,spot_88
GD545,NA,NA,NA,NA,NA,NA,NA,NA,NA,NA,NA,NA,NA,NA,NA,0,NA,NA,NA,NA,"University of Washington, Seattle, WA",NA,31,9,0.2903,NA,NA,0,BPsdel33HTH_HRM10|BPsdel33HTH_HRM-GD03|phKSW1|phMGD4|BPsHRM10_pMC09|phAK2|phAK20|phAK29|phi-T45,9,phTGR04,1,R,FALSE,FALSE,NA,0,FALSE,TRUE,TRUE,0,0,NA,NA
GD546,TRUE,4336264,0,0,0,NA,NA,NA,10,3,RM_I|RM_IIG,AbiE|Ceres|HEC-09|Hma|Prometheus|RM_Type_I|RM_Type_IIG|RosmerTA|VP1853,AbiE|Ceres|HEC-09|Hma|N6_RM_Type_I|N6_RM_Type_IIG|Prometheus|RosmerTA|VP1853,18,2,3,28,NA,M. arupensis,NA,"University of Pisa, Italy",Italy,19,0,0,NA,NA,0,NA,0,NA,0,S,FALSE,FALSE,NA,0,FALSE,FALSE,FALSE,0,0,NA,NA
GD547A,TRUE,4793638,0,0,0,NA,NA,NA,8,1,RM_IIG,AbiAlpha|DRT|Hna|RM_Type_IIG|RloC|Shedu|Wadjet,AbiAlpha|DRT9|Hna|N6_RM_Type_IIG|RloC|Shedu|Wadjet_I,13,1,1,21,NA,M. abscessus,abscessus,"University of Pisa, Italy",Italy,31,5,0.1613,DCC5,NA,0,BPsdel33HTH_HRM10|BPsdel33HTH_HRM-GD03|phKSW1|phMGD4|BPsHRM10_pMC09,5,phTGR04,1,R,FALSE,TRUE,BPs,1,TRUE,TRUE,TRUE,1,1,Wadjet,NA
GD547B,NA,NA,NA,NA,NA,NA,NA,NA,NA,NA,NA,NA,NA,NA,NA,0,NA,NA,NA,NA,"University of Pisa, Italy",Italy,31,0,0,NA,NA,0,NA,0,NA,0,S,FALSE,FALSE,NA,0,FALSE,TRUE,FALSE,0,0,NA,NA
GD548,NA,NA,NA,NA,NA,NA,NA,NA,NA,NA,NA,NA,NA,NA,NA,0,NA,NA,NA,NA,University of Southern California,NA,32,1,0.0312,NA,NA,0,phMEW1,1,NA,0,S,FALSE,FALSE,NA,0,FALSE,TRUE,FALSE,0,0,NA,NA
GD549,NA,NA,NA,NA,NA,NA,NA,NA,NA,NA,NA,NA,NA,NA,NA,0,NA,NA,NA,NA,UC San Diego Health,USA,31,9,0.2903,NA,NA,0,phKSW1|phMGD4|phML1|Fionnbharthdel45del47|phMGD1|CrimD del del|phSY1|phML2|Itos,9,phAK2|phiABC35|phTGR7,3,S,FALSE,FALSE,NA,0,FALSE,TRUE,TRUE,0,0,NA,NA
GD54H,TRUE,5186935,0,2,2,prophiGD54H-1|prophiGD54H-2,60696|79056,1853798-1913374|3373980-3451504,8,4,RM_I|RM_IIG,AbiAlpha|Armada|RM_Type_I|RM_Type_IIG|Thoeris|Wadjet,AbiAlpha|Armada_Type_II|N6_RM_Type_I|N6_RM_Type_IIG|Thoeris_VII|Wadjet_I,10,1,3,18,NA,M. abscessus,abscessus,The Children’s Hospital at Westmead,Australia,38,5,0.1316,DCC2,HE|M,2,BPsdel33HTH_HRM10|BPsdel33HTH_HRM-GD03|Muddy|Muddy_HRM-GD04|phiGD20-1,5,NA,0,R,FALSE,NA,NA,NA,NA,NA,FALSE,1,1,Thoeris,spot_54
GD55,TRUE,4986068,0,1,1,prophiGD55_1-1,66452,5596-71791,6,1,RM_III,AbiAlpha|CBASS|RM_Type_III|RloC|RosmerTA|Wadjet,AbiAlpha|CBASS_II_Phospholipase|N6_N4_RM_Type_III|RloC|RosmerTA|Wadjet_I,12,1,1,18,NA,M. abscessus,abscessus,"Cincinnati Children's Hospital, OH",USA,40,0,0,DCC4,AD,1,NA,0,NA,0,S,FALSE,FALSE,NA,0,FALSE,FALSE,FALSE,2,2,RosmerTA|Wadjet,NA
GD550,TRUE,4733051,0,0,0,NA,NA,NA,5,0,NA,AbiAlpha|Dnd|Hna|Shedu|Wadjet,AbiAlpha|Dnd_ABCDE|Hna|Shedu|Wadjet_I,8,0,0,13,NA,M. abscessus,abscessus,Childrens Hospital Los Angeles,NA,31,5,0.1613,DCC4,NA,0,Muddy|Muddy_HRM-GD04|Muddy_HRM-N0052|phMEW1|phAK31,5,phAK27,1,R,FALSE,TRUE,Muddy,1,TRUE,TRUE,TRUE,2,3,Dnd|Hna|Shedu,spot_34
GD551,NA,NA,NA,NA,NA,NA,NA,NA,NA,NA,NA,NA,NA,NA,NA,0,NA,NA,NA,NA,"Scripps Memorial Hospital, La Jolla, CA",USA,31,2,0.0645,NA,NA,0,Muddy_HRM-N0052|phMEW1,2,NA,0,R,FALSE,FALSE,NA,0,FALSE,TRUE,FALSE,0,0,NA,NA
GD552,NA,NA,NA,NA,NA,NA,NA,NA,NA,NA,NA,NA,NA,NA,NA,0,NA,NA,NA,NA,"University Health Network, Toronto, Canada",NA,31,2,0.0645,NA,NA,0,Muddy_HRM-N0052|phMEW1,2,NA,0,S,FALSE,FALSE,NA,0,FALSE,TRUE,FALSE,0,0,NA,NA
GD553,TRUE,5044673,0,1,1,prophiGD553-1,42350,3023162-3064998,6,1,RM_III,AbiAlpha|CBASS|RM_Type_III|RloC|RosmerTA|Wadjet,AbiAlpha|CBASS_II_Phospholipase|N6_N4_RM_Type_III|RloC|RosmerTA|Wadjet_I,16,1,1,22,NA,M. abscessus,abscessus,The Children’s Hospital at Westmead,Australia,31,9,0.2903,DCC4,HH,1,BPsdel33HTH_HRM10|BPsdel33HTH_HRM-GD03|phKSW1|phMGD4|BPsHRM10_pMC09|Muddy|Muddy_HRM-GD04|Muddy_HRM-N0052|phMEW1,9,NA,0,R,FALSE,TRUE,Muddy,1,TRUE,TRUE,FALSE,3,3,AbiAlpha|CBASS|RosmerTA,spot_3|spot_32|spot_66
GD554A,NA,NA,NA,NA,NA,NA,NA,NA,NA,NA,NA,NA,NA,NA,NA,0,NA,NA,NA,NA,The Children’s Hospital at Westmead,Australia,13,0,0,NA,NA,0,NA,0,NA,0,S,TRUE,NA,NA,NA,NA,NA,FALSE,0,0,NA,NA
GD554B,NA,NA,NA,NA,NA,NA,NA,NA,NA,NA,NA,NA,NA,NA,NA,0,NA,NA,NA,NA,The Children’s Hospital at Westmead,Australia,13,0,0,NA,NA,0,NA,0,NA,0,S,TRUE,NA,NA,NA,NA,NA,FALSE,0,0,NA,NA
GD555,NA,NA,NA,NA,NA,NA,NA,NA,NA,NA,NA,NA,NA,NA,NA,0,NA,NA,NA,NA,UPMC Pittsburgh,NA,31,2,0.0645,NA,NA,0,Muddy_HRM-N0052|phMEW1,2,NA,0,R,FALSE,FALSE,NA,0,FALSE,TRUE,FALSE,0,0,NA,NA
GD556,NA,NA,NA,NA,NA,NA,NA,NA,NA,NA,NA,NA,NA,NA,NA,0,NA,NA,NA,NA,"University of the West of England, Salsbury, U.K.",NA,32,0,0,NA,NA,0,NA,0,Muddy|Muddy_HRM-GD04|Muddy_HRM-N0052,3,R,FALSE,FALSE,NA,0,FALSE,TRUE,TRUE,0,0,NA,NA
GD557,NA,NA,NA,NA,NA,NA,NA,NA,NA,NA,NA,NA,NA,NA,NA,0,NA,NA,NA,NA,"University of Vermont Medical Center, Vermont",USA,NA,NA,NA,NA,NA,0,NA,NA,NA,NA,NA,NA,FALSE,NA,0,FALSE,TRUE,NA,0,0,NA,NA
GD557A,TRUE,5094174,0,1,1,prophiGD557A-1,60432,3134887-3194931,4,0,NA,AbiAlpha|Butters_gp57r|Wadjet,AbiAlpha|Butters_gp57r|Wadjet_I,6,0,0,10,NA,M. abscessus,massiliense,"University of Vermont Medical Center, Vermont",USA,32,6,0.1875,DCC3,HE,1,BPsdel33HTH_HRM10|BPsdel33HTH_HRM-GD03|phKSW1|phMGD4|BPsHRM10_pMC09|Muddy,6,Muddy_HRM-GD04|Muddy_HRM-N0052|phMEW1|Isca_cpm1|phTGR11,5,R,FALSE,NA,NA,NA,NA,NA,TRUE,1,1,Butters_gp57r,spot_17
GD557B,NA,NA,NA,NA,NA,NA,NA,NA,NA,NA,NA,NA,NA,NA,NA,0,NA,NA,NA,NA,"University of Vermont Medical Center, Vermont",USA,32,6,0.1875,NA,NA,0,BPsdel33HTH_HRM10|BPsdel33HTH_HRM-GD03|phKSW1|phMGD4|BPsHRM10_pMC09|Muddy,6,Muddy_HRM-GD04|Muddy_HRM-N0052|phMEW1|Isca_cpm1|phTGR11,5,R,FALSE,NA,NA,NA,NA,NA,TRUE,0,0,NA,NA
GD558,TRUE,5034539,0,1,1,prophiGD558_7-1,46178,126764-172305,6,1,RM_III,AbiAlpha|CBASS|RM_Type_III|RloC|RosmerTA|Wadjet,AbiAlpha|CBASS_II_Phospholipase|N6_N4_RM_Type_III|RloC|RosmerTA|Wadjet_I,16,1,1,22,NA,M. abscessus,abscessus,"Mayo Clinic of Rochester, Minnesota",USA,32,0,0,DCC4,HH,1,NA,0,phi-T45,1,R,FALSE,FALSE,NA,0,FALSE,TRUE,TRUE,2,2,CBASS|RosmerTA,spot_66
GD559A,NA,NA,NA,NA,NA,NA,NA,NA,NA,NA,NA,NA,NA,NA,NA,0,NA,NA,NA,NA,The Children’s Hospital at Westmead,Australia,32,2,0.0625,NA,NA,0,Muddy_HRM-N0052|phMEW1,2,Muddy|Muddy_HRM-GD04,2,S,FALSE,NA,NA,NA,NA,NA,TRUE,0,0,NA,NA
GD559B,NA,NA,NA,NA,NA,NA,NA,NA,NA,NA,NA,NA,NA,NA,NA,0,NA,NA,NA,NA,The Children’s Hospital at Westmead,Australia,32,2,0.0625,NA,NA,0,Muddy_HRM-N0052|phMEW1,2,Muddy|Muddy_HRM-GD04,2,S,FALSE,NA,NA,NA,NA,NA,TRUE,0,0,NA,NA
GD559C,NA,NA,NA,NA,NA,NA,NA,NA,NA,NA,NA,NA,NA,NA,NA,0,NA,NA,NA,NA,The Children’s Hospital at Westmead,Australia,32,2,0.0625,NA,NA,0,Muddy_HRM-N0052|phMEW1,2,Muddy|Muddy_HRM-GD04,2,S,FALSE,NA,NA,NA,NA,NA,TRUE,0,0,NA,NA
GD560,NA,NA,NA,NA,NA,NA,NA,NA,NA,NA,NA,NA,NA,NA,NA,0,NA,NA,NA,NA,University of Michigan,USA,32,0,0,NA,NA,0,NA,0,NA,0,S,FALSE,FALSE,NA,0,FALSE,FALSE,FALSE,0,0,NA,NA
GD561,NA,NA,NA,NA,NA,NA,NA,NA,NA,NA,NA,NA,NA,NA,NA,0,NA,NA,NA,NA,"Wilcox Medical Center, HI",USA,32,0,0,NA,NA,0,NA,0,NA,0,S,FALSE,FALSE,NA,0,FALSE,FALSE,FALSE,0,0,NA,NA
GD562,NA,NA,NA,NA,NA,NA,NA,NA,NA,NA,NA,NA,NA,NA,NA,0,NA,NA,NA,NA,"UT Southwest Medical, Dallas, Texas",NA,12,0,0,NA,NA,0,NA,0,NA,0,S,TRUE,FALSE,NA,0,FALSE,FALSE,FALSE,0,0,NA,NA
GD563,NA,NA,NA,NA,NA,NA,NA,NA,NA,NA,NA,NA,NA,NA,NA,0,NA,NA,NA,NA,"University of Vermont Medical Center, Vermont",USA,32,0,0,NA,NA,0,NA,0,Muddy,1,R,FALSE,FALSE,NA,0,FALSE,TRUE,TRUE,0,0,NA,NA
GD564,NA,NA,NA,NA,NA,NA,NA,NA,NA,NA,NA,NA,NA,NA,NA,0,NA,NA,NA,NA,"Public Health Ontario, Canada",NA,20,0,0,NA,NA,0,NA,0,NA,0,S,FALSE,FALSE,NA,0,FALSE,FALSE,FALSE,0,0,NA,NA
GD565,NA,NA,NA,NA,NA,NA,NA,NA,NA,NA,NA,NA,NA,NA,NA,0,NA,NA,NA,NA,UPMC Pittsburgh,NA,32,0,0,NA,NA,0,NA,0,NA,0,S,FALSE,FALSE,NA,0,FALSE,FALSE,FALSE,0,0,NA,NA
GD566,NA,NA,NA,NA,NA,NA,NA,NA,NA,NA,NA,NA,NA,NA,NA,0,NA,NA,NA,NA,"Nationwide children's hospital, Columbus OH",USA,32,0,0,NA,NA,0,NA,0,phTGR04,1,R,FALSE,FALSE,NA,0,FALSE,TRUE,TRUE,0,0,NA,NA
GD567,NA,NA,NA,NA,NA,NA,NA,NA,NA,NA,NA,NA,NA,NA,NA,0,NA,NA,NA,NA,Nebraska Medical,USA,32,0,0,NA,NA,0,NA,0,NA,0,S,FALSE,TRUE,Muddy,1,TRUE,TRUE,FALSE,0,0,NA,NA
GD568,NA,NA,NA,NA,NA,NA,NA,NA,NA,NA,NA,NA,NA,NA,NA,0,NA,NA,NA,NA,Northern Ireland Public Health Laboratory,NA,32,0,0,NA,NA,0,NA,0,NA,0,Mixed,FALSE,NA,NA,NA,NA,NA,FALSE,0,0,NA,NA
GD568A,NA,NA,NA,NA,NA,NA,NA,NA,NA,NA,NA,NA,NA,NA,NA,0,NA,NA,NA,NA,Northern Ireland Public Health Laboratory,NA,NA,NA,NA,NA,NA,0,NA,NA,NA,NA,NA,NA,FALSE,NA,0,NA,NA,NA,0,0,NA,NA
GD568A-1,NA,NA,NA,NA,NA,NA,NA,NA,NA,NA,NA,NA,NA,NA,NA,0,NA,NA,NA,NA,Northern Ireland Public Health Laboratory,NA,32,0,0,NA,NA,0,NA,0,NA,0,R,FALSE,NA,NA,NA,NA,NA,FALSE,0,0,NA,NA
GD568A-2,NA,NA,NA,NA,NA,NA,NA,NA,NA,NA,NA,NA,NA,NA,NA,0,NA,NA,NA,NA,Northern Ireland Public Health Laboratory,NA,32,0,0,NA,NA,0,NA,0,NA,0,S,FALSE,NA,NA,NA,NA,NA,FALSE,0,0,NA,NA
GD568B,NA,NA,NA,NA,NA,NA,NA,NA,NA,NA,NA,NA,NA,NA,NA,0,NA,NA,NA,NA,Northern Ireland Public Health Laboratory,NA,11,0,0,NA,NA,0,NA,0,NA,0,S,FALSE,FALSE,NA,0,FALSE,FALSE,FALSE,0,0,NA,NA
GD568C,NA,NA,NA,NA,NA,NA,NA,NA,NA,NA,NA,NA,NA,NA,NA,0,NA,NA,NA,NA,Northern Ireland Public Health Laboratory,NA,NA,NA,NA,NA,NA,0,NA,NA,NA,NA,NA,NA,FALSE,NA,0,FALSE,FALSE,NA,0,0,NA,NA
GD569,NA,NA,NA,NA,NA,NA,NA,NA,NA,NA,NA,NA,NA,NA,NA,0,NA,NA,NA,NA,National Jewish Health,NA,12,0,0,NA,NA,0,NA,0,NA,0,S,FALSE,FALSE,NA,0,FALSE,FALSE,FALSE,0,0,NA,NA
GD56A,TRUE,5093512,0,2,2,prophiGD56A_2-1|prophiGD56A_6-1,41302|31079,7709-48464|7284-37867,12,5,RM_I|RM_II|RM_III|RM_IIG,AbiAlpha|Armada|CBASS|Dag|RM_Type_I|RM_Type_II|RM_Type_IIG|RM_Type_III|RloC|RosmerTA|Wadjet,AbiAlpha|Armada_Type_II|CBASS_II_Phospholipase|Dag|N6_N4_RM_Type_III|N6_RM_Type_I|N6_RM_Type_IIG|N6_RM_Type_II_PDDEXK|RloC|RosmerTA|Wadjet_I,18,4,4,30,NA,M. abscessus,abscessus,"Kaiser Permanente, San Jose",USA,39,0,0,DCC4,HC|HH,2,NA,0,NA,0,R,FALSE,NA,NA,NA,NA,NA,FALSE,4,5,CBASS|RM_Type_I|RM_Type_II|RM_Type_III|RloC,spot_3|spot_34|spot_9
GD56B,NA,NA,NA,NA,NA,NA,NA,NA,NA,NA,NA,NA,NA,NA,NA,0,NA,NA,NA,NA,"Kaiser Permanente, San Jose",USA,NA,NA,NA,NA,NA,0,NA,0,NA,0,S,FALSE,NA,NA,NA,NA,NA,FALSE,0,0,NA,NA
GD57,TRUE,5120346,0,2,2,prophiGD57-1|prophiGD57-2,60012|52591,1754019-1813582|4001916-4054359,6,0,NA,AbiAlpha|Aristaios|CBASS|Dnd|Hna|Wadjet,AbiAlpha|Aristaios|CBASS_II_Phospholipase|Dnd_ABCDE|Hna|Wadjet_I,11,0,0,17,NA,M. abscessus,abscessus,"Barcelona, Spain",NA,36,2,0.0556,DCC1,HA|HC,2,BPsdel33HTH_HRM10|BPsdel33HTH_HRM-GD03,2,Itos|D29_HRM_GD40|Faith1,3,R,FALSE,TRUE,BPs|Itos|D29,3,TRUE,TRUE,TRUE,3,3,AbiAlpha|Aristaios|CBASS,spot_3|spot_32|spot_49
GD570,NA,NA,NA,NA,NA,NA,NA,NA,NA,NA,NA,NA,NA,NA,NA,0,NA,NA,NA,NA,NYU Langone Medical Center,USA,32,0,0,NA,NA,0,NA,0,BPsdel33HTH_HRM10|BPsdel33HTH_HRM-GD03|phKSW1|phMGD4|BPsHRM10_pMC09|phi-T45,6,R,FALSE,TRUE,BPs,1,TRUE,TRUE,TRUE,0,0,NA,NA
GD571A,NA,NA,NA,NA,NA,NA,NA,NA,NA,NA,NA,NA,NA,NA,NA,0,NA,NA,NA,NA,The Children’s Hospital at Westmead,Australia,32,0,0,NA,NA,0,NA,0,NA,0,S,FALSE,FALSE,NA,0,FALSE,FALSE,FALSE,0,0,NA,NA
GD571B,NA,NA,NA,NA,NA,NA,NA,NA,NA,NA,NA,NA,NA,NA,NA,0,NA,NA,NA,NA,The Children’s Hospital at Westmead,Australia,32,0,0,NA,NA,0,NA,0,NA,0,S,FALSE,FALSE,NA,0,FALSE,FALSE,FALSE,0,0,NA,NA
GD572,NA,NA,NA,NA,NA,NA,NA,NA,NA,NA,NA,NA,NA,NA,NA,0,NA,NA,NA,NA,"Providence Sacred Heart Medical Center, WA",USA,32,0,0,NA,NA,0,NA,0,NA,0,R,FALSE,FALSE,NA,0,FALSE,FALSE,FALSE,0,0,NA,NA
GD573,NA,NA,NA,NA,NA,NA,NA,NA,NA,NA,NA,NA,NA,NA,NA,0,NA,NA,NA,NA,"Johns Hopkins, MD",USA,31,0,0,NA,NA,0,NA,0,NA,0,S,FALSE,FALSE,NA,0,FALSE,FALSE,FALSE,0,0,NA,NA
GD574,NA,NA,NA,NA,NA,NA,NA,NA,NA,NA,NA,NA,NA,NA,NA,0,NA,NA,NA,NA,"Johns Hopkins, MD",USA,32,0,0,NA,NA,0,NA,0,NA,0,S,FALSE,FALSE,NA,0,FALSE,FALSE,FALSE,0,0,NA,NA
GD575,TRUE,5623180,1,0,0,NA,NA,NA,7,0,RM_IV,AbiD|Aristaios|Ceres|DS-29|Esos|SoFIC|SspBCDE,AbiD|Aristaios|Ceres|DS-29|Esos|SoFic|SspBCDE,12,1,1,19,NA,M. chimaera,NA,NYU Langone Medical Center,USA,12,0,0,NA,NA,0,NA,0,CrimD del del,1,S,FALSE,FALSE,NA,0,FALSE,FALSE,TRUE,0,0,NA,NA
GD576,NA,NA,NA,NA,NA,NA,NA,NA,NA,NA,NA,NA,NA,NA,NA,0,NA,NA,NA,NA,NYU Langone Medical Center,USA,12,0,0,NA,NA,0,NA,0,NA,0,S,FALSE,FALSE,NA,0,FALSE,FALSE,FALSE,0,0,NA,NA
GD577,NA,NA,NA,NA,NA,NA,NA,NA,NA,NA,NA,NA,NA,NA,NA,0,NA,NA,NA,NA,UC San Diego Health,USA,32,0,0,NA,NA,0,NA,0,Muddy_HRM-N0052|phMEW1,2,R,FALSE,FALSE,NA,0,FALSE,FALSE,TRUE,0,0,NA,NA
GD578,NA,NA,NA,NA,NA,NA,NA,NA,NA,NA,NA,NA,NA,NA,NA,0,NA,NA,NA,NA,UPMC Pittsburgh,NA,18,4,0.2222,NA,NA,0,Muddy|Muddy_HRM-GD04|Muddy_HRM-N0052|phMEW1,4,NA,0,R,FALSE,TRUE,Muddy,1,TRUE,TRUE,FALSE,0,0,NA,NA
GD579,NA,NA,NA,NA,NA,NA,NA,NA,NA,NA,NA,NA,NA,NA,NA,0,NA,NA,NA,NA,"BC Center for Disease Control, Vancuver, Canada",NA,30,2,0.0667,NA,NA,0,D29_HRM_GD40|Isca_cpm1,2,BPsdel33HTH_HRM-GD03|BPsHRM10_pMC09|Itos|phi-T45,4,R,FALSE,TRUE,BPs|Isca|phAK2,3,TRUE,TRUE,TRUE,0,0,NA,NA
GD58,TRUE,5044257,1,2,2,prophiGD58_11-1|prophiGD58_3-1,56085|62416,101103-156813|385096-447150,9,3,RM_I|RM_IIG,AbiAlpha|CBASS|Lamassu-Fam|Other_Type_IV|RM_Type_I|RM_Type_IIG|Wadjet,AbiAlpha|CBASS_II_Phospholipase|CBASS_I_TM|Lamassu_Cap4|N6_RM_Type_I|N6_RM_Type_IIG|Other_Type_IV|Wadjet_I,15,1,3,24,NA,M. abscessus,massiliense,The University of North Carolina at Chapel Hill,NA,36,0,0,DCC7,HG|HA,2,NA,0,NA,0,S,FALSE,FALSE,NA,0,FALSE,TRUE,FALSE,2,2,Lamassu-Fam|RM_Type_IIG,spot_44
GD580,NA,NA,NA,NA,NA,NA,NA,NA,NA,NA,NA,NA,NA,NA,NA,0,NA,NA,NA,NA,The Children’s Hospital at Westmead,Australia,30,0,0,NA,NA,0,NA,0,NA,0,R,FALSE,FALSE,NA,0,FALSE,TRUE,FALSE,0,0,NA,NA
GD581A,TRUE,4970263,0,0,0,NA,NA,NA,5,0,NA,AbiAlpha|Aristaios|Dnd|Hna|Wadjet,AbiAlpha|Aristaios|Dnd_ABCDE|Hna|Wadjet_I,10,0,0,15,NA,M. abscessus,abscessus,The Children’s Hospital at Westmead,Australia,30,1,0.0333,DCC1,NA,0,phi-T45,1,BPsdel33HTH_HRM10|BPsdel33HTH_HRM-GD03|phKSW1|phMGD4|BPsHRM10_pMC09|Itos|D29_HRM_GD40|phAK2|phAK20,9,S,FALSE,NA,NA,NA,NA,NA,TRUE,4,4,AbiAlpha|Aristaios|Dnd|Wadjet,spot_49
GD581B,NA,NA,NA,NA,NA,NA,NA,NA,NA,NA,NA,NA,NA,NA,NA,0,NA,NA,NA,NA,The Children’s Hospital at Westmead,Australia,30,0,0,NA,NA,0,NA,0,NA,0,S,FALSE,NA,NA,NA,NA,NA,FALSE,0,0,NA,NA
GD581C,NA,NA,NA,NA,NA,NA,NA,NA,NA,NA,NA,NA,NA,NA,NA,0,NA,NA,NA,NA,The Children’s Hospital at Westmead,Australia,30,0,0,NA,NA,0,NA,0,BPsdel33HTH_HRM-GD03|phAK2|phAK20|phi-T45,4,R,FALSE,NA,NA,NA,NA,NA,TRUE,0,0,NA,NA
GD582,NA,NA,NA,NA,NA,NA,NA,NA,NA,NA,NA,NA,NA,NA,NA,0,NA,NA,NA,NA,National Jewish Health,NA,29,4,0.1379,NA,NA,0,Muddy|Muddy_HRM-GD04|Muddy_HRM-N0052|phMEW1,4,BPsdel33HTH_HRM10|BPsdel33HTH_HRM-GD03|phKSW1|phMGD4|BPsHRM10_pMC09,5,R,FALSE,TRUE,BPs|Muddy,2,TRUE,TRUE,TRUE,0,0,NA,NA
GD583,NA,NA,NA,NA,NA,NA,NA,NA,NA,NA,NA,NA,NA,NA,NA,0,NA,NA,NA,NA,NYU Langone Medical Center,USA,12,0,0,NA,NA,0,NA,0,NA,0,S,FALSE,FALSE,NA,0,FALSE,FALSE,FALSE,0,0,NA,NA
GD584,TRUE,5438553,0,2,2,prophiGD584_4-1|prophiGD584_7-1,51884|39583,63386-115122|77921-116762,6,0,NA,AbiAlpha|CBASS|Cas|Dag|RosmerTA|Wadjet,AbiAlpha|CAS_Class1-Subtype-I-E|CBASS_II_Phospholipase|Dag|RosmerTA|Wadjet_I,13,0,0,19,NA,M. abscessus,abscessus,Oregon Health and Science University,USA,29,1,0.0345,DCC4,HC|HB,2,BPsdel33HTH_HRM-GD03,1,BPsdel33HTH_HRM10|phKSW1|phMGD4|BPsHRM10_pMC09|CrimD del del|phSY1|phML2|Itos,8,R,FALSE,TRUE,BPs|CrimD|Adephagia,3,TRUE,TRUE,TRUE,4,4,AbiAlpha|CBASS|RosmerTA|Wadjet,NA
GD585A,NA,NA,NA,NA,NA,NA,NA,NA,NA,NA,NA,NA,NA,NA,NA,0,NA,NA,NA,NA,"Rīga Stradiņš University,k Latvia",Latvia,29,0,0,NA,NA,0,NA,0,NA,0,S,FALSE,NA,NA,NA,NA,NA,FALSE,0,0,NA,NA
GD585B,NA,NA,NA,NA,NA,NA,NA,NA,NA,NA,NA,NA,NA,NA,NA,0,NA,NA,NA,NA,"Rīga Stradiņš University,k Latvia",Latvia,18,0,0,NA,NA,0,NA,0,NA,0,S,FALSE,NA,NA,NA,NA,NA,FALSE,0,0,NA,NA
GD586,NA,NA,NA,NA,NA,NA,NA,NA,NA,NA,NA,NA,NA,NA,NA,0,NA,NA,NA,NA,University of Chicago,NA,29,0,0,NA,NA,0,NA,0,CrimD del del,1,S,FALSE,FALSE,NA,0,FALSE,TRUE,TRUE,0,0,NA,NA
GD587,NA,NA,NA,NA,NA,NA,NA,NA,NA,NA,NA,NA,NA,NA,NA,0,NA,NA,NA,NA,"Virginia Mason Medical Center, WA",USA,12,0,0,NA,NA,0,NA,0,NA,0,S,FALSE,FALSE,NA,0,FALSE,FALSE,FALSE,0,0,NA,NA
GD588,NA,NA,NA,NA,NA,NA,NA,NA,NA,NA,NA,NA,NA,NA,NA,0,NA,NA,NA,NA,"Dalhousie University, Nova Scotia, Canada",NA,11,0,0,NA,NA,0,NA,0,phML1|CrimD del del,2,R,FALSE,FALSE,NA,0,FALSE,TRUE,TRUE,0,0,NA,NA
GD589,NA,NA,NA,NA,NA,NA,NA,NA,NA,NA,NA,NA,NA,NA,NA,0,NA,NA,NA,NA,University of Nebraska Medical Center,USA,11,0,0,NA,NA,0,NA,0,phML1,1,R,FALSE,FALSE,NA,0,FALSE,TRUE,TRUE,0,0,NA,NA
GD59,TRUE,5073623,0,1,1,prophiGD59-1,70587,1737021-1807155,7,0,NA,AbiAlpha|Aristaios|CBASS|Dnd|Hna|SEFIR|Wadjet,AbiAlpha|Aristaios|CBASS_II_Phospholipase|Dnd_ABCDE|Hna|SEFIR|Wadjet_I,12,0,0,19,NA,M. abscessus,abscessus,The University of North Carolina at Chapel Hill,NA,36,5,0.1389,DCC1,HA,1,BPsdel33HTH_HRM10|BPsdel33HTH_HRM-GD03|Itos|D29_HRM_GD40|Faith1,5,NA,0,R,FALSE,TRUE,BPs,1,TRUE,TRUE,FALSE,3,3,AbiAlpha|Aristaios|CBASS,spot_3|spot_32|spot_49
GD590,NA,NA,NA,NA,NA,NA,NA,NA,NA,NA,NA,NA,NA,NA,NA,0,NA,NA,NA,NA,University of Nebraska Medical Center,USA,29,0,0,NA,NA,0,NA,0,Muddy|Muddy_HRM-GD04|Muddy_HRM-N0052,3,S,FALSE,FALSE,NA,0,FALSE,FALSE,TRUE,0,0,NA,NA
GD591,NA,NA,NA,NA,NA,NA,NA,NA,NA,NA,NA,NA,NA,NA,NA,0,NA,NA,NA,NA,Medical University of SC,NA,30,0,0,NA,NA,0,NA,0,NA,0,No Morphology,FALSE,FALSE,NA,0,FALSE,FALSE,FALSE,0,0,NA,NA
GD592,NA,NA,NA,NA,NA,NA,NA,NA,NA,NA,NA,NA,NA,NA,NA,0,NA,NA,NA,NA,NYU Langone Medical Center,USA,18,3,0.1667,NA,NA,0,Muddy|Muddy_HRM-GD04|Muddy_HRM-N0052,3,phMEW1|phMGD1,2,No Morphology,FALSE,FALSE,NA,0,FALSE,TRUE,TRUE,0,0,NA,NA
GD593,NA,NA,NA,NA,NA,NA,NA,NA,NA,NA,NA,NA,NA,NA,NA,0,NA,NA,NA,NA,Northern Ireland Public Health Laboratory,NA,29,0,0,NA,NA,0,NA,0,NA,0,No Morphology,FALSE,FALSE,NA,0,FALSE,FALSE,FALSE,0,0,NA,NA
GD594,TRUE,4809389,0,1,1,prophiGD594_5-1,54821,162304-216749,8,1,RM_II,CBASS|Charlie_gp32|DpnI|McrBC|Other_Type_IV|RM_Type_II|RosmerTA|Wadjet,CBASS_II_Phospholipase|Charlie_gp32|DpnI|McrBC|N6_N4_RM_Type_II_HATPase|Other_Type_IV|RosmerTA|Wadjet_I,10,0,1,18,NA,M. abscessus,massiliense,"Hospital for Special Surgery, New York City, NY",NA,29,0,0,Non-DCC,HG,1,NA,0,BPsdel33HTH_HRM10|BPsdel33HTH_HRM-GD03|phKSW1|phMGD4|BPsHRM10_pMC09|Muddy|Isca_cpm1,7,No Morphology,FALSE,TRUE,BPs|Muddy,2,TRUE,TRUE,TRUE,1,1,Other_Type_IV,NA
GD595,NA,NA,NA,NA,NA,NA,NA,NA,NA,NA,NA,NA,NA,NA,NA,0,NA,NA,NA,NA,"Hadassah Medical Center, Jerusalem, Israel",NA,29,0,0,NA,NA,0,NA,0,Muddy,1,No Morphology,FALSE,FALSE,NA,0,FALSE,TRUE,TRUE,0,0,NA,NA
GD596A,NA,NA,NA,NA,NA,NA,NA,NA,NA,NA,NA,NA,NA,NA,NA,0,NA,NA,NA,NA,The Children’s Hospital at Westmead,Australia,29,0,0,NA,NA,0,NA,0,NA,0,R,FALSE,FALSE,NA,0,FALSE,FALSE,FALSE,0,0,NA,NA
GD596B,NA,NA,NA,NA,NA,NA,NA,NA,NA,NA,NA,NA,NA,NA,NA,0,NA,NA,NA,NA,The Children’s Hospital at Westmead,Australia,29,0,0,NA,NA,0,NA,0,NA,0,S,FALSE,FALSE,NA,0,FALSE,FALSE,FALSE,0,0,NA,NA
GD597,NA,NA,NA,NA,NA,NA,NA,NA,NA,NA,NA,NA,NA,NA,NA,0,NA,NA,NA,NA,"Baylor Scott and White Health, Temple, Texas",NA,29,0,0,NA,NA,0,NA,0,NA,0,S,FALSE,FALSE,NA,0,FALSE,FALSE,FALSE,0,0,NA,NA
GD598,NA,NA,NA,NA,NA,NA,NA,NA,NA,NA,NA,NA,NA,NA,NA,0,NA,NA,NA,NA,National Jewish Health,NA,29,0,0,NA,NA,0,NA,0,BPsdel33HTH_HRM10|BPsdel33HTH_HRM-GD03|phKSW1|phMGD4|BPsHRM10_pMC09,5,R,FALSE,TRUE,Muddy,1,TRUE,TRUE,TRUE,0,0,NA,NA
GD599,NA,NA,NA,NA,NA,NA,NA,NA,NA,NA,NA,NA,NA,NA,NA,0,NA,NA,NA,NA,"Mayo Clinic of Rochester, Minnesota",USA,21,8,0.381,NA,NA,0,phML1|Fionnbharthdel45del47|phMGD1|CrimD del del|phSY1|Itos|D29_HRM_GD40|Isca_cpm1,8,phML2,1,R,FALSE,FALSE,NA,0,FALSE,TRUE,TRUE,0,0,NA,NA
GD60,TRUE,5208137,0,1,1,prophiGD60_8-1,54065,381-53870,6,3,RM_I|RM_II|RM_IIG,AbiAlpha|Other_Type_IV|RM_Type_I|RM_Type_II|RM_Type_IIG|Wadjet,AbiAlpha|DNA_met_RM_Type_II_PDDEXK|N6_RM_Type_I|N6_RM_Type_IIG|Other_Type_IV|Wadjet_I,9,2,3,15,NA,M. abscessus,massiliense,UC San Diego Health,USA,35,0,0,DCC6,AD,1,NA,0,D29_HRM_GD40,1,R,FALSE,FALSE,NA,0,FALSE,FALSE,TRUE,3,3,Other_Type_IV|RM_Type_II|RM_Type_IIG,spot_77
GD600,NA,NA,NA,NA,NA,NA,NA,NA,NA,NA,NA,NA,NA,NA,NA,0,NA,NA,NA,NA,NYU Langone Medical Center,USA,9,0,0,NA,NA,0,NA,0,NA,0,S,FALSE,FALSE,NA,0,FALSE,FALSE,FALSE,0,0,NA,NA
GD601A,NA,NA,NA,NA,NA,NA,NA,NA,NA,NA,NA,NA,NA,NA,NA,0,NA,NA,NA,NA,"National Heart Lung and Blood Institute, NIH, Bethesda, MD",NA,29,0,0,NA,NA,0,NA,0,NA,0,R,FALSE,FALSE,NA,0,FALSE,FALSE,FALSE,0,0,NA,NA
GD601B,NA,NA,NA,NA,NA,NA,NA,NA,NA,NA,NA,NA,NA,NA,NA,0,NA,NA,NA,NA,"National Heart Lung and Blood Institute, NIH, Bethesda, MD",NA,29,0,0,NA,NA,0,NA,0,NA,0,S,FALSE,FALSE,NA,0,FALSE,FALSE,FALSE,0,0,NA,NA
GD602,NA,NA,NA,NA,NA,NA,NA,NA,NA,NA,NA,NA,NA,NA,NA,0,NA,NA,NA,NA,"University of San Francisco, Fresno, CA",USA,12,0,0,NA,NA,0,NA,0,NA,0,S,FALSE,FALSE,NA,0,FALSE,TRUE,FALSE,0,0,NA,NA
GD603A,NA,NA,NA,NA,NA,NA,NA,NA,NA,NA,NA,NA,NA,NA,NA,0,NA,NA,NA,NA,"Singapore General Hospital, Siingapore",Singapore,29,0,0,NA,NA,0,NA,0,NA,0,S,FALSE,NA,NA,NA,NA,NA,FALSE,0,0,NA,NA
GD603B,NA,NA,NA,NA,NA,NA,NA,NA,NA,NA,NA,NA,NA,NA,NA,0,NA,NA,NA,NA,"Singapore General Hospital, Siingapore",Singapore,29,3,0.1034,NA,NA,0,phML1|CrimD del del|phSY1,3,phAK20|phTGR11,2,R,FALSE,NA,NA,NA,NA,NA,TRUE,0,0,NA,NA
GD603C,NA,NA,NA,NA,NA,NA,NA,NA,NA,NA,NA,NA,NA,NA,NA,0,NA,NA,NA,NA,"Singapore General Hospital, Siingapore",Singapore,29,2,0.069,NA,NA,0,phML1|CrimD del del,2,BPsdel33HTH_HRM-GD03|BPsHRM10_pMC09|phSY1|Itos|phAK20|phi-T45|phTGR11,7,R,FALSE,NA,NA,NA,NA,NA,TRUE,0,0,NA,NA
GD604,NA,NA,NA,NA,NA,NA,NA,NA,NA,NA,NA,NA,NA,NA,NA,0,NA,NA,NA,NA,Virginia Commonwealth University,USA,29,0,0,NA,NA,0,NA,0,NA,0,S,FALSE,FALSE,NA,0,FALSE,FALSE,FALSE,0,0,NA,NA
GD605A,NA,NA,NA,NA,NA,NA,NA,NA,NA,NA,NA,NA,NA,NA,NA,0,NA,NA,NA,NA,Taiwan,Taiwan,NA,NA,NA,NA,NA,0,NA,0,NA,0,R,FALSE,NA,NA,NA,NA,NA,FALSE,0,0,NA,NA
GD605B,NA,NA,NA,NA,NA,NA,NA,NA,NA,NA,NA,NA,NA,NA,NA,0,NA,NA,NA,NA,Taiwan,Taiwan,NA,NA,NA,NA,NA,0,NA,0,NA,0,R,FALSE,NA,NA,NA,NA,NA,FALSE,0,0,NA,NA
GD605C,NA,NA,NA,NA,NA,NA,NA,NA,NA,NA,NA,NA,NA,NA,NA,0,NA,NA,NA,NA,Taiwan,Taiwan,NA,NA,NA,NA,NA,0,NA,0,NA,0,R,FALSE,NA,NA,NA,NA,NA,FALSE,0,0,NA,NA
GD605D,NA,NA,NA,NA,NA,NA,NA,NA,NA,NA,NA,NA,NA,NA,NA,0,NA,NA,NA,NA,Taiwan,Taiwan,NA,NA,NA,NA,NA,0,NA,0,NA,0,R,FALSE,NA,NA,NA,NA,NA,FALSE,0,0,NA,NA
GD605E,NA,NA,NA,NA,NA,NA,NA,NA,NA,NA,NA,NA,NA,NA,NA,0,NA,NA,NA,NA,Taiwan,Taiwan,NA,NA,NA,NA,NA,0,NA,0,NA,0,R,FALSE,NA,NA,NA,NA,NA,FALSE,0,0,NA,NA
GD605F,NA,NA,NA,NA,NA,NA,NA,NA,NA,NA,NA,NA,NA,NA,NA,0,NA,NA,NA,NA,Taiwan,Taiwan,NA,NA,NA,NA,NA,0,NA,0,NA,0,R,FALSE,NA,NA,NA,NA,NA,FALSE,0,0,NA,NA
GD606A,NA,NA,NA,NA,NA,NA,NA,NA,NA,NA,NA,NA,NA,NA,NA,0,NA,NA,NA,NA,The Children’s Hospital at Westmead,Australia,31,0,0,NA,NA,0,NA,0,NA,0,S,FALSE,NA,NA,NA,NA,NA,FALSE,0,0,NA,NA
GD606B,NA,NA,NA,NA,NA,NA,NA,NA,NA,NA,NA,NA,NA,NA,NA,0,NA,NA,NA,NA,The Children’s Hospital at Westmead,Australia,31,0,0,NA,NA,0,NA,0,NA,0,S,FALSE,NA,NA,NA,NA,NA,FALSE,0,0,NA,NA
GD607,TRUE,5018304,0,0,0,NA,NA,NA,5,0,NA,AbiAlpha|Aristaios|Dnd|Hna|Wadjet,AbiAlpha|Aristaios|Dnd_ABCDE|Hna|Wadjet_I,10,0,0,15,NA,M. abscessus,abscessus,The Children’s Hospital at Westmead,Australia,31,0,0,DCC1,NA,0,NA,0,NA,0,S,FALSE,FALSE,NA,0,FALSE,FALSE,FALSE,0,0,NA,NA
GD608,NA,NA,NA,NA,NA,NA,NA,NA,NA,NA,NA,NA,NA,NA,NA,0,NA,NA,NA,NA,"Boston Childrens Hospital, Boston MA",NA,NA,NA,NA,NA,NA,0,NA,0,NA,0,No Morphology,FALSE,FALSE,NA,0,FALSE,TRUE,FALSE,0,0,NA,NA
GD61,TRUE,5093561,0,2,2,prophiGD61_3-1|prophiGD61_6-1,41302|31079,7709-48464|7284-37867,12,5,RM_I|RM_II|RM_III|RM_IIG,AbiAlpha|Armada|CBASS|Dag|RM_Type_I|RM_Type_II|RM_Type_IIG|RM_Type_III|RloC|RosmerTA|Wadjet,AbiAlpha|Armada_Type_II|CBASS_II_Phospholipase|Dag|N6_N4_RM_Type_III|N6_RM_Type_I|N6_RM_Type_IIG|N6_RM_Type_II_PDDEXK|RloC|RosmerTA|Wadjet_I,18,4,4,30,NA,M. abscessus,abscessus,"Kaiser Permanente, San Jose",USA,39,0,0,DCC4,HC|HH,2,NA,0,NA,0,S,FALSE,FALSE,NA,0,FALSE,FALSE,FALSE,4,4,Dag|RM_Type_I|RM_Type_II|Wadjet,spot_88|spot_9
GD62,TRUE,5327060,2,3,3,prophiGD62_1-1|prophiGD62_13-1|prophiGD62_2-1,42651|54310|39193,498484-540992|66767-120222|69173-107583,12,3,RM_II|RM_IIG,AbiAlpha|Armada|BREX|Cas|DRT|PD-T7-2|RM_Type_II|RM_Type_IIG|RloC|VP1853|Wadjet,AbiAlpha|Armada_Type_II|BREX_I|CAS_Class1-Subtype-IV-B|DNA_met_RM_Type_II_PDDEXK|DRT9|N6_RM_Type_IIG|PD-T7-2|RloC|VP1853|Wadjet_I,18,2,2,30,NA,M. abscessus,abscessus,"Our Lady of the Lake Children's Hospital, Baton Rouge, LA",USA,38,0,0,Non-DCC,HN|HF|HB,3,NA,0,Itos,1,R,FALSE,FALSE,NA,0,FALSE,TRUE,TRUE,6,9,Armada|BREX|Cas|PD-T7-2|RM_Type_II|RM_Type_IIG|VP1853,spot_0|spot_26|spot_53|spot_88
GD63,TRUE,4742497,0,0,0,NA,NA,NA,3,0,NA,AbiAlpha|SspBCDE|Wadjet,AbiAlpha|SspBCDE|Wadjet_I,9,0,0,12,NA,M. abscessus,abscessus,"Le Bonheur Children's Hospital, TN",USA,38,2,0.0526,DCC4,NA,0,Muddy|Muddy_HRM-GD04,2,NA,0,S,FALSE,FALSE,NA,0,FALSE,TRUE,FALSE,0,0,NA,NA
GD64A,TRUE,4863913,0,0,0,NA,NA,NA,6,1,RM_III,AbiAlpha|CBASS|RM_Type_III|RloC|RosmerTA|Wadjet,AbiAlpha|CBASS_II_Phospholipase|N6_N4_RM_Type_III|RloC|RosmerTA|Wadjet_I,12,1,1,18,NA,M. abscessus,abscessus,"Royal Papworth Hospital, Cambridge UK",NA,27,5,0.1852,DCC4,NA,0,Muddy|Muddy_HRM-GD04|CrimD del del|Faith1|CrimD,5,NA,0,S,FALSE,NA,NA,NA,NA,NA,FALSE,4,5,CBASS|RM_Type_III|RloC|RosmerTA|Wadjet,spot_3|spot_66
GD64B,TRUE,4863405,0,0,0,NA,NA,NA,6,1,RM_III,AbiAlpha|CBASS|RM_Type_III|RloC|RosmerTA|Wadjet,AbiAlpha|CBASS_II_Phospholipase|N6_N4_RM_Type_III|RloC|RosmerTA|Wadjet_I,12,1,1,18,NA,M. abscessus,abscessus,"Royal Papworth Hospital, Cambridge UK",NA,27,5,0.1852,DCC4,NA,0,Muddy|Muddy_HRM-GD04|CrimD del del|Faith1|CrimD,5,NA,0,S,FALSE,NA,NA,NA,NA,NA,FALSE,2,2,RM_Type_III|RosmerTA,spot_34|spot_66
GD65,TRUE,4863867,0,0,0,NA,NA,NA,6,1,RM_III,AbiAlpha|CBASS|RM_Type_III|RloC|RosmerTA|Wadjet,AbiAlpha|CBASS_II_Phospholipase|N6_N4_RM_Type_III|RloC|RosmerTA|Wadjet_I,12,1,1,18,NA,M. abscessus,abscessus,"Royal Papworth Hospital, Cambridge UK",NA,23,5,0.2174,DCC4,NA,0,Muddy|Muddy_HRM-GD04|CrimD del del|Faith1|CrimD,5,NA,0,S,FALSE,FALSE,NA,0,FALSE,TRUE,FALSE,1,1,CBASS,spot_3
GD66,TRUE,4904145,0,1,1,prophiGD66_8-1,45705,14909-60521,6,1,RM_III,AbiAlpha|CBASS|RM_Type_III|RloC|RosmerTA|Wadjet,AbiAlpha|CBASS_II_Phospholipase|N6_N4_RM_Type_III|RloC|RosmerTA|Wadjet_I,12,1,1,18,NA,M. abscessus,abscessus,"Royal Papworth Hospital, Cambridge UK",NA,23,5,0.2174,DCC4,HO,1,Muddy|Muddy_HRM-GD04|CrimD del del|Faith1|CrimD,5,NA,0,S,FALSE,FALSE,NA,0,FALSE,TRUE,FALSE,2,2,CBASS|RosmerTA,spot_3
GD67A,TRUE,4864135,0,0,0,NA,NA,NA,6,1,RM_III,AbiAlpha|CBASS|RM_Type_III|RloC|RosmerTA|Wadjet,AbiAlpha|CBASS_II_Phospholipase|N6_N4_RM_Type_III|RloC|RosmerTA|Wadjet_I,12,1,1,18,NA,M. abscessus,abscessus,"Royal Papworth Hospital, Cambridge UK",NA,23,5,0.2174,DCC4,NA,0,Muddy|Muddy_HRM-GD04|CrimD del del|Faith1|CrimD,5,NA,0,S,FALSE,NA,NA,NA,NA,NA,FALSE,3,3,AbiAlpha|CBASS|Wadjet,spot_3
GD67B,NA,NA,NA,NA,NA,NA,NA,NA,NA,NA,NA,NA,NA,NA,NA,0,NA,NA,NA,NA,"Royal Papworth Hospital, Cambridge UK",NA,23,5,0.2174,NA,NA,0,Muddy|Muddy_HRM-GD04|CrimD del del|Faith1|CrimD,5,NA,0,S,FALSE,NA,NA,NA,NA,NA,FALSE,0,0,NA,NA
GD67C,NA,NA,NA,NA,NA,NA,NA,NA,NA,NA,NA,NA,NA,NA,NA,0,NA,NA,NA,NA,"Royal Papworth Hospital, Cambridge UK",NA,23,5,0.2174,NA,NA,0,Muddy|Muddy_HRM-GD04|CrimD del del|Faith1|CrimD,5,NA,0,S,FALSE,NA,NA,NA,NA,NA,FALSE,0,0,NA,NA
GD68A,TRUE,5119772,0,1,1,prophiGD68A-1,60432,1673634-1733678,5,1,RM_I,AbiAlpha|Butters_gp57r|RM_Type_I|Wadjet,AbiAlpha|Butters_gp57r|N6_RM_Type_I|Wadjet_I,8,0,1,13,NA,M. abscessus,massiliense,"Long Beach Memorial Medical Center, Long Beach, CA",USA,23,2,0.087,DCC3,HE,1,Muddy|Muddy_HRM-GD04,2,NA,0,R,FALSE,TRUE,Muddy,1,TRUE,TRUE,FALSE,1,1,Butters_gp57r,spot_46
GD68B,TRUE,5119711,0,1,1,prophiGD68B-1,60432,1673637-1733681,5,1,RM_I,AbiAlpha|Butters_gp57r|RM_Type_I|Wadjet,AbiAlpha|Butters_gp57r|N6_RM_Type_I|Wadjet_I,8,0,1,13,NA,M. abscessus,massiliense,"Long Beach Memorial Medical Center, Long Beach, CA",USA,23,0,0,DCC3,HE,1,NA,0,NA,0,S,FALSE,FALSE,NA,0,FALSE,FALSE,FALSE,1,1,Butters_gp57r,spot_46
GD69A,TRUE,5166737,2,1,1,prophiGD69A-1,42651,4126707-4169215,13,4,RM_IIG,AbiAlpha|Armada|BREX|DRT|Dag|PD-T7-2|RM_Type_IIG|RloC|VP1853|Wadjet,AbiAlpha|Armada_Type_II|BREX_I|DRT9|Dag|N6_RM_Type_IIG|PD-T7-2|RloC|VP1853|Wadjet_I,21,3,3,34,NA,M. abscessus,abscessus,"Long Beach Memorial Medical Center, Long Beach, CA",USA,17,1,0.0588,Non-DCC,HN,1,Faith1GD69,1,NA,0,R,FALSE,FALSE,NA,0,FALSE,TRUE,FALSE,3,3,AbiAlpha|Dag|PD-T7-2,spot_0|spot_26|spot_32
GD69B,TRUE,5166738,2,1,1,prophiGD69B-1,42651,4126708-4169216,13,4,RM_IIG,AbiAlpha|Armada|BREX|DRT|Dag|PD-T7-2|RM_Type_IIG|RloC|VP1853|Wadjet,AbiAlpha|Armada_Type_II|BREX_I|DRT9|Dag|N6_RM_Type_IIG|PD-T7-2|RloC|VP1853|Wadjet_I,21,3,3,34,NA,M. abscessus,abscessus,"Long Beach Memorial Medical Center, Long Beach, CA",USA,27,0,0,Non-DCC,HN,1,NA,0,NA,0,S,FALSE,FALSE,NA,0,FALSE,FALSE,FALSE,3,3,AbiAlpha|Dag|PD-T7-2,spot_0|spot_26|spot_32
GD70,TRUE,5368577,0,0,0,NA,NA,NA,3,0,NA,Ceres|Esos|RosmerTA,Ceres|Esos|RosmerTA,10,0,0,13,NA,M. intracellulare,NA,University of Washington Medical Center,NA,22,0,0,NA,NA,0,NA,0,NA,0,No Morphology,FALSE,FALSE,NA,0,FALSE,FALSE,FALSE,0,0,NA,NA
GD71,NA,NA,NA,NA,NA,NA,NA,NA,NA,NA,NA,NA,NA,NA,NA,0,NA,NA,NA,NA,"Boston, MA",NA,23,1,0.0435,NA,NA,0,ZoeJdel43-45,1,NA,0,No Morphology,FALSE,FALSE,NA,0,FALSE,TRUE,FALSE,0,0,NA,NA
GD72,TRUE,5206483,1,1,1,prophiGD72_1-1,49566,440410-489456,8,3,RM_I|RM_IIG,AbiAlpha|Armada|RM_Type_I|RM_Type_IIG|RosmerTA|VP1853|Wadjet,AbiAlpha|Armada_Type_II|N6_RM_Type_I|N6_RM_Type_IIG|RosmerTA|VP1853|Wadjet_I,9,1,2,17,NA,M. abscessus,abscessus,Santa Clara Valley Medical Center,USA,23,0,0,DCC5,HC,1,NA,0,NA,0,S,FALSE,FALSE,NA,0,FALSE,TRUE,FALSE,0,0,NA,NA
GD73,NA,NA,NA,NA,NA,NA,NA,NA,NA,NA,NA,NA,NA,NA,NA,0,NA,NA,NA,NA,"Kaiser Permanente, San Jose",USA,23,0,0,NA,NA,0,NA,0,NA,0,No Morphology,FALSE,TRUE,Muddy,1,TRUE,TRUE,FALSE,0,0,NA,NA
GD74,TRUE,6206135,1,0,0,NA,NA,NA,7,0,RM_IV,CBASS|Ceres|DRT-like_UG|DS-29|Esos|Thoeris,CBASS_II_Phospholipase|Ceres|DS-29|Esos|Thoeris_IV|UG33,15,1,1,22,NA,M. chimaera,NA,"Kaiser Permanente, San Jose",USA,23,0,0,NA,NA,0,NA,0,NA,0,No Morphology,FALSE,TRUE,Muddy,1,TRUE,TRUE,FALSE,0,0,NA,NA
GD75,TRUE,5106768,1,2,2,prophiGD75_7-1|prophiGD75_8-1,65732|54793,284930-350163|19328-73962,6,0,NA,AbiAlpha|Aristaios|CBASS|Dnd|Hna|Wadjet,AbiAlpha|Aristaios|CBASS_II_Phospholipase|Dnd_ABCDE|Hna|Wadjet_I,11,0,0,17,NA,M. abscessus,abscessus,Medical University of South Carolina,NA,27,6,0.2222,DCC1,HA|A1,2,BPsdel33HTH_HRM10|BPsdel33HTH_HRM-GD03|D29_HRM_GD40|phiGD57-1|phiGD20-1|Faith1,6,Itos,1,S,FALSE,FALSE,NA,0,FALSE,TRUE,TRUE,0,0,NA,NA
GD76A,NA,NA,NA,NA,NA,NA,NA,NA,NA,NA,NA,NA,NA,NA,NA,0,NA,NA,NA,NA,Miller Children’s and Women’s Hospital Long Beach,USA,27,0,0,NA,NA,0,NA,0,NA,0,R,FALSE,FALSE,NA,0,FALSE,TRUE,FALSE,0,0,NA,NA
GD76B,NA,NA,NA,NA,NA,NA,NA,NA,NA,NA,NA,NA,NA,NA,NA,0,NA,NA,NA,NA,Miller Children’s and Women’s Hospital Long Beach,USA,23,2,0.087,NA,NA,0,BPsdel33HTH_HRM10|BPsdel33HTH_HRM-GD03,2,Faith1,1,R,FALSE,FALSE,NA,0,FALSE,FALSE,TRUE,0,0,NA,NA
GD76C,NA,NA,NA,NA,NA,NA,NA,NA,NA,NA,NA,NA,NA,NA,NA,0,NA,NA,NA,NA,Miller Children’s and Women’s Hospital Long Beach,USA,27,0,0,NA,NA,0,NA,0,NA,0,S,FALSE,NA,NA,NA,NA,NA,FALSE,0,0,NA,NA
GD77,TRUE,5189108,1,3,3,prophiGD77_1-1|prophiGD77_11-1|prophiGD77_19-1,51351|55629|42110,200914-252117|123228-178730|82-41968,7,0,NA,AbiAlpha|Aristaios|CBASS|Dag|Dnd|Hna|Wadjet,AbiAlpha|Aristaios|CBASS_II_Phospholipase|Dag|Dnd_ABCDE|Hna|Wadjet_I,13,0,0,20,NA,M. abscessus,abscessus,Yale,USA,27,0,0,DCC1,HC|A1|HA,3,NA,0,NA,0,S,FALSE,FALSE,NA,0,FALSE,FALSE,FALSE,4,4,AbiAlpha|CBASS|Dag|Wadjet,spot_0|spot_3
GD78,TRUE,4877397,0,2,2,prophiGD78_2-1|prophiGD78_9-1,60552|48078,73147-133338|416-47961,5,2,RM_I|RM_IIG,AbiAlpha|RM_Type_I|RM_Type_IIG|Shedu|Wadjet,AbiAlpha|N6_RM_Type_I|N6_RM_Type_IIG|Shedu|Wadjet_I,12,1,2,17,NA,M. abscessus,massiliense,"Rady Children's Hospital, San Diego",USA,23,0,0,DCC3,IA|HO,2,NA,0,NA,0,S,FALSE,FALSE,NA,0,FALSE,FALSE,FALSE,1,1,RM_Type_I,spot_13
GD79,TRUE,4931669,0,1,1,prophiGD79_1-1,76148,2813099-2888138,4,0,NA,AbiAlpha|DpnI|Other_Type_IV|Wadjet,AbiAlpha|DpnI|Other_Type_IV|Wadjet_I,7,0,0,11,NA,M. abscessus,massiliense,"National Institutes of Health, Bethesda, MD",NA,23,7,0.3043,Non-DCC,HQ,1,BPsdel33HTH_HRM10|BPsdel33HTH_HRM-GD03|Muddy|Muddy_HRM-GD04|ZoeJdel43-45|phiGD21-1|Mufasa,7,NA,0,R,FALSE,TRUE,BPs|Muddy|ZoeJ,3,TRUE,TRUE,FALSE,0,0,NA,NA
GD80,TRUE,5221125,0,0,0,NA,NA,NA,3,1,RM_I,Ceres|Esos|RM_Type_I,Ceres|Esos|N6_RM_Type_I,15,1,1,18,NA,M. avium,NA,"Madrid, Spain",NA,13,0,0,NA,NA,0,NA,0,NA,0,No Morphology,FALSE,FALSE,NA,0,FALSE,FALSE,FALSE,0,0,NA,NA
GD81,TRUE,5173500,0,0,0,NA,NA,NA,6,1,RM_I,AbiAlpha|Aristaios|Dnd|Hna|RM_Type_I|Wadjet,AbiAlpha|Aristaios|Dnd_ABCDE|Hna|N6_RM_Type_I|Wadjet_I,12,1,1,18,NA,M. abscessus,abscessus,"Hartford HealthCare, CT",USA,23,2,0.087,DCC1,NA,0,Itos|Faith1,2,NA,0,S,FALSE,FALSE,NA,0,FALSE,TRUE,FALSE,3,4,AbiAlpha|Dnd|Hna|RM_Type_I,spot_32|spot_34
GD82,TRUE,5020550,0,2,2,prophiGD82-1|prophiGD82-2,49250|49524,3021192-4053528|4010703-4060079,6,2,RM_I|RM_IIG,AbiAlpha|CBASS|Other_Type_IV|RM_Type_I|RM_Type_IIG|Wadjet,AbiAlpha|CBASS_II_Phospholipase|N6_RM_Type_I|N6_RM_Type_IIG|Other_Type_IV|Wadjet_I,13,1,2,19,NA,M. abscessus,massiliense,"Johns Hopkins, MD",USA,23,5,0.2174,DCC7,HC|HC,1,BPsdel33HTH_HRM10|BPsdel33HTH_HRM-GD03|Muddy|Muddy_HRM-GD04|ZoeJdel43-45,5,NA,0,R,FALSE,TRUE,BPs|Muddy|ZoeJ,3,TRUE,TRUE,FALSE,3,3,AbiAlpha|Other_Type_IV|RM_Type_IIG,spot_14|spot_47
GD83,TRUE,5845233,0,0,0,NA,NA,NA,5,0,RM_IV,CBASS|Ceres|DS-29|Esos|SspBCDE,CBASS_II_Phospholipase|Ceres|DS-29|Esos|SspBCDE,14,1,1,19,NA,M. chimaera,NA,"Johns Hopkins, MD",USA,NA,NA,NA,NA,NA,0,NA,0,NA,0,No Morphology,FALSE,FALSE,NA,0,FALSE,FALSE,FALSE,0,0,NA,NA
GD84,TRUE,5096293,0,0,0,NA,NA,NA,6,0,NA,AbiAlpha|Aristaios|CBASS|Dnd|Hna|Wadjet,AbiAlpha|Aristaios|CBASS_II_Phospholipase|Dnd_ABCDE|Hna|Wadjet_I,12,0,0,18,NA,M. abscessus,abscessus,"UT Southwest Medical, Dallas, Texas",NA,22,2,0.0909,DCC1,NA,0,Itos|Faith1,2,NA,0,S,FALSE,FALSE,NA,0,FALSE,TRUE,FALSE,3,3,AbiAlpha|Aristaios|Hna,spot_32
GD85,TRUE,4957044,2,0,0,NA,NA,NA,18,6,RM_I|RM_II|RM_IIG,AbiAlpha|Armada|BREX|DRT|Dag|DpnI|McrBC|RM_Type_I|RM_Type_II|RM_Type_IIG|RloC|VP1853|Wadjet,AbiAlpha|Armada_Type_II|BREX_I|DRT9|Dag|DpnI|McrBC|N6_N4_RM_Type_II_HATPase|N6_RM_Type_I|N6_RM_Type_IIG|RloC|VP1853|Wadjet_I,14,1,5,32,NA,M. abscessus,abscessus,"Hacettepe University School of Medicine, Turkey",Turkey,22,0,0,DCC5,NA,0,NA,0,NA,0,S,FALSE,FALSE,NA,0,FALSE,FALSE,FALSE,6,10,BREX|DRT|Dag|RM_Type_I|RM_Type_IIG|RloC|VP1853,spot_60
GD86,TRUE,5204752,2,2,2,prophiGD86_11-1|prophiGD86_5-1,47085|78266,143391-190188|60083-135368,9,4,RM_I|RM_IIG,AbiAlpha|Armada|RM_Type_I|RM_Type_IIG|RloC|Thoeris|Wadjet,AbiAlpha|Armada_Type_II|N6_RM_Type_I|N6_RM_Type_IIG|RloC|Thoeris_VII|Wadjet_I,11,1,3,20,NA,M. abscessus,abscessus,"Hadassah Medical Center, Jerusalem, Israel",NA,22,2,0.0909,DCC2,HE|M,2,Muddy|Muddy_HRM-GD04,2,NA,0,R,FALSE,TRUE,Muddy,1,TRUE,TRUE,FALSE,2,4,Armada|RM_Type_IIG|Wadjet,NA
GD87,TRUE,5040914,1,0,0,NA,NA,NA,11,3,RM_II|RM_IIG,AbiAlpha|AbiU|Armada|RM_Type_II|RM_Type_IIG|RosmerTA|SEFIR|Thoeris|VP1853|Wadjet,AbiAlpha|AbiU|Armada_Type_II|DNA_met_RM_Type_II_HATPase|N6_RM_Type_IIG|RosmerTA|SEFIR|Thoeris_II|VP1853|Wadjet_I,13,2,2,24,NA,M. abscessus,abscessus,"Hadassah Medical Center, Jerusalem, Israel",NA,22,0,0,Non-DCC,NA,0,NA,0,NA,0,R,FALSE,FALSE,NA,0,FALSE,FALSE,FALSE,1,1,RM_Type_II,NA
GD88,TRUE,4789106,0,1,1,prophiGD88_13-1,66367,8887-74997,6,2,RM_II|RM_III,AbiAlpha|Avs|RM_Type_II|RM_Type_III|RloC|Wadjet,AbiAlpha|Avs4|DNA_met_RM_Type_II_PDDEXK|N6_N4_RM_Type_III|RloC|Wadjet_I,12,2,2,18,NA,M. abscessus,abscessus,"Hadassah Medical Center, Jerusalem, Israel",NA,22,0,0,DCC4,AD,1,NA,0,NA,0,R,FALSE,FALSE,NA,0,FALSE,FALSE,FALSE,1,2,RM_Type_III|RloC,NA
GD89A,TRUE,5067814,0,1,1,prophiGD89A-1,40500,484659-524552,5,0,NA,AbiAlpha|Aristaios|Dnd|Hna|Wadjet,AbiAlpha|Aristaios|Dnd_ABCDE|Hna|Wadjet_I,10,0,0,15,NA,M. abscessus,abscessus,"Hadassah Medical Center, Jerusalem, Israel",NA,25,5,0.2,DCC1,HB,1,Itos|D29_HRM_GD40|phiGD89A-1|Faith1|Faith1GD69,5,Gabriela,1,R,FALSE,NA,NA,NA,NA,NA,TRUE,1,1,AbiAlpha,spot_32
GD89B,TRUE,5009704,0,0,0,NA,NA,NA,5,0,NA,AbiAlpha|Aristaios|Dnd|Hna|Wadjet,AbiAlpha|Aristaios|Dnd_ABCDE|Hna|Wadjet_I,10,0,0,15,NA,M. abscessus,abscessus,"Hadassah Medical Center, Jerusalem, Israel",NA,25,7,0.28,DCC1,NA,0,BPsdel33HTH_HRM10|BPsdel33HTH_HRM-GD03|Itos|D29_HRM_GD40|phiGD89A-1|Faith1|Faith1GD69,7,Gabriela,1,R,FALSE,NA,NA,NA,NA,NA,TRUE,1,1,AbiAlpha,spot_32
GD90,TRUE,4821305,0,1,1,prophiGD90_14-1,60552,3476-63703,6,1,RM_I,AbiAlpha|Butters_gp57r|Dnd|RM_Type_I|Uzume|Wadjet,AbiAlpha|Butters_gp57r|Dnd_ABCDE|N6_RM_Type_I|Uzume|Wadjet_I,13,0,1,19,NA,M. abscessus,massiliense,"Hadassah Medical Center, Jerusalem, Israel",NA,22,0,0,DCC3,IA,1,NA,0,NA,0,S,FALSE,FALSE,NA,0,FALSE,FALSE,FALSE,4,4,AbiAlpha|Butters_gp57r|Dnd|RM_Type_I,spot_14|spot_30
GD91,TRUE,5312857,0,5,5,prophiGD91-1|prophiGD91-2|prophiGD91-3|prophiGD91-4|prophiGD91-5,64371|64208|58515|49767|45612,1495850-1878861|1820284-1884023|3720510-3778555|4267861-4317481|4808641-4854116,6,1,RM_IIG,AbiAlpha|Butters_gp57r|Kiwa|Other_Type_IV|RM_Type_IIG|Wadjet,AbiAlpha|Butters_gp57r|Kiwa|N6_RM_Type_IIG|Other_Type_IV|Wadjet_I,13,1,1,19,NA,M. abscessus,bolletii,University Hospital of Bordeaux,France,20,0,0,Non-DCC,IA|IA|HE|HC|HO,4,NA,0,NA,0,S,FALSE,FALSE,NA,0,FALSE,FALSE,FALSE,4,4,Butters_gp57r|Kiwa|Other_Type_IV|RM_Type_IIG,spot_48|spot_49|spot_70
GD92,TRUE,5024367,0,0,0,NA,NA,NA,11,3,RM_I|RM_IIG,AbiAlpha|Armada|Dag|PhiR47_GevAT|Phrann_gp29_gp30|RM_Type_I|RM_Type_IIG|RosmerTA|VP1853|Wadjet,AbiAlpha|Armada_Type_II|Dag|N6_RM_Type_I|N6_RM_Type_IIG|PhiR47_GevAT|Phrann_gp29_gp30|RosmerTA|VP1853|Wadjet_I,14,1,2,25,NA,M. abscessus,abscessus,Mayo Clinic-Florida,NA,22,0,0,DCC5,NA,0,NA,0,NA,0,R,FALSE,FALSE,NA,0,FALSE,FALSE,FALSE,3,3,Phrann_gp29_gp30|RM_Type_I|Wadjet,NA
GD93,NA,NA,NA,NA,NA,NA,NA,NA,NA,NA,NA,NA,NA,NA,NA,0,NA,NA,NA,NA,"Kaiser Permanente, San Jose",USA,24,0,0,NA,NA,0,NA,0,NA,0,S,FALSE,TRUE,Muddy,1,TRUE,TRUE,FALSE,0,0,NA,NA
GD94,TRUE,5206816,0,0,0,NA,NA,NA,4,1,RM_I,Ceres|Esos|RM_Type_I|Wadjet,Ceres|Esos|N6_RM_Type_I|Wadjet_II,10,1,1,14,NA,M. avium,NA,"Cincinnati Children's Hospital, OH",USA,24,0,0,NA,NA,0,NA,0,NA,0,No Morphology,FALSE,FALSE,NA,0,FALSE,FALSE,FALSE,0,0,NA,NA
GD95,TRUE,5111986,2,3,3,prophiGD95_1-1|prophiGD95_18-1|prophiGD95_26-1,42651|69202|54659,471822-514330|9338-77417|61-54413,10,2,RM_IIG,AbiAlpha|Armada|BREX|DRT|PD-T7-2|RM_Type_IIG|RloC|VP1853|Wadjet,AbiAlpha|Armada_Type_II|BREX_I|DRT9|N6_RM_Type_IIG|PD-T7-2|RloC|VP1853|Wadjet_I,15,1,1,25,NA,M. abscessus,abscessus,"Medical City Dallas Hospital, TX",USA,24,0,0,Non-DCC,HN|HB|HG,3,NA,0,Faith1|Faith1GD69,2,R,FALSE,FALSE,NA,0,FALSE,FALSE,TRUE,3,3,BREX|PD-T7-2|VP1853,NA
GD96,NA,NA,NA,NA,NA,NA,NA,NA,NA,NA,NA,NA,NA,NA,NA,0,NA,NA,NA,NA,"Alberta Health Services, Canada",NA,24,0,0,NA,NA,0,NA,0,NA,0,No Morphology,FALSE,FALSE,NA,0,FALSE,FALSE,FALSE,0,0,NA,NA
GD97,TRUE,4768258,0,0,0,NA,NA,NA,4,0,NA,AbiAlpha|McrBC|PD-Lambda-5|Wadjet,AbiAlpha|McrBC|PD-Lambda-5|Wadjet_I,7,0,0,11,NA,M. abscessus,abscessus,"Instituto Biofisika, Spain",NA,24,2,0.0833,DCC4,NA,0,Muddy|Muddy_HRM-GD04,2,NA,0,S,FALSE,FALSE,NA,0,FALSE,TRUE,FALSE,1,1,PD-Lambda-5,NA
GD98,TRUE,5313160,0,0,0,NA,NA,NA,2,0,NA,Ceres|Esos,Ceres|Esos,8,0,0,10,NA,M. avium,NA,"Instituto Biofisika, Spain",NA,24,0,0,NA,NA,0,NA,0,NA,0,S,FALSE,FALSE,NA,0,FALSE,FALSE,FALSE,0,0,NA,NA
GD99,TRUE,5409332,0,0,0,NA,NA,NA,3,0,RM_IV,BREX|Ceres|Esos,BREX_II|Ceres|Esos,10,1,1,13,NA,M. intracellulare,NA,"Instituto Biofisika, Spain",NA,23,0,0,NA,NA,0,NA,0,NA,0,S,FALSE,FALSE,NA,0,FALSE,FALSE,FALSE,0,0,NA,NA
GD01A,NA,NA,NA,0,0,NA,NA,NA,5,1,RM_I,AbiAlpha|CBASS|Other_Type_IV|RM_Type_I|Wadjet,AbiAlpha|CBASS_II_Phospholipase|N6_RM_Type_I|Other_Type_IV|Wadjet_I,11,0,1,16,NA,NA,NA,"Great Ormond Street Hospital, London",United Kingdom,NA,NA,NA,NA,NA,0,NA,NA,NA,NA,NA,NA,NA,NA,NA,TRUE,TRUE,NA,0,0,NA,NA
GD01B,TRUE,4889373,0,0,0,NA,NA,NA,5,1,RM_I,AbiAlpha|CBASS|Other_Type_IV|RM_Type_I|Wadjet,AbiAlpha|CBASS_II_Phospholipase|N6_RM_Type_I|Other_Type_IV|Wadjet_I,11,0,1,16,NA,M. abscessus,massiliense,"Great Ormond Street Hospital, London",United Kingdom,NA,NA,NA,DCC7,NA,0,NA,NA,NA,NA,NA,NA,NA,NA,NA,TRUE,TRUE,NA,2,2,AbiAlpha|Other_Type_IV,spot_14
GD232A,TRUE,4931766,0,2,2,prophiGD232A_1-1|prophiGD232A_1-2,60552|64402,73147-133338|707223-770069,3,1,RM_I,AbiAlpha|RM_Type_I|Wadjet,AbiAlpha|N6_RM_Type_I|Wadjet_I,8,0,1,11,NA,M. abscessus,massiliense,Sydney Children's Hospital- Randwick,NA,NA,NA,NA,DCC3,IA|A1,2,NA,NA,NA,NA,NA,NA,NA,NA,NA,NA,NA,NA,1,1,RM_Type_I,spot_13
GD232B,TRUE,4932543,0,2,2,prophiGD232B_1-1|prophiGD232B_1-2,60552|64402,1577287-1637478|2211369-2274215,3,1,RM_I,AbiAlpha|RM_Type_I|Wadjet,AbiAlpha|N6_RM_Type_I|Wadjet_I,8,0,1,11,NA,M. abscessus,massiliense,Sydney Children's Hospital- Randwick,NA,NA,NA,NA,DCC3,IA|A1,2,NA,NA,NA,NA,NA,NA,NA,NA,NA,NA,NA,NA,0,0,NA,NA
GD322A,TRUE,5235649,0,1,1,prophiGD322A_3-1,66040,172657-238440,4,1,RM_I,AbiAlpha|Other_Type_IV|RM_Type_I|Wadjet,AbiAlpha|N6_RM_Type_I|Other_Type_IV|Wadjet_I,8,1,1,12,NA,M. abscessus,massiliense,University of Montreal Health Centre,NA,NA,NA,NA,DCC6,AD,1,NA,NA,NA,NA,NA,NA,NA,NA,NA,NA,NA,NA,2,2,AbiAlpha|Other_Type_IV,spot_14
GD33,TRUE,5119129,1,1,1,prophiGD33_5-1,51076,169532-220042,7,1,RM_I,AbiAlpha|Hna|RM_Type_I|Shedu|Uzume|Wadjet,AbiAlpha|Hna|N6_RM_Type_I|Shedu|Uzume|Wadjet_I,10,1,1,17,NA,M. abscessus,abscessus,Spain,NA,NA,NA,NA,DCC5,HC,1,NA,NA,NA,NA,NA,NA,FALSE,NA,0,FALSE,FALSE,NA,1,2,Hna|Shedu,NA
GD418B,TRUE,4993635,0,2,2,prophiGD418B_1-1|prophiGD418B_7-1,54078|47754,909662-963272|15539-62549,5,1,RM_IIG,AbiAlpha|Avs|Gabija|RM_Type_IIG|Wadjet,AbiAlpha|Avs4|Gabija|N6_RM_Type_IIG|Wadjet_I,9,1,1,14,NA,M. abscessus,abscessus,"Montpellier, France",NA,NA,NA,NA,DCC4,HC|HO,2,NA,NA,NA,NA,NA,NA,NA,NA,NA,NA,NA,NA,3,3,Avs|Gabija|Wadjet,spot_15|spot_49
GD514A,TRUE,4985646,0,0,0,NA,NA,NA,5,2,RM_I,Ceres|Esos|MspJI|RM_Type_I,Ceres|Esos|MspJI|N6_RM_Type_I,11,2,2,16,NA,M. avium,NA,National Jewish Health,NA,NA,NA,NA,NA,NA,0,NA,NA,NA,NA,NA,NA,NA,NA,NA,NA,NA,NA,0,0,NA,NA
GD605G,TRUE,6420427,0,0,0,NA,NA,NA,12,3,RM_I|RM_IIG,AbiE|Aristaios|Armada|CapRel|Ceres|Charlie_gp32|RM_Type_I|RM_Type_IIG|SanaTA|Wadjet,AbiE|Aristaios|Armada_Type_I|CapRel|Ceres|Charlie_gp32|N6_RM_Type_I|N6_RM_Type_IIG|SanaTA|Wadjet_I,24,0,2,36,NA,M. avium,NA,Taiwan,Taiwan,NA,NA,NA,NA,NA,0,NA,NA,NA,NA,NA,NA,NA,NA,NA,NA,NA,NA,0,0,NA,NA